; ETCH: BRIAN-GILLIAN letter outlines
; generated by emitter.py
; SHALLOW ETCH PASS -- does not cut through, orientation/decorative mark only
; etch power/feed: 100% / 5000mm/min -- UNVERIFIED, scrap-test first (see laser_materials.yaml)
; 95 strokes
; chain order: nearest-safe (min separation = half each chain's own wiggle lead-in, 41.67mm) -- keeps consecutive laser-off/on events apart enough to avoid residual-heat bias, without a farthest-first travel penalty
; power mode: M3 (static); strokes simplified 0.05mm, min segment 0.3mm
; warmup: linear model, 1000ms = 83.33mm at F5000 (100% of the 1000ms full-power ramp) -- closed loops follow through past the start (laps until warm), open strokes ping-pong over themselves first
;
;HEAD: laser
;MATERIAL: plywood_veneer_3ply_3mm
;LASER_MODE: static  (M3 — dwell-burn-through risk if motion stalls)

$32=1   ; GRBL laser mode
G21     ; mm
G90     ; absolute
M5      ; laser off
G0 X0 Y0

; --- etch stroke 1 (loop) ---
G0 X55.170 Y81.820
M3 S1000
F5000
G1 X58.910 Y76.730
G1 X54.160 Y73.060
G1 X49.920 Y78.830
G1 X50.130 Y80.160
G1 X50.820 Y81.220
G1 X52.350 Y82.150
G1 X53.680 Y82.370
G1 X55.170 Y81.820
G1 X58.910 Y76.730
G1 X54.160 Y73.060
G1 X49.920 Y78.830
G1 X50.130 Y80.160
G1 X50.820 Y81.220
G1 X52.350 Y82.150
G1 X53.680 Y82.370
G1 X55.170 Y81.820
G1 X58.910 Y76.730
G1 X54.160 Y73.060
G1 X49.920 Y78.830
G1 X50.130 Y80.160
G1 X50.820 Y81.220
G1 X52.350 Y82.150
G1 X53.680 Y82.370
G1 X55.170 Y81.820
G1 X58.910 Y76.730
G1 X54.160 Y73.060
G1 X49.920 Y78.830
G1 X50.130 Y80.160
G1 X50.820 Y81.220
G1 X52.350 Y82.150
G1 X53.680 Y82.370
G1 X55.170 Y81.820
G1 X56.876 Y79.498
M5

; --- etch stroke 2 (loop) ---
G0 X95.670 Y61.710
M3 S1000
F5000
G1 X95.210 Y61.640
G1 X92.450 Y60.450
G1 X89.880 Y57.160
G1 X88.860 Y54.020
G1 X88.890 Y52.470
G1 X89.210 Y51.470
G1 X88.230 Y51.100
G1 X87.000 Y50.160
G1 X85.500 Y48.140
G1 X84.420 Y45.360
G1 X84.270 Y42.460
G1 X85.050 Y40.210
G1 X87.950 Y37.090
G1 X99.190 Y31.850
G1 X99.750 Y31.770
G1 X101.530 Y32.530
G1 X101.930 Y32.960
G1 X111.610 Y52.940
G1 X111.710 Y53.300
G1 X111.680 Y54.480
G1 X111.130 Y55.630
G1 X110.760 Y56.030
G1 X99.880 Y61.300
G1 X99.520 Y61.400
G1 X95.670 Y61.710
G1 X95.210 Y61.640
G1 X92.450 Y60.450
G1 X89.880 Y57.160
G1 X88.860 Y54.020
G1 X88.890 Y52.470
G1 X89.210 Y51.470
G1 X88.230 Y51.100
G1 X87.000 Y50.160
G1 X85.500 Y48.140
G1 X84.420 Y45.360
G1 X84.270 Y42.460
G1 X85.050 Y40.210
G1 X87.950 Y37.090
G1 X99.190 Y31.850
G1 X99.750 Y31.770
G1 X101.530 Y32.530
G1 X101.930 Y32.960
G1 X111.610 Y52.940
G1 X111.710 Y53.300
G1 X111.680 Y54.480
G1 X111.130 Y55.630
G1 X110.760 Y56.030
G1 X100.786 Y60.861
M5

; --- etch stroke 3 (loop) ---
G0 X56.140 Y83.600
M3 S1000
F5000
G1 X56.610 Y83.250
G1 X61.100 Y77.120
G1 X61.260 Y76.770
G1 X61.280 Y76.390
G1 X60.900 Y75.740
G1 X54.570 Y70.850
G1 X54.220 Y70.670
G1 X53.820 Y70.650
G1 X53.450 Y70.780
G1 X53.150 Y71.050
G1 X48.010 Y78.060
G1 X47.870 Y78.630
G1 X48.190 Y80.690
G1 X48.340 Y81.080
G1 X49.380 Y82.650
G1 X51.650 Y84.040
G1 X53.810 Y84.400
G1 X56.140 Y83.600
G1 X56.610 Y83.250
G1 X61.100 Y77.120
G1 X61.260 Y76.770
G1 X61.280 Y76.390
G1 X60.900 Y75.740
G1 X54.570 Y70.850
G1 X54.220 Y70.670
G1 X53.820 Y70.650
G1 X53.450 Y70.780
G1 X53.150 Y71.050
G1 X48.010 Y78.060
G1 X47.870 Y78.630
G1 X48.190 Y80.690
G1 X48.340 Y81.080
G1 X49.380 Y82.650
G1 X51.650 Y84.040
G1 X53.810 Y84.400
G1 X56.140 Y83.600
G1 X56.610 Y83.250
G1 X61.100 Y77.120
G1 X61.260 Y76.770
G1 X61.280 Y76.390
G1 X60.900 Y75.740
G1 X54.570 Y70.850
G1 X54.220 Y70.670
G1 X53.820 Y70.650
G1 X53.450 Y70.780
G1 X53.150 Y71.050
G1 X48.010 Y78.060
G1 X47.870 Y78.630
G1 X48.190 Y80.690
G1 X48.340 Y81.080
G1 X49.380 Y82.650
G1 X51.650 Y84.040
G1 X53.810 Y84.400
G1 X56.140 Y83.600
G1 X56.610 Y83.250
G1 X57.912 Y81.472
M5

; --- etch stroke 4 (loop) ---
G0 X95.750 Y59.690
M3 S1000
F5000
G1 X93.730 Y58.870
G1 X91.620 Y56.150
G1 X90.860 Y53.780
G1 X90.880 Y52.760
G1 X91.430 Y51.180
G1 X91.480 Y50.790
G1 X91.280 Y50.250
G1 X90.990 Y49.990
G1 X89.230 Y49.360
G1 X88.400 Y48.720
G1 X87.240 Y47.130
G1 X86.400 Y44.980
G1 X86.270 Y42.740
G1 X86.790 Y41.260
G1 X89.140 Y38.720
G1 X99.620 Y33.860
G1 X100.290 Y34.160
G1 X109.710 Y53.600
G1 X109.700 Y54.030
G1 X109.500 Y54.420
G1 X99.170 Y59.420
G1 X95.750 Y59.690
G1 X93.730 Y58.870
G1 X91.620 Y56.150
G1 X90.860 Y53.780
G1 X90.880 Y52.760
G1 X91.430 Y51.180
G1 X91.480 Y50.790
G1 X91.280 Y50.250
G1 X90.990 Y49.990
G1 X89.230 Y49.360
G1 X88.400 Y48.720
G1 X87.240 Y47.130
G1 X86.400 Y44.980
G1 X86.270 Y42.740
G1 X86.790 Y41.260
G1 X89.140 Y38.720
G1 X99.620 Y33.860
G1 X100.290 Y34.160
G1 X109.710 Y53.600
G1 X109.700 Y54.030
G1 X109.500 Y54.420
G1 X99.170 Y59.420
G1 X95.750 Y59.690
G1 X93.730 Y58.870
G1 X91.620 Y56.150
G1 X91.187 Y54.800
M5

; --- etch stroke 5 (loop) ---
G0 X145.000 Y41.340
M3 S1000
F5000
G1 X143.800 Y40.010
G1 X139.870 Y36.480
G1 X139.200 Y35.690
G1 X138.710 Y34.920
G1 X138.350 Y33.810
G1 X138.350 Y33.130
G1 X138.540 Y32.460
G1 X139.120 Y31.580
G1 X140.010 Y30.960
G1 X140.680 Y30.730
G1 X141.360 Y30.670
G1 X142.010 Y30.780
G1 X142.590 Y31.030
G1 X143.090 Y31.400
G1 X143.630 Y32.070
G1 X143.920 Y32.680
G1 X144.050 Y33.280
G1 X144.250 Y33.620
G1 X144.570 Y33.860
G1 X145.340 Y33.900
G1 X145.750 Y33.620
G1 X145.950 Y33.280
G1 X146.240 Y32.280
G1 X146.530 Y31.830
G1 X147.160 Y31.200
G1 X147.990 Y30.780
G1 X148.970 Y30.680
G1 X149.990 Y30.960
G1 X150.880 Y31.580
G1 X151.460 Y32.460
G1 X151.650 Y33.130
G1 X151.650 Y33.810
G1 X151.290 Y34.920
G1 X150.800 Y35.690
G1 X150.130 Y36.480
G1 X149.300 Y37.280
G1 X146.200 Y40.010
G1 X145.000 Y41.340
G1 X143.800 Y40.010
G1 X139.870 Y36.480
G1 X139.200 Y35.690
G1 X138.710 Y34.920
G1 X138.350 Y33.810
G1 X138.350 Y33.130
G1 X138.540 Y32.460
G1 X139.120 Y31.580
G1 X140.010 Y30.960
G1 X140.680 Y30.730
G1 X141.360 Y30.670
G1 X142.010 Y30.780
G1 X142.590 Y31.030
G1 X143.090 Y31.400
G1 X143.630 Y32.070
G1 X143.920 Y32.680
G1 X144.050 Y33.280
G1 X144.250 Y33.620
G1 X144.570 Y33.860
G1 X145.340 Y33.900
G1 X145.750 Y33.620
G1 X145.950 Y33.280
G1 X146.240 Y32.280
G1 X146.530 Y31.830
G1 X147.160 Y31.200
G1 X147.990 Y30.780
G1 X148.970 Y30.680
G1 X149.990 Y30.960
G1 X150.880 Y31.580
G1 X151.460 Y32.460
G1 X151.650 Y33.130
G1 X151.650 Y33.810
G1 X151.290 Y34.920
G1 X150.800 Y35.690
G1 X150.130 Y36.480
G1 X149.300 Y37.280
G1 X146.200 Y40.010
G1 X145.000 Y41.340
G1 X143.800 Y40.010
G1 X139.870 Y36.480
G1 X139.200 Y35.690
G1 X138.710 Y34.920
G1 X138.350 Y33.810
G1 X138.350 Y33.130
G1 X138.540 Y32.460
G1 X139.120 Y31.580
G1 X140.010 Y30.960
G1 X140.680 Y30.730
G1 X141.360 Y30.670
G1 X142.010 Y30.780
G1 X142.590 Y31.030
G1 X143.090 Y31.400
G1 X143.630 Y32.070
G1 X143.920 Y32.680
G1 X144.050 Y33.280
G1 X144.250 Y33.620
G1 X144.570 Y33.860
G1 X145.340 Y33.900
G1 X145.750 Y33.620
G1 X145.950 Y33.280
G1 X146.240 Y32.280
G1 X146.530 Y31.830
G1 X147.160 Y31.200
G1 X147.990 Y30.780
G1 X148.970 Y30.680
G1 X149.990 Y30.960
G1 X150.880 Y31.580
G1 X151.460 Y32.460
G1 X151.650 Y33.130
G1 X151.650 Y33.810
G1 X151.290 Y34.920
G1 X150.800 Y35.690
G1 X150.130 Y36.480
G1 X149.300 Y37.280
G1 X146.200 Y40.010
G1 X145.000 Y41.340
G1 X143.800 Y40.010
G1 X143.784 Y39.996
M5

; --- etch stroke 6 (loop) ---
G0 X97.210 Y53.890
M3 S1000
F5000
G1 X97.790 Y54.530
G1 X99.110 Y54.790
G1 X103.940 Y52.630
G1 X102.400 Y49.150
G1 X97.970 Y51.120
G1 X97.200 Y51.810
G1 X96.910 Y52.620
G1 X97.210 Y53.890
G1 X97.790 Y54.530
G1 X99.110 Y54.790
G1 X103.940 Y52.630
G1 X102.400 Y49.150
G1 X97.970 Y51.120
G1 X97.200 Y51.810
G1 X96.910 Y52.620
G1 X97.210 Y53.890
G1 X97.790 Y54.530
G1 X99.110 Y54.790
G1 X103.940 Y52.630
G1 X102.400 Y49.150
G1 X97.970 Y51.120
G1 X97.200 Y51.810
G1 X96.910 Y52.620
G1 X97.210 Y53.890
G1 X97.790 Y54.530
G1 X99.110 Y54.790
G1 X103.940 Y52.630
G1 X102.400 Y49.150
G1 X97.970 Y51.120
G1 X97.200 Y51.810
G1 X96.910 Y52.620
G1 X97.210 Y53.890
G1 X97.790 Y54.530
G1 X99.110 Y54.790
G1 X103.940 Y52.630
G1 X102.400 Y49.150
G1 X97.970 Y51.120
G1 X97.200 Y51.810
G1 X96.910 Y52.620
G1 X97.210 Y53.890
G1 X97.790 Y54.530
G1 X99.110 Y54.790
G1 X102.499 Y53.275
M5

; --- etch stroke 7 (loop) ---
G0 X145.000 Y30.540
M3 S1000
F5000
G1 X145.530 Y29.950
G1 X146.340 Y29.340
G1 X147.490 Y28.840
G1 X148.490 Y28.680
G1 X149.080 Y28.680
G1 X150.360 Y28.940
G1 X151.320 Y29.400
G1 X151.920 Y29.820
G1 X152.680 Y30.620
G1 X153.040 Y31.140
G1 X153.340 Y31.760
G1 X153.620 Y32.780
G1 X153.670 Y33.400
G1 X153.620 Y34.140
G1 X153.340 Y35.200
G1 X153.050 Y35.870
G1 X152.420 Y36.860
G1 X151.560 Y37.880
G1 X150.650 Y38.770
G1 X147.280 Y41.770
G1 X146.220 Y43.090
G1 X145.800 Y44.120
G1 X145.420 Y44.420
G1 X145.050 Y44.510
G1 X144.580 Y44.420
G1 X144.200 Y44.120
G1 X143.780 Y43.090
G1 X143.010 Y42.080
G1 X142.030 Y41.100
G1 X138.870 Y38.310
G1 X137.580 Y36.860
G1 X136.950 Y35.870
G1 X136.700 Y35.310
G1 X136.380 Y34.140
G1 X136.330 Y33.520
G1 X136.380 Y32.780
G1 X136.660 Y31.760
G1 X136.960 Y31.140
G1 X137.320 Y30.620
G1 X138.080 Y29.820
G1 X138.680 Y29.400
G1 X139.640 Y28.940
G1 X140.920 Y28.680
G1 X141.510 Y28.680
G1 X142.510 Y28.840
G1 X143.660 Y29.340
G1 X144.470 Y29.950
G1 X145.000 Y30.540
G1 X145.530 Y29.950
G1 X146.340 Y29.340
G1 X147.490 Y28.840
G1 X148.490 Y28.680
G1 X149.080 Y28.680
G1 X150.360 Y28.940
G1 X151.320 Y29.400
G1 X151.920 Y29.820
G1 X152.680 Y30.620
G1 X153.040 Y31.140
G1 X153.340 Y31.760
G1 X153.620 Y32.780
G1 X153.670 Y33.400
G1 X153.620 Y34.140
G1 X153.340 Y35.200
G1 X153.050 Y35.870
G1 X152.420 Y36.860
G1 X151.560 Y37.880
G1 X150.650 Y38.770
G1 X147.280 Y41.770
G1 X146.220 Y43.090
G1 X145.800 Y44.120
G1 X145.420 Y44.420
G1 X145.050 Y44.510
G1 X144.580 Y44.420
G1 X144.200 Y44.120
G1 X143.780 Y43.090
G1 X143.010 Y42.080
G1 X142.030 Y41.100
G1 X138.870 Y38.310
G1 X137.580 Y36.860
G1 X136.950 Y35.870
G1 X136.700 Y35.310
G1 X136.380 Y34.140
G1 X136.330 Y33.520
G1 X136.380 Y32.780
G1 X136.660 Y31.760
G1 X136.960 Y31.140
G1 X137.320 Y30.620
G1 X138.080 Y29.820
G1 X138.680 Y29.400
G1 X139.640 Y28.940
G1 X140.920 Y28.680
G1 X141.510 Y28.680
G1 X142.510 Y28.840
G1 X143.660 Y29.340
G1 X144.470 Y29.950
G1 X145.000 Y30.540
G1 X145.530 Y29.950
G1 X146.340 Y29.340
G1 X147.490 Y28.840
G1 X148.490 Y28.680
G1 X149.080 Y28.680
G1 X150.360 Y28.940
G1 X151.320 Y29.400
G1 X151.920 Y29.820
G1 X152.680 Y30.620
G1 X153.040 Y31.140
G1 X153.340 Y31.760
G1 X153.620 Y32.780
G1 X153.670 Y33.400
G1 X153.620 Y34.140
G1 X153.340 Y35.200
G1 X153.050 Y35.870
G1 X152.420 Y36.860
G1 X151.560 Y37.880
G1 X150.650 Y38.770
G1 X147.280 Y41.770
G1 X146.220 Y43.090
G1 X145.800 Y44.120
G1 X145.420 Y44.420
G1 X145.050 Y44.510
G1 X144.580 Y44.420
G1 X144.200 Y44.120
G1 X143.780 Y43.090
G1 X143.010 Y42.080
G1 X142.526 Y41.596
M5

; --- etch stroke 8 (loop) ---
G0 X93.890 Y44.990
M3 S1000
F5000
G1 X94.930 Y44.810
G1 X99.120 Y42.780
G1 X97.380 Y39.180
G1 X93.350 Y41.130
G1 X92.430 Y41.900
G1 X92.110 Y43.080
G1 X92.460 Y44.110
G1 X93.020 Y44.680
G1 X93.890 Y44.990
G1 X94.930 Y44.810
G1 X99.120 Y42.780
G1 X97.380 Y39.180
G1 X93.350 Y41.130
G1 X92.430 Y41.900
G1 X92.110 Y43.080
G1 X92.460 Y44.110
G1 X93.020 Y44.680
G1 X93.890 Y44.990
G1 X94.930 Y44.810
G1 X99.120 Y42.780
G1 X97.380 Y39.180
G1 X93.350 Y41.130
G1 X92.430 Y41.900
G1 X92.110 Y43.080
G1 X92.460 Y44.110
G1 X93.020 Y44.680
G1 X93.890 Y44.990
G1 X94.930 Y44.810
G1 X99.120 Y42.780
G1 X97.380 Y39.180
G1 X93.350 Y41.130
G1 X92.430 Y41.900
G1 X92.110 Y43.080
G1 X92.460 Y44.110
G1 X93.020 Y44.680
G1 X93.890 Y44.990
G1 X94.930 Y44.810
G1 X99.120 Y42.780
G1 X97.380 Y39.180
G1 X93.350 Y41.130
G1 X92.430 Y41.900
G1 X92.110 Y43.080
G1 X92.460 Y44.110
G1 X93.020 Y44.680
G1 X93.890 Y44.990
G1 X94.930 Y44.810
G1 X99.069 Y42.805
M5

; --- etch stroke 9 (loop) ---
G0 X70.150 Y82.280
M3 S1000
F5000
G1 X63.770 Y77.840
G1 X63.420 Y77.680
G1 X62.760 Y77.760
G1 X62.450 Y77.990
G1 X58.600 Y83.230
G1 X57.860 Y84.600
G1 X57.740 Y84.980
G1 X57.760 Y87.080
G1 X57.830 Y87.450
G1 X58.390 Y88.490
G1 X61.020 Y90.680
G1 X61.990 Y92.410
G1 X62.030 Y94.060
G1 X60.880 Y95.400
G1 X60.110 Y95.000
G1 X59.690 Y93.020
G1 X59.540 Y92.670
G1 X56.520 Y89.690
G1 X55.770 Y87.890
G1 X55.690 Y86.590
G1 X55.410 Y86.100
G1 X55.080 Y85.900
G1 X54.710 Y85.830
G1 X52.100 Y86.360
G1 X49.130 Y85.690
G1 X46.840 Y83.790
G1 X45.630 Y81.600
G1 X45.350 Y79.720
G1 X45.840 Y77.300
G1 X53.000 Y67.530
G1 X54.010 Y67.460
G1 X71.400 Y80.460
G1 X71.390 Y81.350
G1 X70.690 Y82.300
G1 X70.150 Y82.280
G1 X63.770 Y77.840
G1 X63.420 Y77.680
G1 X62.760 Y77.760
G1 X62.450 Y77.990
G1 X58.600 Y83.230
G1 X57.860 Y84.600
G1 X57.740 Y84.980
G1 X57.760 Y87.080
G1 X57.830 Y87.450
G1 X58.390 Y88.490
G1 X61.020 Y90.680
G1 X61.990 Y92.410
G1 X62.030 Y94.060
G1 X60.880 Y95.400
G1 X60.110 Y95.000
G1 X59.690 Y93.020
G1 X59.540 Y92.670
G1 X56.520 Y89.690
G1 X55.770 Y87.890
G1 X55.690 Y86.590
G1 X55.410 Y86.100
G1 X55.080 Y85.900
G1 X54.710 Y85.830
G1 X52.100 Y86.360
G1 X49.130 Y85.690
G1 X46.840 Y83.790
G1 X45.630 Y81.600
G1 X45.350 Y79.720
G1 X45.840 Y77.300
G1 X53.000 Y67.530
G1 X54.010 Y67.460
G1 X63.951 Y74.892
M5

; --- etch stroke 10 (loop) ---
G0 X93.480 Y46.960
M3 S1000
F5000
G1 X93.980 Y47.010
G1 X95.590 Y46.710
G1 X100.900 Y44.140
G1 X101.210 Y43.900
G1 X101.460 Y43.180
G1 X101.360 Y42.800
G1 X98.740 Y37.400
G1 X98.500 Y37.090
G1 X97.880 Y36.840
G1 X97.490 Y36.900
G1 X92.360 Y39.380
G1 X90.820 Y40.640
G1 X90.600 Y40.990
G1 X90.070 Y43.150
G1 X90.640 Y44.970
G1 X90.870 Y45.350
G1 X91.890 Y46.370
G1 X93.480 Y46.960
G1 X93.980 Y47.010
G1 X95.590 Y46.710
G1 X100.900 Y44.140
G1 X101.210 Y43.900
G1 X101.460 Y43.180
G1 X101.360 Y42.800
G1 X98.740 Y37.400
G1 X98.500 Y37.090
G1 X97.880 Y36.840
G1 X97.490 Y36.900
G1 X92.360 Y39.380
G1 X90.820 Y40.640
G1 X90.600 Y40.990
G1 X90.070 Y43.150
G1 X90.640 Y44.970
G1 X90.870 Y45.350
G1 X91.890 Y46.370
G1 X93.480 Y46.960
G1 X93.980 Y47.010
G1 X95.590 Y46.710
G1 X100.900 Y44.140
G1 X101.210 Y43.900
G1 X101.460 Y43.180
G1 X101.360 Y42.800
G1 X98.740 Y37.400
G1 X98.500 Y37.090
G1 X97.880 Y36.840
G1 X97.490 Y36.900
G1 X92.360 Y39.380
G1 X90.820 Y40.640
G1 X90.600 Y40.990
G1 X90.070 Y43.150
G1 X90.640 Y44.970
G1 X90.870 Y45.350
G1 X91.890 Y46.370
G1 X93.480 Y46.960
G1 X93.980 Y47.010
G1 X95.590 Y46.710
G1 X100.900 Y44.140
G1 X101.210 Y43.900
G1 X101.460 Y43.180
G1 X101.360 Y42.800
G1 X98.740 Y37.400
G1 X98.500 Y37.090
G1 X97.880 Y36.840
G1 X97.490 Y36.900
G1 X96.975 Y37.149
M5

; --- etch stroke 11 (loop) ---
G0 X69.590 Y84.220
M3 S1000
F5000
G1 X69.190 Y84.050
G1 X63.430 Y80.040
G1 X60.260 Y84.350
G1 X59.740 Y85.320
G1 X59.760 Y86.820
G1 X59.960 Y87.220
G1 X62.570 Y89.390
G1 X63.850 Y91.650
G1 X63.980 Y92.110
G1 X64.040 Y94.500
G1 X63.800 Y95.070
G1 X61.890 Y97.240
G1 X61.350 Y97.400
G1 X60.260 Y97.410
G1 X58.400 Y96.170
G1 X58.230 Y95.790
G1 X57.790 Y93.730
G1 X54.850 Y90.820
G1 X53.860 Y88.500
G1 X53.780 Y88.050
G1 X52.080 Y88.380
G1 X48.280 Y87.530
G1 X45.290 Y85.080
G1 X43.760 Y82.340
G1 X43.330 Y79.680
G1 X43.920 Y76.690
G1 X44.090 Y76.300
G1 X51.720 Y65.900
G1 X52.030 Y65.670
G1 X54.540 Y65.460
G1 X54.910 Y65.630
G1 X73.210 Y79.360
G1 X73.410 Y79.880
G1 X73.370 Y81.900
G1 X73.250 Y82.190
G1 X72.120 Y83.720
G1 X71.760 Y84.030
G1 X70.800 Y84.370
G1 X69.590 Y84.220
G1 X69.190 Y84.050
G1 X63.430 Y80.040
G1 X60.260 Y84.350
G1 X59.740 Y85.320
G1 X59.760 Y86.820
G1 X59.960 Y87.220
G1 X62.570 Y89.390
G1 X63.850 Y91.650
G1 X63.980 Y92.110
G1 X64.040 Y94.500
G1 X63.800 Y95.070
G1 X61.890 Y97.240
G1 X61.350 Y97.400
G1 X60.260 Y97.410
G1 X58.400 Y96.170
G1 X58.230 Y95.790
G1 X57.790 Y93.730
G1 X54.850 Y90.820
G1 X53.860 Y88.500
G1 X53.780 Y88.050
G1 X52.080 Y88.380
G1 X48.280 Y87.530
G1 X45.290 Y85.080
G1 X43.760 Y82.340
G1 X43.330 Y79.680
G1 X43.920 Y76.690
G1 X44.090 Y76.300
G1 X51.720 Y65.900
G1 X52.030 Y65.670
G1 X54.540 Y65.460
G1 X54.910 Y65.630
G1 X60.171 Y69.577
M5

; --- etch stroke 12 (loop) ---
G0 X91.570 Y131.790
M3 S1000
F5000
G1 X91.530 Y131.200
G1 X91.850 Y130.230
G1 X92.370 Y129.670
G1 X92.830 Y129.500
G1 X94.270 Y129.500
G1 X94.640 Y129.620
G1 X95.450 Y130.430
G1 X96.350 Y132.500
G1 X100.350 Y132.500
G1 X100.730 Y131.700
G1 X101.300 Y130.340
G1 X101.820 Y129.790
G1 X102.240 Y129.540
G1 X104.060 Y129.540
G1 X104.480 Y129.790
G1 X104.800 Y130.140
G1 X105.090 Y130.810
G1 X105.170 Y131.200
G1 X105.090 Y132.190
G1 X104.730 Y132.890
G1 X104.610 Y133.370
G1 X104.130 Y134.290
G1 X104.010 Y134.770
G1 X103.530 Y135.690
G1 X103.490 Y135.990
G1 X103.130 Y136.690
G1 X103.090 Y136.990
G1 X102.530 Y138.090
G1 X102.490 Y138.390
G1 X101.930 Y139.490
G1 X101.890 Y139.790
G1 X101.330 Y140.890
G1 X101.290 Y141.190
G1 X100.730 Y142.290
G1 X100.690 Y142.590
G1 X100.160 Y143.660
G1 X99.890 Y143.930
G1 X99.260 Y144.260
G1 X98.660 Y144.460
G1 X98.230 Y144.500
G1 X97.260 Y144.180
G1 X96.810 Y143.930
G1 X96.540 Y143.660
G1 X96.010 Y142.590
G1 X95.970 Y142.290
G1 X95.410 Y141.190
G1 X95.370 Y140.890
G1 X94.810 Y139.790
G1 X94.770 Y139.490
G1 X94.210 Y138.390
G1 X94.170 Y138.090
G1 X93.610 Y136.990
G1 X93.570 Y136.690
G1 X93.210 Y135.990
G1 X93.170 Y135.690
G1 X92.610 Y134.590
G1 X92.570 Y134.290
G1 X92.010 Y133.190
G1 X91.970 Y132.890
G1 X91.610 Y132.190
G1 X91.570 Y131.790
G1 X91.530 Y131.200
G1 X91.850 Y130.230
G1 X92.370 Y129.670
G1 X92.830 Y129.500
G1 X94.270 Y129.500
G1 X94.640 Y129.620
G1 X95.450 Y130.430
G1 X96.350 Y132.500
G1 X100.350 Y132.500
G1 X100.730 Y131.700
G1 X101.300 Y130.340
G1 X101.820 Y129.790
G1 X102.240 Y129.540
G1 X104.060 Y129.540
G1 X104.480 Y129.790
G1 X104.800 Y130.140
G1 X105.090 Y130.810
G1 X105.170 Y131.200
G1 X105.090 Y132.190
G1 X104.730 Y132.890
G1 X104.610 Y133.370
G1 X104.130 Y134.290
G1 X104.010 Y134.770
G1 X103.530 Y135.690
G1 X103.490 Y135.990
G1 X103.130 Y136.690
G1 X103.090 Y136.990
G1 X102.530 Y138.090
G1 X102.490 Y138.390
G1 X101.930 Y139.490
G1 X101.890 Y139.790
G1 X101.330 Y140.890
G1 X101.290 Y141.190
G1 X100.730 Y142.290
G1 X100.690 Y142.590
G1 X100.160 Y143.660
G1 X99.890 Y143.930
G1 X99.260 Y144.260
G1 X98.660 Y144.460
G1 X98.230 Y144.500
G1 X97.260 Y144.180
G1 X96.810 Y143.930
G1 X96.540 Y143.660
G1 X96.010 Y142.590
G1 X95.970 Y142.290
G1 X95.410 Y141.190
G1 X95.370 Y140.890
G1 X94.810 Y139.790
G1 X94.770 Y139.490
G1 X94.210 Y138.390
G1 X94.170 Y138.090
G1 X93.610 Y136.990
G1 X93.570 Y136.690
G1 X93.210 Y135.990
G1 X93.170 Y135.690
G1 X92.610 Y134.590
G1 X92.570 Y134.290
G1 X92.010 Y133.190
G1 X91.970 Y132.890
G1 X91.610 Y132.190
G1 X91.570 Y131.790
G1 X91.530 Y131.200
G1 X91.850 Y130.230
G1 X92.370 Y129.670
G1 X92.830 Y129.500
G1 X94.270 Y129.500
G1 X94.640 Y129.620
G1 X95.450 Y130.430
G1 X96.350 Y132.500
G1 X100.350 Y132.500
G1 X100.730 Y131.700
G1 X101.300 Y130.340
G1 X101.820 Y129.790
G1 X102.240 Y129.540
G1 X104.060 Y129.540
G1 X104.480 Y129.790
G1 X104.800 Y130.140
G1 X105.090 Y130.810
G1 X105.170 Y131.200
G1 X105.090 Y132.190
G1 X104.730 Y132.890
G1 X104.610 Y133.370
G1 X104.130 Y134.290
G1 X104.010 Y134.770
G1 X103.530 Y135.690
G1 X103.490 Y135.990
G1 X103.130 Y136.690
G1 X103.090 Y136.990
G1 X102.530 Y138.090
G1 X102.490 Y138.390
G1 X101.930 Y139.490
G1 X101.890 Y139.790
G1 X101.330 Y140.890
G1 X101.290 Y141.190
G1 X100.730 Y142.290
G1 X100.690 Y142.590
G1 X100.218 Y143.542
M5

; --- etch stroke 13 (loop) ---
G0 X137.940 Y137.300
M3 S1000
F5000
G1 X137.940 Y136.490
G1 X138.140 Y136.000
G1 X138.140 Y135.490
G1 X138.300 Y135.190
G1 X138.340 Y134.890
G1 X138.910 Y133.750
G1 X139.170 Y133.460
G1 X139.310 Y133.150
G1 X139.990 Y132.470
G1 X140.700 Y132.130
G1 X140.990 Y131.870
G1 X142.540 Y131.300
G1 X145.150 Y131.300
G1 X146.050 Y131.660
G1 X146.350 Y131.700
G1 X147.120 Y132.070
G1 X147.340 Y132.290
G1 X147.340 Y136.300
G1 X145.840 Y136.300
G1 X146.300 Y136.130
G1 X146.650 Y135.810
G1 X146.940 Y135.200
G1 X146.940 Y132.800
G1 X146.820 Y132.430
G1 X146.300 Y131.870
G1 X145.440 Y131.500
G1 X142.640 Y131.500
G1 X141.850 Y131.740
G1 X141.180 Y132.070
G1 X140.430 Y132.590
G1 X139.630 Y133.390
G1 X139.110 Y134.140
G1 X138.780 Y134.810
G1 X138.560 Y135.500
G1 X138.540 Y135.900
G1 X138.340 Y136.400
G1 X138.340 Y137.400
G1 X138.540 Y137.890
G1 X138.580 Y138.390
G1 X138.860 Y139.170
G1 X139.510 Y140.260
G1 X140.580 Y141.330
G1 X141.670 Y141.980
G1 X142.640 Y142.300
G1 X145.040 Y142.300
G1 X146.140 Y141.900
G1 X146.540 Y141.900
G1 X145.450 Y142.340
G1 X145.150 Y142.500
G1 X142.540 Y142.500
G1 X140.990 Y141.930
G1 X140.700 Y141.670
G1 X139.790 Y141.130
G1 X139.310 Y140.650
G1 X139.170 Y140.340
G1 X138.910 Y140.050
G1 X138.340 Y138.900
G1 X138.140 Y138.300
G1 X138.100 Y137.610
G1 X137.940 Y137.300
G1 X137.940 Y136.490
G1 X138.140 Y136.000
G1 X138.140 Y135.490
G1 X138.300 Y135.190
G1 X138.340 Y134.890
G1 X138.910 Y133.750
G1 X139.170 Y133.460
G1 X139.310 Y133.150
G1 X139.990 Y132.470
G1 X140.700 Y132.130
G1 X140.990 Y131.870
G1 X142.540 Y131.300
G1 X145.150 Y131.300
G1 X146.050 Y131.660
G1 X146.350 Y131.700
G1 X147.120 Y132.070
G1 X147.340 Y132.290
G1 X147.340 Y136.300
G1 X145.840 Y136.300
G1 X146.300 Y136.130
G1 X146.650 Y135.810
G1 X146.940 Y135.200
G1 X146.940 Y132.800
G1 X146.820 Y132.430
G1 X146.300 Y131.870
G1 X145.440 Y131.500
G1 X142.640 Y131.500
G1 X141.850 Y131.740
G1 X141.180 Y132.070
G1 X140.430 Y132.590
G1 X139.630 Y133.390
G1 X139.110 Y134.140
G1 X138.780 Y134.810
G1 X138.560 Y135.500
G1 X138.540 Y135.900
G1 X138.340 Y136.400
G1 X138.340 Y137.400
G1 X138.540 Y137.890
G1 X138.580 Y138.390
G1 X138.860 Y139.170
G1 X139.510 Y140.260
G1 X140.580 Y141.330
G1 X141.670 Y141.980
G1 X142.640 Y142.300
G1 X145.040 Y142.300
G1 X146.140 Y141.900
G1 X146.540 Y141.900
G1 X145.450 Y142.340
G1 X145.150 Y142.500
G1 X142.540 Y142.500
G1 X140.990 Y141.930
G1 X140.700 Y141.670
G1 X139.790 Y141.130
G1 X139.310 Y140.650
G1 X139.170 Y140.340
G1 X138.910 Y140.050
G1 X138.340 Y138.900
G1 X138.140 Y138.300
G1 X138.100 Y137.610
G1 X137.940 Y137.300
G1 X137.940 Y136.490
G1 X138.140 Y136.000
G1 X138.140 Y135.490
G1 X138.300 Y135.190
G1 X138.340 Y134.890
G1 X138.910 Y133.750
G1 X139.170 Y133.460
G1 X139.310 Y133.150
G1 X139.990 Y132.470
G1 X140.700 Y132.130
G1 X140.990 Y131.870
G1 X142.540 Y131.300
G1 X145.150 Y131.300
G1 X146.050 Y131.660
G1 X146.350 Y131.700
G1 X147.120 Y132.070
G1 X147.340 Y132.290
G1 X147.340 Y136.300
G1 X145.840 Y136.300
G1 X146.300 Y136.130
G1 X146.650 Y135.810
G1 X146.940 Y135.200
G1 X146.940 Y132.800
G1 X146.820 Y132.430
G1 X146.300 Y131.870
G1 X145.440 Y131.500
G1 X145.283 Y131.500
M5

; --- etch stroke 14 (loop) ---
G0 X99.950 Y156.700
M3 S1000
F5000
G1 X102.930 Y156.700
G1 X103.180 Y156.450
G1 X103.350 Y156.100
G1 X103.350 Y155.490
G1 X103.190 Y155.190
G1 X102.900 Y154.670
G1 X102.560 Y154.500
G1 X99.950 Y154.500
G1 X99.950 Y156.700
G1 X102.930 Y156.700
G1 X103.180 Y156.450
G1 X103.350 Y156.100
G1 X103.350 Y155.490
G1 X103.190 Y155.190
G1 X102.900 Y154.670
G1 X102.560 Y154.500
G1 X99.950 Y154.500
G1 X99.950 Y156.700
G1 X102.930 Y156.700
G1 X103.180 Y156.450
G1 X103.350 Y156.100
G1 X103.350 Y155.490
G1 X103.190 Y155.190
G1 X102.900 Y154.670
G1 X102.560 Y154.500
G1 X99.950 Y154.500
G1 X99.950 Y156.700
G1 X102.930 Y156.700
G1 X103.180 Y156.450
G1 X103.350 Y156.100
G1 X103.350 Y155.490
G1 X103.190 Y155.190
G1 X102.900 Y154.670
G1 X102.560 Y154.500
G1 X99.950 Y154.500
G1 X99.950 Y156.700
G1 X102.930 Y156.700
G1 X103.180 Y156.450
G1 X103.350 Y156.100
G1 X103.350 Y155.490
G1 X103.190 Y155.190
G1 X102.900 Y154.670
G1 X102.560 Y154.500
G1 X99.950 Y154.500
G1 X99.950 Y156.700
G1 X102.930 Y156.700
G1 X103.180 Y156.450
G1 X103.350 Y156.100
G1 X103.350 Y155.490
G1 X103.190 Y155.190
G1 X102.900 Y154.670
G1 X102.560 Y154.500
G1 X99.950 Y154.500
G1 X99.950 Y156.700
G1 X102.930 Y156.700
G1 X103.180 Y156.450
G1 X103.350 Y156.100
G1 X103.350 Y155.490
G1 X103.190 Y155.190
G1 X102.900 Y154.670
G1 X102.560 Y154.500
G1 X99.950 Y154.500
G1 X99.950 Y156.700
G1 X102.930 Y156.700
G1 X103.180 Y156.450
G1 X103.350 Y156.100
G1 X103.350 Y155.490
G1 X103.190 Y155.190
G1 X102.900 Y154.670
G1 X102.560 Y154.500
G1 X99.950 Y154.500
G1 X99.950 Y156.700
G1 X102.930 Y156.700
G1 X103.180 Y156.450
G1 X103.350 Y156.100
G1 X103.350 Y155.490
G1 X103.190 Y155.190
G1 X102.900 Y154.670
G1 X102.560 Y154.500
G1 X99.950 Y154.500
G1 X99.950 Y156.368
M5

; --- etch stroke 15 (loop) ---
G0 X50.320 Y157.760
M3 S1000
F5000
G1 X50.290 Y158.150
G1 X50.170 Y158.430
G1 X49.190 Y159.630
G1 X45.590 Y162.240
G1 X47.480 Y170.890
G1 X52.640 Y172.040
G1 X53.720 Y172.910
G1 X54.390 Y175.490
G1 X54.280 Y175.860
G1 X53.570 Y176.990
G1 X53.260 Y177.250
G1 X51.350 Y177.860
G1 X50.980 Y177.900
G1 X27.940 Y173.660
G1 X27.620 Y173.500
G1 X26.190 Y172.380
G1 X26.010 Y171.920
G1 X25.710 Y169.470
G1 X25.830 Y169.070
G1 X26.680 Y167.890
G1 X45.260 Y154.720
G1 X47.950 Y154.040
G1 X48.350 Y154.060
G1 X48.630 Y154.190
G1 X49.670 Y154.850
G1 X49.960 Y155.230
G1 X50.320 Y157.760
G1 X50.290 Y158.150
G1 X50.170 Y158.430
G1 X49.190 Y159.630
G1 X45.590 Y162.240
G1 X47.480 Y170.890
G1 X52.640 Y172.040
G1 X53.720 Y172.910
G1 X54.390 Y175.490
G1 X54.280 Y175.860
G1 X53.570 Y176.990
G1 X53.260 Y177.250
G1 X51.350 Y177.860
G1 X50.980 Y177.900
G1 X27.940 Y173.660
G1 X27.620 Y173.500
G1 X26.190 Y172.380
G1 X26.010 Y171.920
G1 X25.710 Y169.470
G1 X25.830 Y169.070
G1 X26.680 Y167.890
G1 X45.260 Y154.720
G1 X45.974 Y154.539
M5

; --- etch stroke 16 (loop) ---
G0 X27.480 Y120.700
M3 S1000
F5000
G1 X27.740 Y119.490
G1 X28.090 Y119.200
G1 X49.760 Y123.580
G1 X50.230 Y124.300
G1 X49.990 Y125.450
G1 X49.260 Y125.930
G1 X27.960 Y121.430
G1 X27.480 Y120.700
G1 X27.740 Y119.490
G1 X28.090 Y119.200
G1 X49.760 Y123.580
G1 X50.230 Y124.300
G1 X49.990 Y125.450
G1 X49.260 Y125.930
G1 X27.960 Y121.430
G1 X27.480 Y120.700
G1 X27.740 Y119.490
G1 X28.090 Y119.200
G1 X49.760 Y123.580
G1 X50.230 Y124.300
G1 X49.990 Y125.450
G1 X49.260 Y125.930
G1 X42.145 Y124.427
M5

; --- etch stroke 17 (loop) ---
G0 X48.280 Y157.580
M3 S1000
F5000
G1 X47.840 Y158.140
G1 X43.810 Y161.060
G1 X43.540 Y161.450
G1 X43.490 Y162.020
G1 X45.660 Y171.940
G1 X45.810 Y172.290
G1 X46.080 Y172.560
G1 X46.430 Y172.710
G1 X51.780 Y173.880
G1 X52.090 Y174.150
G1 X52.330 Y175.220
G1 X52.130 Y175.520
G1 X51.000 Y175.870
G1 X28.630 Y171.760
G1 X27.940 Y171.240
G1 X27.750 Y169.800
G1 X28.050 Y169.360
G1 X46.180 Y156.520
G1 X47.910 Y156.100
G1 X48.280 Y157.580
G1 X47.840 Y158.140
G1 X43.810 Y161.060
G1 X43.540 Y161.450
G1 X43.490 Y162.020
G1 X45.660 Y171.940
G1 X45.810 Y172.290
G1 X46.080 Y172.560
G1 X46.430 Y172.710
G1 X51.780 Y173.880
G1 X52.090 Y174.150
G1 X52.330 Y175.220
G1 X52.130 Y175.520
G1 X51.000 Y175.870
G1 X28.630 Y171.760
G1 X27.940 Y171.240
G1 X27.750 Y169.800
G1 X28.050 Y169.360
G1 X46.180 Y156.520
G1 X47.910 Y156.100
G1 X48.280 Y157.580
G1 X47.840 Y158.140
G1 X43.836 Y161.041
M5

; --- etch stroke 18 (loop) ---
G0 X25.580 Y121.450
M3 S1000
F5000
G1 X25.420 Y120.990
G1 X25.950 Y118.460
G1 X27.270 Y117.300
G1 X27.720 Y117.130
G1 X28.020 Y117.150
G1 X50.660 Y121.720
G1 X51.150 Y122.050
G1 X52.140 Y123.550
G1 X52.300 Y124.010
G1 X52.280 Y124.310
G1 X51.860 Y126.270
G1 X51.650 Y126.700
G1 X49.920 Y127.880
G1 X49.550 Y127.990
G1 X49.250 Y127.970
G1 X27.140 Y123.300
G1 X26.570 Y122.950
G1 X25.580 Y121.450
G1 X25.420 Y120.990
G1 X25.950 Y118.460
G1 X27.270 Y117.300
G1 X27.720 Y117.130
G1 X28.020 Y117.150
G1 X50.660 Y121.720
G1 X51.150 Y122.050
G1 X52.140 Y123.550
G1 X52.300 Y124.010
G1 X52.280 Y124.310
G1 X51.860 Y126.270
G1 X51.650 Y126.700
G1 X49.920 Y127.880
G1 X49.550 Y127.990
G1 X49.250 Y127.970
G1 X27.140 Y123.300
G1 X26.570 Y122.950
G1 X25.580 Y121.450
G1 X25.420 Y120.990
G1 X25.950 Y118.460
G1 X27.270 Y117.300
G1 X27.720 Y117.130
G1 X28.020 Y117.150
G1 X43.225 Y120.219
M5

; --- etch stroke 19 (loop) ---
G0 X41.930 Y164.240
M3 S1000
F5000
G1 X41.790 Y163.880
G1 X41.340 Y163.510
G1 X40.960 Y163.430
G1 X40.580 Y163.500
G1 X39.280 Y164.040
G1 X33.360 Y168.660
G1 X33.070 Y169.170
G1 X33.210 Y169.920
G1 X33.490 Y170.210
G1 X33.850 Y170.360
G1 X42.000 Y172.050
G1 X42.750 Y171.910
G1 X43.080 Y171.550
G1 X43.200 Y170.980
G1 X41.930 Y164.240
G1 X41.790 Y163.880
G1 X41.340 Y163.510
G1 X40.960 Y163.430
G1 X40.580 Y163.500
G1 X39.280 Y164.040
G1 X33.360 Y168.660
G1 X33.070 Y169.170
G1 X33.210 Y169.920
G1 X33.490 Y170.210
G1 X33.850 Y170.360
G1 X42.000 Y172.050
G1 X42.750 Y171.910
G1 X43.080 Y171.550
G1 X43.200 Y170.980
G1 X41.930 Y164.240
G1 X41.790 Y163.880
G1 X41.340 Y163.510
G1 X40.960 Y163.430
G1 X40.580 Y163.500
G1 X39.280 Y164.040
G1 X33.360 Y168.660
G1 X33.070 Y169.170
G1 X33.210 Y169.920
G1 X33.490 Y170.210
G1 X33.850 Y170.360
G1 X42.000 Y172.050
G1 X42.750 Y171.910
G1 X43.080 Y171.550
G1 X43.200 Y170.980
G1 X41.930 Y164.240
G1 X41.790 Y163.880
G1 X41.340 Y163.510
G1 X40.960 Y163.430
G1 X40.580 Y163.500
G1 X39.280 Y164.040
G1 X33.360 Y168.660
G1 X33.070 Y169.170
G1 X33.210 Y169.920
G1 X33.490 Y170.210
G1 X33.850 Y170.360
G1 X42.000 Y172.050
G1 X42.750 Y171.910
G1 X43.080 Y171.550
G1 X43.200 Y170.980
G1 X43.064 Y170.258
M5

; --- etch stroke 20 (loop) ---
G0 X83.850 Y158.300
M3 S1000
F5000
G1 X83.850 Y148.290
G1 X84.050 Y147.900
G1 X84.090 Y151.590
G1 X84.540 Y152.210
G1 X85.150 Y152.500
G1 X84.780 Y152.620
G1 X84.220 Y153.140
G1 X84.070 Y153.500
G1 X84.050 Y157.600
G1 X84.220 Y158.060
G1 X84.540 Y158.410
G1 X85.150 Y158.700
G1 X84.030 Y158.700
G1 X83.850 Y158.300
G1 X83.850 Y148.290
G1 X84.050 Y147.900
G1 X84.090 Y151.590
G1 X84.540 Y152.210
G1 X85.150 Y152.500
G1 X84.780 Y152.620
G1 X84.220 Y153.140
G1 X84.070 Y153.500
G1 X84.050 Y157.600
G1 X84.220 Y158.060
G1 X84.540 Y158.410
G1 X85.150 Y158.700
G1 X84.030 Y158.700
G1 X83.850 Y158.300
G1 X83.850 Y148.290
G1 X84.050 Y147.900
G1 X84.090 Y151.590
G1 X84.540 Y152.210
G1 X85.150 Y152.500
G1 X84.780 Y152.620
G1 X84.220 Y153.140
G1 X84.070 Y153.500
G1 X84.050 Y157.600
G1 X84.220 Y158.060
G1 X84.540 Y158.410
G1 X85.150 Y158.700
G1 X84.030 Y158.700
G1 X83.850 Y158.300
G1 X83.850 Y148.290
G1 X84.050 Y147.900
G1 X84.090 Y151.590
G1 X84.540 Y152.210
G1 X85.150 Y152.500
G1 X84.780 Y152.620
G1 X84.220 Y153.140
G1 X84.070 Y153.500
G1 X84.050 Y157.600
G1 X84.220 Y158.060
G1 X84.540 Y158.410
G1 X85.150 Y158.700
G1 X84.030 Y158.700
G1 X83.850 Y158.300
G1 X83.850 Y148.290
G1 X83.876 Y148.239
M5

; --- etch stroke 21 (loop) ---
G0 X40.200 Y165.850
M3 S1000
F5000
G1 X36.370 Y168.840
G1 X40.940 Y169.790
G1 X40.200 Y165.850
G1 X36.370 Y168.840
G1 X40.940 Y169.790
G1 X40.200 Y165.850
G1 X36.370 Y168.840
G1 X40.940 Y169.790
G1 X40.200 Y165.850
G1 X36.370 Y168.840
G1 X40.940 Y169.790
G1 X40.200 Y165.850
G1 X36.370 Y168.840
G1 X40.940 Y169.790
G1 X40.200 Y165.850
G1 X36.370 Y168.840
G1 X40.940 Y169.790
G1 X40.200 Y165.850
G1 X36.370 Y168.840
G1 X40.940 Y169.790
G1 X40.200 Y165.850
G1 X38.529 Y167.155
M5

; --- etch stroke 22 (loop) ---
G0 X81.850 Y147.900
M3 S1000
F5000
G1 X82.220 Y146.740
G1 X82.890 Y146.070
G1 X83.350 Y145.900
G1 X84.750 Y145.900
G1 X85.120 Y146.020
G1 X85.760 Y146.590
G1 X86.030 Y147.100
G1 X86.050 Y150.500
G1 X88.950 Y150.500
G1 X89.740 Y150.740
G1 X90.810 Y151.270
G1 X92.280 Y152.740
G1 X92.810 Y153.810
G1 X92.850 Y154.300
G1 X93.030 Y154.700
G1 X93.050 Y156.400
G1 X92.850 Y156.890
G1 X92.810 Y157.390
G1 X92.480 Y158.260
G1 X91.960 Y159.010
G1 X90.810 Y160.130
G1 X89.550 Y160.700
G1 X83.350 Y160.700
G1 X82.890 Y160.530
G1 X82.220 Y159.860
G1 X81.850 Y158.800
G1 X81.850 Y147.900
G1 X82.220 Y146.740
G1 X82.890 Y146.070
G1 X83.350 Y145.900
G1 X84.750 Y145.900
G1 X85.120 Y146.020
G1 X85.760 Y146.590
G1 X86.030 Y147.100
G1 X86.050 Y150.500
G1 X88.950 Y150.500
G1 X89.740 Y150.740
G1 X90.810 Y151.270
G1 X92.280 Y152.740
G1 X92.810 Y153.810
G1 X92.850 Y154.300
G1 X93.030 Y154.700
G1 X93.050 Y156.400
G1 X92.850 Y156.890
G1 X92.810 Y157.390
G1 X92.480 Y158.260
G1 X91.960 Y159.010
G1 X90.810 Y160.130
G1 X89.550 Y160.700
G1 X83.350 Y160.700
G1 X82.890 Y160.530
G1 X82.220 Y159.860
G1 X81.850 Y158.800
G1 X81.850 Y147.900
G1 X82.220 Y146.740
G1 X82.890 Y146.070
G1 X83.350 Y145.900
G1 X84.750 Y145.900
G1 X85.120 Y146.020
G1 X85.760 Y146.590
G1 X86.030 Y147.100
G1 X86.050 Y150.500
G1 X88.950 Y150.500
G1 X89.740 Y150.740
G1 X90.810 Y151.270
G1 X92.280 Y152.740
G1 X92.810 Y153.810
G1 X92.850 Y154.300
G1 X93.030 Y154.700
G1 X93.050 Y156.400
G1 X92.850 Y156.890
G1 X92.810 Y157.390
G1 X92.480 Y158.260
G1 X91.960 Y159.010
G1 X90.810 Y160.130
G1 X89.550 Y160.700
G1 X83.350 Y160.700
G1 X82.890 Y160.530
G1 X82.220 Y159.860
G1 X81.850 Y158.800
G1 X81.850 Y155.816
M5

; --- etch stroke 23 (loop) ---
G0 X121.070 Y131.810
M3 S1000
F5000
G1 X121.020 Y131.200
G1 X121.340 Y130.230
G1 X121.860 Y129.670
G1 X122.320 Y129.500
G1 X123.770 Y129.500
G1 X124.140 Y129.620
G1 X124.950 Y130.430
G1 X125.850 Y132.500
G1 X129.840 Y132.500
G1 X130.220 Y131.700
G1 X130.790 Y130.340
G1 X131.310 Y129.790
G1 X131.730 Y129.540
G1 X133.560 Y129.540
G1 X133.980 Y129.790
G1 X134.300 Y130.140
G1 X134.670 Y131.200
G1 X134.550 Y132.270
G1 X133.620 Y134.300
G1 X133.550 Y134.670
G1 X133.020 Y135.700
G1 X132.950 Y136.070
G1 X132.620 Y136.700
G1 X131.420 Y139.500
G1 X131.350 Y139.870
G1 X130.820 Y140.900
G1 X130.750 Y141.270
G1 X130.220 Y142.300
G1 X130.150 Y142.670
G1 X129.650 Y143.660
G1 X129.380 Y143.930
G1 X128.760 Y144.260
G1 X128.160 Y144.460
G1 X127.720 Y144.500
G1 X126.750 Y144.180
G1 X126.310 Y143.930
G1 X126.040 Y143.660
G1 X125.540 Y142.670
G1 X125.300 Y141.930
G1 X124.940 Y141.270
G1 X124.870 Y140.900
G1 X124.340 Y139.870
G1 X124.270 Y139.500
G1 X123.740 Y138.470
G1 X123.670 Y138.100
G1 X123.110 Y136.990
G1 X122.740 Y136.070
G1 X122.670 Y135.700
G1 X122.140 Y134.670
G1 X122.070 Y134.300
G1 X121.510 Y133.190
G1 X121.110 Y132.180
G1 X121.070 Y131.810
G1 X121.020 Y131.200
G1 X121.340 Y130.230
G1 X121.860 Y129.670
G1 X122.320 Y129.500
G1 X123.770 Y129.500
G1 X124.140 Y129.620
G1 X124.950 Y130.430
G1 X125.850 Y132.500
G1 X129.840 Y132.500
G1 X130.220 Y131.700
G1 X130.790 Y130.340
G1 X131.310 Y129.790
G1 X131.730 Y129.540
G1 X133.560 Y129.540
G1 X133.980 Y129.790
G1 X134.300 Y130.140
G1 X134.670 Y131.200
G1 X134.550 Y132.270
G1 X133.620 Y134.300
G1 X133.550 Y134.670
G1 X133.020 Y135.700
G1 X132.950 Y136.070
G1 X132.620 Y136.700
G1 X131.420 Y139.500
G1 X131.350 Y139.870
G1 X130.820 Y140.900
G1 X130.750 Y141.270
G1 X130.220 Y142.300
G1 X130.150 Y142.670
G1 X129.650 Y143.660
G1 X129.380 Y143.930
G1 X128.760 Y144.260
G1 X128.160 Y144.460
G1 X127.720 Y144.500
G1 X126.750 Y144.180
G1 X126.310 Y143.930
G1 X126.040 Y143.660
G1 X125.540 Y142.670
G1 X125.300 Y141.930
G1 X124.940 Y141.270
G1 X124.870 Y140.900
G1 X124.340 Y139.870
G1 X124.270 Y139.500
G1 X123.740 Y138.470
G1 X123.670 Y138.100
G1 X123.110 Y136.990
G1 X122.740 Y136.070
G1 X122.670 Y135.700
G1 X122.140 Y134.670
G1 X122.070 Y134.300
G1 X121.510 Y133.190
G1 X121.110 Y132.180
G1 X121.070 Y131.810
G1 X121.020 Y131.200
G1 X121.340 Y130.230
G1 X121.860 Y129.670
G1 X122.320 Y129.500
G1 X123.770 Y129.500
G1 X124.140 Y129.620
G1 X124.950 Y130.430
G1 X125.850 Y132.500
G1 X129.840 Y132.500
G1 X130.220 Y131.700
G1 X130.790 Y130.340
G1 X131.310 Y129.790
G1 X131.730 Y129.540
G1 X133.560 Y129.540
G1 X133.980 Y129.790
G1 X134.300 Y130.140
G1 X134.670 Y131.200
G1 X134.550 Y132.270
G1 X133.620 Y134.300
G1 X133.550 Y134.670
G1 X133.020 Y135.700
G1 X132.950 Y136.070
G1 X132.620 Y136.700
G1 X131.420 Y139.500
G1 X131.350 Y139.870
G1 X130.820 Y140.900
G1 X130.750 Y141.270
G1 X130.220 Y142.300
G1 X130.150 Y142.670
G1 X129.659 Y143.643
M5

; --- etch stroke 24 (loop) ---
G0 X86.050 Y156.700
M3 S1000
F5000
G1 X88.230 Y156.700
G1 X88.480 Y156.450
G1 X88.740 Y155.700
G1 X88.480 Y154.950
G1 X88.200 Y154.670
G1 X87.860 Y154.500
G1 X86.050 Y154.500
G1 X86.050 Y156.700
G1 X88.230 Y156.700
G1 X88.480 Y156.450
G1 X88.740 Y155.700
G1 X88.480 Y154.950
G1 X88.200 Y154.670
G1 X87.860 Y154.500
G1 X86.050 Y154.500
G1 X86.050 Y156.700
G1 X88.230 Y156.700
G1 X88.480 Y156.450
G1 X88.740 Y155.700
G1 X88.480 Y154.950
G1 X88.200 Y154.670
G1 X87.860 Y154.500
G1 X86.050 Y154.500
G1 X86.050 Y156.700
G1 X88.230 Y156.700
G1 X88.480 Y156.450
G1 X88.740 Y155.700
G1 X88.480 Y154.950
G1 X88.200 Y154.670
G1 X87.860 Y154.500
G1 X86.050 Y154.500
G1 X86.050 Y156.700
G1 X88.230 Y156.700
G1 X88.480 Y156.450
G1 X88.740 Y155.700
G1 X88.480 Y154.950
G1 X88.200 Y154.670
G1 X87.860 Y154.500
G1 X86.050 Y154.500
G1 X86.050 Y156.700
G1 X88.230 Y156.700
G1 X88.480 Y156.450
G1 X88.740 Y155.700
G1 X88.480 Y154.950
G1 X88.200 Y154.670
G1 X87.860 Y154.500
G1 X86.050 Y154.500
G1 X86.050 Y156.700
G1 X88.230 Y156.700
G1 X88.480 Y156.450
G1 X88.740 Y155.700
G1 X88.480 Y154.950
G1 X88.200 Y154.670
G1 X87.860 Y154.500
G1 X86.050 Y154.500
G1 X86.050 Y156.700
G1 X88.230 Y156.700
G1 X88.480 Y156.450
G1 X88.740 Y155.700
G1 X88.480 Y154.950
G1 X88.200 Y154.670
G1 X87.860 Y154.500
G1 X86.050 Y154.500
G1 X86.050 Y156.700
G1 X88.230 Y156.700
G1 X88.480 Y156.450
G1 X88.740 Y155.700
G1 X88.480 Y154.950
G1 X88.200 Y154.670
G1 X87.860 Y154.500
G1 X86.050 Y154.500
G1 X86.050 Y156.700
G1 X88.230 Y156.700
G1 X88.480 Y156.450
G1 X88.740 Y155.700
G1 X88.480 Y154.950
G1 X88.200 Y154.670
G1 X87.860 Y154.500
G1 X86.050 Y154.500
G1 X86.050 Y156.700
G1 X88.230 Y156.700
G1 X88.480 Y156.450
G1 X88.688 Y155.850
M5

; --- etch stroke 25 (loop) ---
G0 X124.030 Y133.650
M3 S1000
F5000
G1 X124.560 Y134.210
G1 X124.980 Y134.460
G1 X126.170 Y134.500
G1 X125.710 Y134.670
G1 X125.240 Y135.140
G1 X125.070 Y135.600
G1 X125.110 Y135.990
G1 X125.270 Y136.290
G1 X125.310 Y136.590
G1 X126.100 Y138.120
G1 X126.270 Y138.490
G1 X126.310 Y138.790
G1 X126.780 Y139.760
G1 X127.260 Y140.300
G1 X127.830 Y140.480
G1 X128.310 Y140.360
G1 X128.850 Y139.860
G1 X129.380 Y138.790
G1 X129.420 Y138.490
G1 X129.590 Y138.120
G1 X130.300 Y136.770
G1 X130.580 Y135.990
G1 X130.620 Y135.600
G1 X130.450 Y135.140
G1 X129.980 Y134.670
G1 X129.520 Y134.500
G1 X130.710 Y134.460
G1 X131.130 Y134.210
G1 X131.660 Y133.650
G1 X131.620 Y133.950
G1 X131.100 Y134.950
G1 X131.020 Y135.350
G1 X130.100 Y137.350
G1 X130.020 Y137.750
G1 X129.500 Y138.750
G1 X129.420 Y139.150
G1 X128.900 Y140.150
G1 X128.820 Y140.550
G1 X128.300 Y141.550
G1 X128.220 Y141.950
G1 X128.050 Y142.300
G1 X127.640 Y142.300
G1 X127.470 Y141.950
G1 X127.390 Y141.550
G1 X126.870 Y140.550
G1 X126.830 Y140.250
G1 X126.270 Y139.150
G1 X126.150 Y138.660
G1 X125.670 Y137.750
G1 X125.590 Y137.350
G1 X124.670 Y135.350
G1 X124.550 Y134.860
G1 X124.070 Y133.950
G1 X124.030 Y133.650
G1 X124.560 Y134.210
G1 X124.980 Y134.460
G1 X126.170 Y134.500
G1 X125.710 Y134.670
G1 X125.240 Y135.140
G1 X125.070 Y135.600
G1 X125.110 Y135.990
G1 X125.270 Y136.290
G1 X125.310 Y136.590
G1 X126.100 Y138.120
G1 X126.270 Y138.490
G1 X126.310 Y138.790
G1 X126.780 Y139.760
G1 X127.260 Y140.300
G1 X127.830 Y140.480
G1 X128.310 Y140.360
G1 X128.850 Y139.860
G1 X129.380 Y138.790
G1 X129.420 Y138.490
G1 X129.590 Y138.120
G1 X130.300 Y136.770
G1 X130.580 Y135.990
G1 X130.620 Y135.600
G1 X130.450 Y135.140
G1 X129.980 Y134.670
G1 X129.520 Y134.500
G1 X130.710 Y134.460
G1 X131.130 Y134.210
G1 X131.660 Y133.650
G1 X131.620 Y133.950
G1 X131.100 Y134.950
G1 X131.020 Y135.350
G1 X130.100 Y137.350
G1 X130.020 Y137.750
G1 X129.500 Y138.750
G1 X129.420 Y139.150
G1 X128.900 Y140.150
G1 X128.820 Y140.550
G1 X128.300 Y141.550
G1 X128.220 Y141.950
G1 X128.050 Y142.300
G1 X127.640 Y142.300
G1 X127.470 Y141.950
G1 X127.390 Y141.550
G1 X126.870 Y140.550
G1 X126.830 Y140.250
G1 X126.270 Y139.150
G1 X126.150 Y138.660
G1 X125.670 Y137.750
G1 X125.590 Y137.350
G1 X124.670 Y135.350
G1 X124.550 Y134.860
G1 X124.070 Y133.950
G1 X124.030 Y133.650
G1 X124.560 Y134.210
G1 X124.980 Y134.460
G1 X126.170 Y134.500
G1 X125.710 Y134.670
G1 X125.240 Y135.140
G1 X125.070 Y135.600
G1 X125.110 Y135.990
G1 X125.270 Y136.290
G1 X125.310 Y136.590
G1 X126.100 Y138.120
G1 X126.270 Y138.490
G1 X126.310 Y138.790
G1 X126.780 Y139.760
G1 X127.260 Y140.300
G1 X127.830 Y140.480
G1 X128.310 Y140.360
G1 X128.850 Y139.860
G1 X129.380 Y138.790
G1 X129.420 Y138.490
G1 X129.590 Y138.120
G1 X130.300 Y136.770
G1 X130.580 Y135.990
G1 X130.620 Y135.600
G1 X130.450 Y135.140
G1 X129.980 Y134.670
G1 X129.520 Y134.500
G1 X130.710 Y134.460
G1 X131.130 Y134.210
G1 X131.660 Y133.650
G1 X131.620 Y133.950
G1 X131.100 Y134.950
G1 X131.020 Y135.350
G1 X130.100 Y137.350
G1 X130.020 Y137.750
G1 X129.500 Y138.750
G1 X129.420 Y139.150
G1 X128.900 Y140.150
G1 X128.820 Y140.550
G1 X128.300 Y141.550
G1 X128.220 Y141.950
G1 X128.050 Y142.300
G1 X127.640 Y142.300
G1 X127.470 Y141.950
G1 X127.390 Y141.550
G1 X126.870 Y140.550
G1 X126.830 Y140.250
G1 X126.270 Y139.150
G1 X126.150 Y138.660
G1 X125.670 Y137.750
G1 X125.590 Y137.350
G1 X124.670 Y135.350
G1 X124.550 Y134.860
G1 X124.070 Y133.950
G1 X124.030 Y133.650
G1 X124.560 Y134.210
G1 X124.980 Y134.460
G1 X126.170 Y134.500
G1 X125.710 Y134.670
G1 X125.240 Y135.140
G1 X125.070 Y135.600
G1 X125.110 Y135.990
G1 X125.270 Y136.290
G1 X125.276 Y136.338
M5

; --- etch stroke 26 (loop) ---
G0 X158.410 Y158.300
M3 S1000
F5000
G1 X158.410 Y148.290
G1 X158.610 Y147.900
G1 X158.650 Y151.590
G1 X159.100 Y152.210
G1 X159.710 Y152.500
G1 X159.340 Y152.620
G1 X158.780 Y153.140
G1 X158.630 Y153.500
G1 X158.610 Y157.600
G1 X158.780 Y158.060
G1 X159.100 Y158.410
G1 X159.710 Y158.700
G1 X158.590 Y158.700
G1 X158.410 Y158.300
G1 X158.410 Y148.290
G1 X158.610 Y147.900
G1 X158.650 Y151.590
G1 X159.100 Y152.210
G1 X159.710 Y152.500
G1 X159.340 Y152.620
G1 X158.780 Y153.140
G1 X158.630 Y153.500
G1 X158.610 Y157.600
G1 X158.780 Y158.060
G1 X159.100 Y158.410
G1 X159.710 Y158.700
G1 X158.590 Y158.700
G1 X158.410 Y158.300
G1 X158.410 Y148.290
G1 X158.610 Y147.900
G1 X158.650 Y151.590
G1 X159.100 Y152.210
G1 X159.710 Y152.500
G1 X159.340 Y152.620
G1 X158.780 Y153.140
G1 X158.630 Y153.500
G1 X158.610 Y157.600
G1 X158.780 Y158.060
G1 X159.100 Y158.410
G1 X159.710 Y158.700
G1 X158.590 Y158.700
G1 X158.410 Y158.300
G1 X158.410 Y148.290
G1 X158.610 Y147.900
G1 X158.650 Y151.590
G1 X159.100 Y152.210
G1 X159.710 Y152.500
G1 X159.340 Y152.620
G1 X158.780 Y153.140
G1 X158.630 Y153.500
G1 X158.610 Y157.600
G1 X158.780 Y158.060
G1 X159.100 Y158.410
G1 X159.710 Y158.700
G1 X158.590 Y158.700
G1 X158.410 Y158.300
G1 X158.410 Y148.290
G1 X158.436 Y148.239
M5

; --- etch stroke 27 (loop) ---
G0 X123.470 Y132.500
M3 S1000
F5000
G1 X123.390 Y132.150
G1 X123.070 Y131.500
G1 X123.470 Y132.090
G1 X123.510 Y132.390
G1 X123.870 Y133.090
G1 X123.910 Y133.390
G1 X123.470 Y132.500
G1 X123.390 Y132.150
G1 X123.070 Y131.500
G1 X123.470 Y132.090
G1 X123.510 Y132.390
G1 X123.870 Y133.090
G1 X123.910 Y133.390
G1 X123.470 Y132.500
G1 X123.390 Y132.150
G1 X123.070 Y131.500
G1 X123.470 Y132.090
G1 X123.510 Y132.390
G1 X123.870 Y133.090
G1 X123.910 Y133.390
G1 X123.470 Y132.500
G1 X123.390 Y132.150
G1 X123.070 Y131.500
G1 X123.470 Y132.090
G1 X123.510 Y132.390
G1 X123.870 Y133.090
G1 X123.910 Y133.390
G1 X123.470 Y132.500
G1 X123.390 Y132.150
G1 X123.070 Y131.500
G1 X123.470 Y132.090
G1 X123.510 Y132.390
G1 X123.870 Y133.090
G1 X123.910 Y133.390
G1 X123.470 Y132.500
G1 X123.390 Y132.150
G1 X123.070 Y131.500
G1 X123.470 Y132.090
G1 X123.510 Y132.390
G1 X123.870 Y133.090
G1 X123.910 Y133.390
G1 X123.470 Y132.500
G1 X123.390 Y132.150
G1 X123.070 Y131.500
G1 X123.470 Y132.090
G1 X123.510 Y132.390
G1 X123.870 Y133.090
G1 X123.910 Y133.390
G1 X123.470 Y132.500
G1 X123.390 Y132.150
G1 X123.070 Y131.500
G1 X123.470 Y132.090
G1 X123.510 Y132.390
G1 X123.870 Y133.090
G1 X123.910 Y133.390
G1 X123.470 Y132.500
G1 X123.390 Y132.150
G1 X123.070 Y131.500
G1 X123.470 Y132.090
G1 X123.510 Y132.390
G1 X123.870 Y133.090
G1 X123.910 Y133.390
G1 X123.470 Y132.500
G1 X123.390 Y132.150
G1 X123.070 Y131.500
G1 X123.470 Y132.090
G1 X123.510 Y132.390
G1 X123.870 Y133.090
G1 X123.910 Y133.390
G1 X123.470 Y132.500
G1 X123.390 Y132.150
G1 X123.070 Y131.500
G1 X123.470 Y132.090
G1 X123.510 Y132.390
G1 X123.870 Y133.090
G1 X123.910 Y133.390
G1 X123.470 Y132.500
G1 X123.390 Y132.150
G1 X123.070 Y131.500
G1 X123.470 Y132.090
G1 X123.510 Y132.390
G1 X123.870 Y133.090
G1 X123.910 Y133.390
G1 X123.470 Y132.500
G1 X123.390 Y132.150
G1 X123.070 Y131.500
G1 X123.470 Y132.090
G1 X123.510 Y132.390
G1 X123.870 Y133.090
G1 X123.910 Y133.390
G1 X123.470 Y132.500
G1 X123.390 Y132.150
G1 X123.070 Y131.500
G1 X123.470 Y132.090
G1 X123.510 Y132.390
G1 X123.870 Y133.090
G1 X123.910 Y133.390
G1 X123.470 Y132.500
G1 X123.390 Y132.150
G1 X123.070 Y131.500
G1 X123.470 Y132.090
G1 X123.510 Y132.390
G1 X123.870 Y133.090
G1 X123.910 Y133.390
G1 X123.470 Y132.500
G1 X123.390 Y132.150
G1 X123.070 Y131.500
G1 X123.470 Y132.090
G1 X123.510 Y132.390
G1 X123.870 Y133.090
G1 X123.910 Y133.390
G1 X123.470 Y132.500
G1 X123.390 Y132.150
G1 X123.070 Y131.500
G1 X123.470 Y132.090
G1 X123.510 Y132.390
G1 X123.870 Y133.090
G1 X123.910 Y133.390
G1 X123.470 Y132.500
G1 X123.390 Y132.150
G1 X123.070 Y131.500
G1 X123.470 Y132.090
G1 X123.510 Y132.390
G1 X123.870 Y133.090
G1 X123.910 Y133.390
G1 X123.470 Y132.500
G1 X123.390 Y132.150
G1 X123.070 Y131.500
G1 X123.470 Y132.090
G1 X123.510 Y132.390
G1 X123.870 Y133.090
G1 X123.910 Y133.390
G1 X123.470 Y132.500
G1 X123.390 Y132.150
G1 X123.070 Y131.500
G1 X123.470 Y132.090
G1 X123.510 Y132.390
G1 X123.870 Y133.090
G1 X123.910 Y133.390
G1 X123.470 Y132.500
G1 X123.390 Y132.150
G1 X123.070 Y131.500
G1 X123.470 Y132.090
G1 X123.510 Y132.390
G1 X123.870 Y133.090
G1 X123.910 Y133.390
G1 X123.603 Y132.768
M5

; --- etch stroke 28 (loop) ---
G0 X79.960 Y137.300
M3 S1000
F5000
G1 X79.960 Y136.290
G1 X80.140 Y135.900
G1 X80.160 Y135.290
G1 X80.320 Y134.990
G1 X80.360 Y134.490
G1 X81.130 Y133.150
G1 X82.010 Y132.270
G1 X83.160 Y131.700
G1 X84.360 Y131.300
G1 X86.970 Y131.300
G1 X88.290 Y131.780
G1 X87.960 Y131.900
G1 X87.060 Y131.500
G1 X84.260 Y131.500
G1 X82.600 Y132.270
G1 X81.330 Y133.540
G1 X80.600 Y135.010
G1 X80.560 Y135.700
G1 X80.360 Y136.200
G1 X80.360 Y137.400
G1 X80.560 Y137.890
G1 X80.600 Y138.590
G1 X81.330 Y140.060
G1 X82.600 Y141.330
G1 X84.260 Y142.100
G1 X87.060 Y142.100
G1 X87.960 Y141.700
G1 X88.340 Y141.700
G1 X86.970 Y142.300
G1 X84.360 Y142.300
G1 X83.450 Y141.940
G1 X82.010 Y141.330
G1 X81.130 Y140.450
G1 X80.530 Y139.480
G1 X80.360 Y139.100
G1 X80.320 Y138.610
G1 X80.160 Y138.300
G1 X80.120 Y137.610
G1 X79.960 Y137.300
G1 X79.960 Y136.290
G1 X80.140 Y135.900
G1 X80.160 Y135.290
G1 X80.320 Y134.990
G1 X80.360 Y134.490
G1 X81.130 Y133.150
G1 X82.010 Y132.270
G1 X83.160 Y131.700
G1 X84.360 Y131.300
G1 X86.970 Y131.300
G1 X88.290 Y131.780
G1 X87.960 Y131.900
G1 X87.060 Y131.500
G1 X84.260 Y131.500
G1 X82.600 Y132.270
G1 X81.330 Y133.540
G1 X80.600 Y135.010
G1 X80.560 Y135.700
G1 X80.360 Y136.200
G1 X80.360 Y137.400
G1 X80.560 Y137.890
G1 X80.600 Y138.590
G1 X81.330 Y140.060
G1 X82.600 Y141.330
G1 X84.260 Y142.100
G1 X87.060 Y142.100
G1 X87.960 Y141.700
G1 X88.340 Y141.700
G1 X86.970 Y142.300
G1 X84.360 Y142.300
G1 X83.450 Y141.940
G1 X82.010 Y141.330
G1 X81.130 Y140.450
G1 X80.530 Y139.480
G1 X80.360 Y139.100
G1 X80.320 Y138.610
G1 X80.160 Y138.300
G1 X80.120 Y137.610
G1 X79.960 Y137.300
G1 X79.960 Y136.290
G1 X80.140 Y135.900
G1 X80.160 Y135.290
G1 X80.320 Y134.990
G1 X80.360 Y134.490
G1 X81.130 Y133.150
G1 X82.010 Y132.270
G1 X83.160 Y131.700
G1 X84.360 Y131.300
G1 X86.970 Y131.300
G1 X88.290 Y131.780
G1 X87.960 Y131.900
G1 X87.060 Y131.500
G1 X84.260 Y131.500
G1 X82.600 Y132.270
G1 X81.330 Y133.540
G1 X80.600 Y135.010
G1 X80.560 Y135.700
G1 X80.360 Y136.200
G1 X80.360 Y137.400
G1 X80.560 Y137.890
G1 X80.600 Y138.590
G1 X81.330 Y140.060
G1 X82.600 Y141.330
G1 X84.260 Y142.100
G1 X87.060 Y142.100
G1 X87.960 Y141.700
G1 X88.340 Y141.700
G1 X86.970 Y142.300
G1 X85.942 Y142.300
M5

; --- etch stroke 29 (loop) ---
G0 X120.510 Y158.700
M3 S1000
F5000
G1 X120.490 Y147.900
G1 X120.690 Y155.200
G1 X120.810 Y155.570
G1 X121.330 Y156.130
G1 X121.790 Y156.300
G1 X122.180 Y156.260
G1 X123.000 Y155.610
G1 X123.260 Y155.150
G1 X123.800 Y154.610
G1 X124.060 Y154.150
G1 X124.720 Y153.460
G1 X124.860 Y153.150
G1 X125.320 Y152.660
G1 X125.460 Y152.350
G1 X126.120 Y151.660
G1 X126.260 Y151.350
G1 X126.720 Y150.860
G1 X126.860 Y150.550
G1 X127.400 Y150.010
G1 X127.660 Y149.550
G1 X128.200 Y149.010
G1 X128.460 Y148.550
G1 X129.000 Y147.900
G1 X129.470 Y147.900
G1 X129.490 Y158.700
G1 X129.290 Y151.400
G1 X129.120 Y150.940
G1 X128.800 Y150.590
G1 X128.190 Y150.300
G1 X127.800 Y150.340
G1 X126.980 Y150.990
G1 X126.720 Y151.450
G1 X126.180 Y151.990
G1 X125.920 Y152.450
G1 X125.260 Y153.140
G1 X125.120 Y153.450
G1 X124.660 Y153.940
G1 X124.520 Y154.250
G1 X123.860 Y154.940
G1 X123.720 Y155.250
G1 X123.260 Y155.740
G1 X123.120 Y156.050
G1 X122.580 Y156.590
G1 X122.320 Y157.050
G1 X121.780 Y157.590
G1 X121.520 Y158.050
G1 X120.980 Y158.700
G1 X120.510 Y158.700
G1 X120.490 Y147.900
G1 X120.690 Y155.200
G1 X120.810 Y155.570
G1 X121.330 Y156.130
G1 X121.790 Y156.300
G1 X122.180 Y156.260
G1 X123.000 Y155.610
G1 X123.260 Y155.150
G1 X123.800 Y154.610
G1 X124.060 Y154.150
G1 X124.720 Y153.460
G1 X124.860 Y153.150
G1 X125.320 Y152.660
G1 X125.460 Y152.350
G1 X126.120 Y151.660
G1 X126.260 Y151.350
G1 X126.720 Y150.860
G1 X126.860 Y150.550
G1 X127.400 Y150.010
G1 X127.660 Y149.550
G1 X128.200 Y149.010
G1 X128.460 Y148.550
G1 X129.000 Y147.900
G1 X129.470 Y147.900
G1 X129.490 Y158.700
G1 X129.290 Y151.400
G1 X129.120 Y150.940
G1 X128.800 Y150.590
G1 X128.190 Y150.300
G1 X127.800 Y150.340
G1 X126.980 Y150.990
G1 X126.720 Y151.450
G1 X126.180 Y151.990
G1 X125.920 Y152.450
G1 X125.260 Y153.140
G1 X125.120 Y153.450
G1 X124.660 Y153.940
G1 X124.520 Y154.250
G1 X123.860 Y154.940
G1 X123.720 Y155.250
G1 X123.260 Y155.740
G1 X123.120 Y156.050
G1 X122.580 Y156.590
G1 X122.320 Y157.050
G1 X121.780 Y157.590
G1 X121.520 Y158.050
G1 X120.980 Y158.700
G1 X120.510 Y158.700
G1 X120.490 Y147.900
G1 X120.690 Y155.200
G1 X120.810 Y155.570
G1 X121.330 Y156.130
G1 X121.790 Y156.300
G1 X122.180 Y156.260
G1 X122.306 Y156.160
M5

; --- etch stroke 30 (loop) ---
G0 X163.370 Y152.670
M3 S1000
F5000
G1 X164.360 Y153.070
G1 X165.040 Y153.750
G1 X165.410 Y154.490
G1 X165.450 Y154.990
G1 X165.610 Y155.290
G1 X165.610 Y155.900
G1 X165.450 Y156.210
G1 X165.410 Y156.700
G1 X165.250 Y157.010
G1 X164.980 Y157.540
G1 X164.840 Y157.850
G1 X164.360 Y158.330
G1 X163.620 Y158.700
G1 X163.310 Y158.700
G1 X163.680 Y158.580
G1 X164.890 Y157.370
G1 X165.370 Y156.190
G1 X165.410 Y155.400
G1 X165.170 Y154.610
G1 X164.840 Y153.940
G1 X163.920 Y152.990
G1 X163.370 Y152.670
G1 X164.360 Y153.070
G1 X165.040 Y153.750
G1 X165.410 Y154.490
G1 X165.450 Y154.990
G1 X165.610 Y155.290
G1 X165.610 Y155.900
G1 X165.450 Y156.210
G1 X165.410 Y156.700
G1 X165.250 Y157.010
G1 X164.980 Y157.540
G1 X164.840 Y157.850
G1 X164.360 Y158.330
G1 X163.620 Y158.700
G1 X163.310 Y158.700
G1 X163.680 Y158.580
G1 X164.890 Y157.370
G1 X165.370 Y156.190
G1 X165.410 Y155.400
G1 X165.170 Y154.610
G1 X164.840 Y153.940
G1 X163.920 Y152.990
G1 X163.370 Y152.670
G1 X164.360 Y153.070
G1 X165.040 Y153.750
G1 X165.410 Y154.490
G1 X165.450 Y154.990
G1 X165.610 Y155.290
G1 X165.610 Y155.900
G1 X165.450 Y156.210
G1 X165.410 Y156.700
G1 X165.250 Y157.010
G1 X164.980 Y157.540
G1 X164.840 Y157.850
G1 X164.360 Y158.330
G1 X163.620 Y158.700
G1 X163.310 Y158.700
G1 X163.680 Y158.580
G1 X164.890 Y157.370
G1 X165.370 Y156.190
G1 X165.410 Y155.400
G1 X165.170 Y154.610
G1 X164.840 Y153.940
G1 X163.920 Y152.990
G1 X163.370 Y152.670
G1 X164.360 Y153.070
G1 X165.040 Y153.750
G1 X165.410 Y154.490
G1 X165.450 Y154.990
G1 X165.610 Y155.290
G1 X165.610 Y155.900
G1 X165.450 Y156.210
G1 X165.410 Y156.700
G1 X165.250 Y157.010
G1 X164.980 Y157.540
G1 X164.840 Y157.850
G1 X164.360 Y158.330
G1 X163.620 Y158.700
G1 X163.310 Y158.700
G1 X163.680 Y158.580
G1 X164.890 Y157.370
G1 X165.370 Y156.190
G1 X165.410 Y155.400
G1 X165.170 Y154.610
G1 X164.840 Y153.940
G1 X163.920 Y152.990
G1 X163.370 Y152.670
G1 X164.360 Y153.070
G1 X165.040 Y153.750
G1 X165.410 Y154.490
G1 X165.450 Y154.990
G1 X165.610 Y155.290
G1 X165.610 Y155.900
G1 X165.450 Y156.210
G1 X165.410 Y156.700
G1 X165.250 Y157.010
G1 X164.980 Y157.540
G1 X164.840 Y157.850
G1 X164.360 Y158.330
G1 X163.620 Y158.700
G1 X163.310 Y158.700
G1 X163.680 Y158.580
G1 X164.890 Y157.370
G1 X165.370 Y156.190
G1 X165.410 Y155.400
G1 X165.170 Y154.610
G1 X164.840 Y153.940
G1 X163.920 Y152.990
G1 X163.370 Y152.670
G1 X164.360 Y153.070
G1 X165.040 Y153.750
G1 X165.410 Y154.490
G1 X165.450 Y154.990
G1 X165.610 Y155.290
G1 X165.610 Y155.900
G1 X165.450 Y156.210
G1 X165.410 Y156.700
G1 X165.250 Y157.010
G1 X164.980 Y157.540
G1 X164.840 Y157.850
G1 X164.360 Y158.330
G1 X163.620 Y158.700
G1 X163.310 Y158.700
G1 X163.680 Y158.580
G1 X164.890 Y157.370
G1 X165.370 Y156.190
G1 X165.410 Y155.400
G1 X165.170 Y154.610
G1 X164.840 Y153.940
G1 X163.920 Y152.990
G1 X163.370 Y152.670
G1 X164.360 Y153.070
G1 X165.040 Y153.750
G1 X165.410 Y154.490
G1 X165.450 Y154.990
G1 X165.567 Y155.210
M5

; --- etch stroke 31 (loop) ---
G0 X118.490 Y147.500
M3 S1000
F5000
G1 X118.860 Y146.540
G1 X119.180 Y146.190
G1 X119.600 Y145.940
G1 X121.390 Y145.900
G1 X121.850 Y146.070
G1 X122.200 Y146.390
G1 X122.570 Y147.030
G1 X122.690 Y147.400
G1 X122.690 Y152.680
G1 X122.920 Y152.450
G1 X123.180 Y151.990
G1 X123.520 Y151.650
G1 X123.780 Y151.190
G1 X124.320 Y150.650
G1 X124.460 Y150.340
G1 X124.920 Y149.850
G1 X125.060 Y149.540
G1 X125.720 Y148.850
G1 X125.980 Y148.390
G1 X126.520 Y147.850
G1 X126.660 Y147.540
G1 X127.120 Y147.050
G1 X127.260 Y146.740
G1 X127.930 Y146.070
G1 X128.390 Y145.900
G1 X130.090 Y145.920
G1 X130.450 Y146.070
G1 X131.200 Y146.790
G1 X131.490 Y147.400
G1 X131.490 Y159.200
G1 X131.120 Y160.060
G1 X130.800 Y160.410
G1 X130.190 Y160.700
G1 X128.590 Y160.700
G1 X128.130 Y160.530
G1 X127.610 Y159.970
G1 X127.290 Y159.200
G1 X127.290 Y153.920
G1 X127.060 Y154.150
G1 X126.800 Y154.610
G1 X126.460 Y154.950
G1 X126.200 Y155.410
G1 X125.660 Y155.950
G1 X125.520 Y156.260
G1 X125.060 Y156.750
G1 X124.920 Y157.060
G1 X124.260 Y157.750
G1 X124.000 Y158.210
G1 X123.460 Y158.750
G1 X123.320 Y159.060
G1 X122.860 Y159.550
G1 X122.720 Y159.860
G1 X122.050 Y160.530
G1 X121.590 Y160.700
G1 X119.890 Y160.680
G1 X119.530 Y160.530
G1 X118.780 Y159.810
G1 X118.490 Y159.200
G1 X118.490 Y147.500
G1 X118.860 Y146.540
G1 X119.180 Y146.190
G1 X119.600 Y145.940
G1 X121.390 Y145.900
G1 X121.850 Y146.070
G1 X122.200 Y146.390
G1 X122.570 Y147.030
G1 X122.690 Y147.400
G1 X122.690 Y152.680
G1 X122.920 Y152.450
G1 X123.180 Y151.990
G1 X123.520 Y151.650
G1 X123.780 Y151.190
G1 X124.320 Y150.650
G1 X124.460 Y150.340
G1 X124.920 Y149.850
G1 X125.060 Y149.540
G1 X125.720 Y148.850
G1 X125.980 Y148.390
G1 X126.520 Y147.850
G1 X126.660 Y147.540
G1 X127.120 Y147.050
G1 X127.260 Y146.740
G1 X127.930 Y146.070
G1 X128.390 Y145.900
G1 X130.090 Y145.920
G1 X130.450 Y146.070
G1 X131.200 Y146.790
G1 X131.490 Y147.400
G1 X131.490 Y159.200
G1 X131.120 Y160.060
G1 X130.800 Y160.410
G1 X130.190 Y160.700
G1 X128.590 Y160.700
G1 X128.130 Y160.530
G1 X127.610 Y159.970
G1 X127.290 Y159.200
G1 X127.290 Y153.920
G1 X127.060 Y154.150
G1 X126.800 Y154.610
G1 X126.460 Y154.950
G1 X126.200 Y155.410
G1 X125.660 Y155.950
G1 X125.520 Y156.260
G1 X125.060 Y156.750
G1 X124.920 Y157.060
G1 X124.260 Y157.750
G1 X124.000 Y158.210
G1 X123.460 Y158.750
G1 X123.320 Y159.060
G1 X122.860 Y159.550
G1 X122.720 Y159.860
G1 X122.050 Y160.530
G1 X121.590 Y160.700
G1 X119.890 Y160.680
G1 X119.530 Y160.530
G1 X118.780 Y159.810
G1 X118.490 Y159.200
G1 X118.490 Y147.500
G1 X118.860 Y146.540
G1 X119.180 Y146.190
G1 X119.600 Y145.940
G1 X121.390 Y145.900
G1 X121.850 Y146.070
G1 X122.200 Y146.390
G1 X122.570 Y147.030
G1 X122.690 Y147.400
G1 X122.690 Y152.680
G1 X122.920 Y152.450
G1 X123.166 Y152.014
M5

; --- etch stroke 32 (loop) ---
G0 X160.610 Y156.700
M3 S1000
F5000
G1 X162.790 Y156.700
G1 X163.040 Y156.450
G1 X163.300 Y155.700
G1 X163.040 Y154.950
G1 X162.760 Y154.670
G1 X162.420 Y154.500
G1 X160.610 Y154.500
G1 X160.610 Y156.700
G1 X162.790 Y156.700
G1 X163.040 Y156.450
G1 X163.300 Y155.700
G1 X163.040 Y154.950
G1 X162.760 Y154.670
G1 X162.420 Y154.500
G1 X160.610 Y154.500
G1 X160.610 Y156.700
G1 X162.790 Y156.700
G1 X163.040 Y156.450
G1 X163.300 Y155.700
G1 X163.040 Y154.950
G1 X162.760 Y154.670
G1 X162.420 Y154.500
G1 X160.610 Y154.500
G1 X160.610 Y156.700
G1 X162.790 Y156.700
G1 X163.040 Y156.450
G1 X163.300 Y155.700
G1 X163.040 Y154.950
G1 X162.760 Y154.670
G1 X162.420 Y154.500
G1 X160.610 Y154.500
G1 X160.610 Y156.700
G1 X162.790 Y156.700
G1 X163.040 Y156.450
G1 X163.300 Y155.700
G1 X163.040 Y154.950
G1 X162.760 Y154.670
G1 X162.420 Y154.500
G1 X160.610 Y154.500
G1 X160.610 Y156.700
G1 X162.790 Y156.700
G1 X163.040 Y156.450
G1 X163.300 Y155.700
G1 X163.040 Y154.950
G1 X162.760 Y154.670
G1 X162.420 Y154.500
G1 X160.610 Y154.500
G1 X160.610 Y156.700
G1 X162.790 Y156.700
G1 X163.040 Y156.450
G1 X163.300 Y155.700
G1 X163.040 Y154.950
G1 X162.760 Y154.670
G1 X162.420 Y154.500
G1 X160.610 Y154.500
G1 X160.610 Y156.700
G1 X162.790 Y156.700
G1 X163.040 Y156.450
G1 X163.300 Y155.700
G1 X163.040 Y154.950
G1 X162.760 Y154.670
G1 X162.420 Y154.500
G1 X160.610 Y154.500
G1 X160.610 Y156.700
G1 X162.790 Y156.700
G1 X163.040 Y156.450
G1 X163.300 Y155.700
G1 X163.040 Y154.950
G1 X162.760 Y154.670
G1 X162.420 Y154.500
G1 X160.610 Y154.500
G1 X160.610 Y156.700
G1 X162.790 Y156.700
G1 X163.040 Y156.450
G1 X163.300 Y155.700
G1 X163.040 Y154.950
G1 X162.760 Y154.670
G1 X162.420 Y154.500
G1 X160.610 Y154.500
G1 X160.610 Y156.700
G1 X162.790 Y156.700
G1 X163.040 Y156.450
G1 X163.248 Y155.850
M5

; --- etch stroke 33 (loop) ---
G0 X199.320 Y138.610
M3 S1000
F5000
G1 X199.190 Y138.140
G1 X199.120 Y137.410
G1 X199.120 Y136.390
G1 X199.190 Y135.660
G1 X199.420 Y134.790
G1 X200.120 Y133.390
G1 X200.640 Y132.750
G1 X201.470 Y132.030
G1 X202.590 Y131.500
G1 X203.190 Y131.300
G1 X205.730 Y131.300
G1 X207.170 Y131.870
G1 X207.650 Y132.180
G1 X208.270 Y132.750
G1 X208.790 Y133.390
G1 X209.520 Y134.860
G1 X209.720 Y135.660
G1 X209.790 Y137.410
G1 X209.720 Y138.140
G1 X209.490 Y139.010
G1 X208.790 Y140.410
G1 X208.270 Y141.050
G1 X207.440 Y141.770
G1 X206.330 Y142.300
G1 X206.030 Y142.340
G1 X205.730 Y142.500
G1 X203.190 Y142.500
G1 X201.740 Y141.930
G1 X201.260 Y141.620
G1 X200.640 Y141.050
G1 X200.120 Y140.410
G1 X199.420 Y139.010
G1 X199.320 Y138.610
G1 X199.190 Y138.140
G1 X199.120 Y137.410
G1 X199.120 Y136.390
G1 X199.190 Y135.660
G1 X199.420 Y134.790
G1 X200.120 Y133.390
G1 X200.640 Y132.750
G1 X201.470 Y132.030
G1 X202.590 Y131.500
G1 X203.190 Y131.300
G1 X205.730 Y131.300
G1 X207.170 Y131.870
G1 X207.650 Y132.180
G1 X208.270 Y132.750
G1 X208.790 Y133.390
G1 X209.520 Y134.860
G1 X209.720 Y135.660
G1 X209.790 Y137.410
G1 X209.720 Y138.140
G1 X209.490 Y139.010
G1 X208.790 Y140.410
G1 X208.270 Y141.050
G1 X207.440 Y141.770
G1 X206.330 Y142.300
G1 X206.030 Y142.340
G1 X205.730 Y142.500
G1 X203.190 Y142.500
G1 X201.740 Y141.930
G1 X201.260 Y141.620
G1 X200.640 Y141.050
G1 X200.120 Y140.410
G1 X199.420 Y139.010
G1 X199.320 Y138.610
G1 X199.190 Y138.140
G1 X199.120 Y137.410
G1 X199.120 Y136.390
G1 X199.190 Y135.660
G1 X199.420 Y134.790
G1 X200.120 Y133.390
G1 X200.640 Y132.750
G1 X201.470 Y132.030
G1 X202.590 Y131.500
G1 X203.190 Y131.300
G1 X205.730 Y131.300
G1 X207.170 Y131.870
G1 X207.650 Y132.180
G1 X208.270 Y132.750
G1 X208.790 Y133.390
G1 X209.520 Y134.860
G1 X209.720 Y135.660
G1 X209.790 Y137.410
G1 X209.720 Y138.140
G1 X209.490 Y139.010
G1 X208.790 Y140.410
G1 X208.270 Y141.050
G1 X207.440 Y141.770
G1 X206.330 Y142.300
G1 X206.030 Y142.340
G1 X205.730 Y142.500
G1 X203.190 Y142.500
G1 X201.740 Y141.930
G1 X201.260 Y141.620
G1 X200.640 Y141.050
G1 X200.120 Y140.410
G1 X199.420 Y139.010
G1 X199.320 Y138.610
G1 X199.190 Y138.140
G1 X199.120 Y137.410
G1 X199.120 Y136.390
G1 X199.190 Y135.660
G1 X199.420 Y134.790
G1 X200.120 Y133.390
G1 X200.640 Y132.750
G1 X201.470 Y132.030
G1 X202.590 Y131.500
G1 X203.190 Y131.300
G1 X205.730 Y131.300
G1 X207.018 Y131.810
M5

; --- etch stroke 34 (loop) ---
G0 X156.410 Y147.900
M3 S1000
F5000
G1 X156.780 Y146.740
G1 X157.450 Y146.070
G1 X157.910 Y145.900
G1 X159.310 Y145.900
G1 X159.680 Y146.020
G1 X160.320 Y146.590
G1 X160.590 Y147.100
G1 X160.610 Y150.500
G1 X163.510 Y150.500
G1 X164.300 Y150.740
G1 X165.370 Y151.270
G1 X166.840 Y152.740
G1 X167.370 Y153.810
G1 X167.410 Y154.300
G1 X167.590 Y154.700
G1 X167.610 Y156.400
G1 X167.410 Y156.890
G1 X167.370 Y157.390
G1 X167.040 Y158.260
G1 X166.520 Y159.010
G1 X165.370 Y160.130
G1 X164.110 Y160.700
G1 X157.910 Y160.700
G1 X157.450 Y160.530
G1 X156.780 Y159.860
G1 X156.410 Y158.800
G1 X156.410 Y147.900
G1 X156.780 Y146.740
G1 X157.450 Y146.070
G1 X157.910 Y145.900
G1 X159.310 Y145.900
G1 X159.680 Y146.020
G1 X160.320 Y146.590
G1 X160.590 Y147.100
G1 X160.610 Y150.500
G1 X163.510 Y150.500
G1 X164.300 Y150.740
G1 X165.370 Y151.270
G1 X166.840 Y152.740
G1 X167.370 Y153.810
G1 X167.410 Y154.300
G1 X167.590 Y154.700
G1 X167.610 Y156.400
G1 X167.410 Y156.890
G1 X167.370 Y157.390
G1 X167.040 Y158.260
G1 X166.520 Y159.010
G1 X165.370 Y160.130
G1 X164.110 Y160.700
G1 X157.910 Y160.700
G1 X157.450 Y160.530
G1 X156.780 Y159.860
G1 X156.410 Y158.800
G1 X156.410 Y147.900
G1 X156.780 Y146.740
G1 X157.450 Y146.070
G1 X157.910 Y145.900
G1 X159.310 Y145.900
G1 X159.680 Y146.020
G1 X160.320 Y146.590
G1 X160.590 Y147.100
G1 X160.610 Y150.500
G1 X163.510 Y150.500
G1 X164.300 Y150.740
G1 X165.370 Y151.270
G1 X166.840 Y152.740
G1 X167.370 Y153.810
G1 X167.410 Y154.300
G1 X167.590 Y154.700
G1 X167.610 Y156.400
G1 X167.410 Y156.890
G1 X167.370 Y157.390
G1 X167.040 Y158.260
G1 X166.520 Y159.010
G1 X165.370 Y160.130
G1 X164.110 Y160.700
G1 X157.910 Y160.700
G1 X157.450 Y160.530
G1 X156.780 Y159.860
G1 X156.410 Y158.800
G1 X156.410 Y155.816
M5

; --- etch stroke 35 (loop) ---
G0 X197.190 Y138.060
M3 S1000
F5000
G1 X197.120 Y136.000
G1 X197.210 Y135.100
G1 X197.430 Y134.210
G1 X198.360 Y132.340
G1 X199.280 Y131.190
G1 X200.430 Y130.270
G1 X201.430 Y129.740
G1 X202.590 Y129.320
G1 X206.220 Y129.300
G1 X207.480 Y129.740
G1 X208.480 Y130.270
G1 X209.630 Y131.190
G1 X210.550 Y132.340
G1 X211.480 Y134.210
G1 X211.700 Y135.100
G1 X211.790 Y136.000
G1 X211.720 Y138.600
G1 X211.480 Y139.590
G1 X210.550 Y141.460
G1 X209.830 Y142.410
G1 X208.480 Y143.530
G1 X207.480 Y144.060
G1 X206.320 Y144.480
G1 X202.690 Y144.500
G1 X201.430 Y144.060
G1 X200.430 Y143.530
G1 X199.080 Y142.410
G1 X198.360 Y141.460
G1 X197.430 Y139.590
G1 X197.190 Y138.600
G1 X197.190 Y138.060
G1 X197.120 Y136.000
G1 X197.210 Y135.100
G1 X197.430 Y134.210
G1 X198.360 Y132.340
G1 X199.280 Y131.190
G1 X200.430 Y130.270
G1 X201.430 Y129.740
G1 X202.590 Y129.320
G1 X206.220 Y129.300
G1 X207.480 Y129.740
G1 X208.480 Y130.270
G1 X209.630 Y131.190
G1 X210.550 Y132.340
G1 X211.480 Y134.210
G1 X211.700 Y135.100
G1 X211.790 Y136.000
G1 X211.720 Y138.600
G1 X211.480 Y139.590
G1 X210.550 Y141.460
G1 X209.830 Y142.410
G1 X208.480 Y143.530
G1 X207.480 Y144.060
G1 X206.320 Y144.480
G1 X202.690 Y144.500
G1 X201.430 Y144.060
G1 X200.430 Y143.530
G1 X199.080 Y142.410
G1 X198.360 Y141.460
G1 X197.430 Y139.590
G1 X197.190 Y138.600
G1 X197.190 Y138.060
G1 X197.120 Y136.000
G1 X197.210 Y135.100
G1 X197.430 Y134.210
G1 X198.360 Y132.340
G1 X199.280 Y131.190
G1 X200.430 Y130.270
G1 X201.430 Y129.740
G1 X202.590 Y129.320
G1 X206.220 Y129.300
G1 X207.480 Y129.740
G1 X208.480 Y130.270
G1 X209.630 Y131.190
G1 X210.550 Y132.340
G1 X211.480 Y134.210
G1 X211.700 Y135.100
G1 X211.790 Y136.000
G1 X211.720 Y138.600
G1 X211.480 Y139.590
G1 X210.550 Y141.460
G1 X209.830 Y142.410
G1 X208.480 Y143.530
G1 X207.480 Y144.060
G1 X206.320 Y144.480
G1 X206.183 Y144.481
M5

; --- etch stroke 36 (loop) ---
G0 X154.070 Y142.300
M3 S1000
F5000
G1 X154.050 Y131.500
G1 X154.250 Y138.800
G1 X154.370 Y139.170
G1 X154.890 Y139.730
G1 X155.350 Y139.900
G1 X155.740 Y139.860
G1 X156.560 Y139.210
G1 X156.820 Y138.750
G1 X157.360 Y138.210
G1 X157.620 Y137.750
G1 X158.280 Y137.060
G1 X158.420 Y136.750
G1 X158.880 Y136.260
G1 X159.020 Y135.950
G1 X159.680 Y135.260
G1 X159.820 Y134.950
G1 X160.280 Y134.460
G1 X160.420 Y134.150
G1 X160.960 Y133.610
G1 X161.220 Y133.150
G1 X161.760 Y132.610
G1 X162.020 Y132.150
G1 X162.560 Y131.500
G1 X163.030 Y131.500
G1 X163.050 Y142.300
G1 X162.850 Y135.000
G1 X162.730 Y134.630
G1 X162.210 Y134.070
G1 X161.750 Y133.900
G1 X161.360 Y133.940
G1 X160.940 Y134.190
G1 X160.420 Y134.740
G1 X160.280 Y135.050
G1 X159.620 Y135.740
G1 X159.450 Y136.200
G1 X159.490 Y136.680
G1 X159.750 Y137.100
G1 X160.280 Y137.370
G1 X160.840 Y137.310
G1 X160.840 Y141.460
G1 X156.400 Y140.460
G1 X155.780 Y140.750
G1 X155.220 Y141.340
G1 X155.080 Y141.650
G1 X154.540 Y142.300
G1 X154.070 Y142.300
G1 X154.050 Y131.500
G1 X154.250 Y138.800
G1 X154.370 Y139.170
G1 X154.890 Y139.730
G1 X155.350 Y139.900
G1 X155.740 Y139.860
G1 X156.560 Y139.210
G1 X156.820 Y138.750
G1 X157.360 Y138.210
G1 X157.620 Y137.750
G1 X158.280 Y137.060
G1 X158.420 Y136.750
G1 X158.880 Y136.260
G1 X159.020 Y135.950
G1 X159.680 Y135.260
G1 X159.820 Y134.950
G1 X160.280 Y134.460
G1 X160.420 Y134.150
G1 X160.960 Y133.610
G1 X161.220 Y133.150
G1 X161.760 Y132.610
G1 X162.020 Y132.150
G1 X162.560 Y131.500
G1 X163.030 Y131.500
G1 X163.050 Y142.300
G1 X162.850 Y135.000
G1 X162.730 Y134.630
G1 X162.210 Y134.070
G1 X161.750 Y133.900
G1 X161.360 Y133.940
G1 X160.940 Y134.190
G1 X160.420 Y134.740
G1 X160.280 Y135.050
G1 X159.620 Y135.740
G1 X159.450 Y136.200
G1 X159.490 Y136.680
G1 X159.750 Y137.100
G1 X160.280 Y137.370
G1 X160.840 Y137.310
G1 X160.840 Y141.460
G1 X156.400 Y140.460
G1 X155.780 Y140.750
G1 X155.220 Y141.340
G1 X155.080 Y141.650
G1 X154.540 Y142.300
G1 X154.070 Y142.300
G1 X154.050 Y131.500
G1 X154.156 Y135.356
M5

; --- etch stroke 37 (loop) ---
G0 X110.790 Y147.500
M3 S1000
F5000
G1 X111.280 Y146.390
G1 X111.630 Y146.070
G1 X112.090 Y145.900
G1 X114.080 Y145.940
G1 X114.700 Y146.390
G1 X115.150 Y147.210
G1 X115.190 Y159.200
G1 X114.820 Y160.060
G1 X114.500 Y160.410
G1 X114.080 Y160.660
G1 X111.900 Y160.660
G1 X111.280 Y160.210
G1 X110.830 Y159.390
G1 X110.790 Y147.500
G1 X111.280 Y146.390
G1 X111.630 Y146.070
G1 X112.090 Y145.900
G1 X114.080 Y145.940
G1 X114.700 Y146.390
G1 X115.150 Y147.210
G1 X115.190 Y159.200
G1 X114.820 Y160.060
G1 X114.500 Y160.410
G1 X114.080 Y160.660
G1 X111.900 Y160.660
G1 X111.280 Y160.210
G1 X110.830 Y159.390
G1 X110.790 Y147.500
G1 X111.280 Y146.390
G1 X111.630 Y146.070
G1 X112.090 Y145.900
G1 X114.080 Y145.940
G1 X114.700 Y146.390
G1 X115.150 Y147.210
G1 X115.190 Y159.200
G1 X114.820 Y160.060
G1 X114.500 Y160.410
G1 X114.080 Y160.660
G1 X111.900 Y160.660
G1 X111.280 Y160.210
G1 X110.830 Y159.390
G1 X110.790 Y147.500
G1 X111.280 Y146.390
G1 X111.630 Y146.070
G1 X112.090 Y145.900
G1 X114.080 Y145.940
G1 X114.700 Y146.390
G1 X115.150 Y147.210
G1 X115.171 Y153.612
M5

; --- etch stroke 38 (loop) ---
G0 X151.140 Y158.700
M3 S1000
F5000
G1 X150.740 Y158.700
G1 X150.740 Y147.900
G1 X151.140 Y147.900
G1 X151.140 Y158.700
G1 X150.740 Y158.700
G1 X150.740 Y147.900
G1 X151.140 Y147.900
G1 X151.140 Y158.700
G1 X150.740 Y158.700
G1 X150.740 Y147.900
G1 X151.140 Y147.900
G1 X151.140 Y158.700
G1 X150.740 Y158.700
G1 X150.740 Y147.900
G1 X151.140 Y147.900
G1 X151.140 Y158.700
G1 X150.740 Y158.700
G1 X150.740 Y147.900
G1 X151.140 Y147.900
G1 X151.140 Y152.433
M5

; --- etch stroke 39 (loop) ---
G0 X184.830 Y131.500
M3 S1000
F5000
G1 X185.200 Y130.340
G1 X185.870 Y129.670
G1 X186.330 Y129.500
G1 X193.930 Y129.500
G1 X194.390 Y129.670
G1 X194.740 Y129.990
G1 X195.190 Y130.810
G1 X195.190 Y132.190
G1 X194.860 Y132.860
G1 X194.390 Y133.330
G1 X193.930 Y133.500
G1 X191.670 Y133.500
G1 X189.230 Y135.090
G1 X189.230 Y142.800
G1 X188.860 Y143.660
G1 X188.540 Y144.010
G1 X188.120 Y144.260
G1 X186.330 Y144.300
G1 X185.960 Y144.180
G1 X185.200 Y143.460
G1 X184.870 Y142.590
G1 X184.830 Y131.500
G1 X185.200 Y130.340
G1 X185.870 Y129.670
G1 X186.330 Y129.500
G1 X193.930 Y129.500
G1 X194.390 Y129.670
G1 X194.740 Y129.990
G1 X195.190 Y130.810
G1 X195.190 Y132.190
G1 X194.860 Y132.860
G1 X194.390 Y133.330
G1 X193.930 Y133.500
G1 X191.670 Y133.500
G1 X189.230 Y135.090
G1 X189.230 Y142.800
G1 X188.860 Y143.660
G1 X188.540 Y144.010
G1 X188.120 Y144.260
G1 X186.330 Y144.300
G1 X185.960 Y144.180
G1 X185.200 Y143.460
G1 X184.870 Y142.590
G1 X184.830 Y131.500
G1 X185.200 Y130.340
G1 X185.870 Y129.670
G1 X186.330 Y129.500
G1 X193.930 Y129.500
G1 X194.390 Y129.670
G1 X194.740 Y129.990
G1 X195.190 Y130.810
G1 X195.190 Y132.190
G1 X194.860 Y132.860
G1 X194.390 Y133.330
G1 X193.930 Y133.500
G1 X191.670 Y133.500
G1 X189.230 Y135.090
G1 X189.230 Y142.800
G1 X188.860 Y143.660
G1 X188.540 Y144.010
G1 X188.120 Y144.260
G1 X186.330 Y144.300
G1 X185.960 Y144.180
G1 X185.200 Y143.460
G1 X184.870 Y142.590
G1 X184.857 Y139.098
M5

; --- etch stroke 40 (loop) ---
G0 X131.790 Y133.380
M3 S1000
F5000
G1 X132.180 Y132.390
G1 X132.220 Y132.090
G1 X132.530 Y131.500
G1 X131.790 Y133.380
G1 X132.180 Y132.390
G1 X132.220 Y132.090
G1 X132.530 Y131.500
G1 X131.790 Y133.380
G1 X132.180 Y132.390
G1 X132.220 Y132.090
G1 X132.530 Y131.500
G1 X131.790 Y133.380
G1 X132.180 Y132.390
G1 X132.220 Y132.090
G1 X132.530 Y131.500
G1 X131.790 Y133.380
G1 X132.180 Y132.390
G1 X132.220 Y132.090
G1 X132.530 Y131.500
G1 X131.790 Y133.380
G1 X132.180 Y132.390
G1 X132.220 Y132.090
G1 X132.530 Y131.500
G1 X131.790 Y133.380
G1 X132.180 Y132.390
G1 X132.220 Y132.090
G1 X132.530 Y131.500
G1 X131.790 Y133.380
G1 X132.180 Y132.390
G1 X132.220 Y132.090
G1 X132.530 Y131.500
G1 X131.790 Y133.380
G1 X132.180 Y132.390
G1 X132.220 Y132.090
G1 X132.530 Y131.500
G1 X131.790 Y133.380
G1 X132.180 Y132.390
G1 X132.220 Y132.090
G1 X132.530 Y131.500
G1 X131.790 Y133.380
G1 X132.180 Y132.390
G1 X132.220 Y132.090
G1 X132.530 Y131.500
G1 X131.790 Y133.380
G1 X132.180 Y132.390
G1 X132.220 Y132.090
G1 X132.530 Y131.500
G1 X131.790 Y133.380
G1 X132.180 Y132.390
G1 X132.220 Y132.090
G1 X132.530 Y131.500
G1 X131.790 Y133.380
G1 X132.180 Y132.390
G1 X132.220 Y132.090
G1 X132.530 Y131.500
G1 X131.790 Y133.380
G1 X132.180 Y132.390
G1 X132.220 Y132.090
G1 X132.530 Y131.500
G1 X131.790 Y133.380
G1 X132.180 Y132.390
G1 X132.220 Y132.090
G1 X132.530 Y131.500
G1 X131.790 Y133.380
G1 X132.180 Y132.390
G1 X132.220 Y132.090
G1 X132.530 Y131.500
G1 X131.790 Y133.380
G1 X132.180 Y132.390
G1 X132.220 Y132.090
G1 X132.530 Y131.500
G1 X131.790 Y133.380
G1 X132.180 Y132.390
G1 X132.220 Y132.090
G1 X132.530 Y131.500
G1 X131.790 Y133.380
G1 X132.180 Y132.390
G1 X132.220 Y132.090
G1 X132.530 Y131.500
G1 X131.790 Y133.380
G1 X132.180 Y132.390
G1 X132.220 Y132.090
G1 X132.530 Y131.500
G1 X131.790 Y133.380
G1 X132.180 Y132.390
G1 X132.220 Y132.090
G1 X132.530 Y131.500
G1 X132.446 Y131.713
M5

; --- etch stroke 41 (loop) ---
G0 X97.550 Y158.300
M3 S1000
F5000
G1 X97.550 Y148.290
G1 X97.730 Y147.900
G1 X97.950 Y151.600
G1 X98.120 Y152.060
G1 X98.730 Y152.600
G1 X98.120 Y153.140
G1 X97.950 Y153.600
G1 X97.950 Y157.600
G1 X98.120 Y158.060
G1 X98.440 Y158.410
G1 X99.050 Y158.700
G1 X97.730 Y158.700
G1 X97.550 Y158.300
G1 X97.550 Y148.290
G1 X97.730 Y147.900
G1 X97.950 Y151.600
G1 X98.120 Y152.060
G1 X98.730 Y152.600
G1 X98.120 Y153.140
G1 X97.950 Y153.600
G1 X97.950 Y157.600
G1 X98.120 Y158.060
G1 X98.440 Y158.410
G1 X99.050 Y158.700
G1 X97.730 Y158.700
G1 X97.550 Y158.300
G1 X97.550 Y148.290
G1 X97.730 Y147.900
G1 X97.950 Y151.600
G1 X98.120 Y152.060
G1 X98.730 Y152.600
G1 X98.120 Y153.140
G1 X97.950 Y153.600
G1 X97.950 Y157.600
G1 X98.120 Y158.060
G1 X98.440 Y158.410
G1 X99.050 Y158.700
G1 X97.730 Y158.700
G1 X97.550 Y158.300
G1 X97.550 Y148.290
G1 X97.730 Y147.900
G1 X97.950 Y151.600
G1 X98.120 Y152.060
G1 X98.730 Y152.600
G1 X98.120 Y153.140
G1 X97.950 Y153.600
G1 X97.950 Y157.600
G1 X98.120 Y158.060
G1 X98.440 Y158.410
G1 X99.050 Y158.700
G1 X97.730 Y158.700
G1 X97.550 Y158.300
G1 X97.550 Y148.290
G1 X97.730 Y147.900
G1 X97.755 Y148.328
M5

; --- etch stroke 42 (loop) ---
G0 X148.740 Y147.500
M3 S1000
F5000
G1 X149.230 Y146.390
G1 X149.580 Y146.070
G1 X150.040 Y145.900
G1 X152.030 Y145.940
G1 X152.650 Y146.390
G1 X153.100 Y147.210
G1 X153.140 Y159.200
G1 X152.770 Y160.060
G1 X152.450 Y160.410
G1 X152.030 Y160.660
G1 X149.850 Y160.660
G1 X149.230 Y160.210
G1 X148.780 Y159.390
G1 X148.740 Y147.500
G1 X149.230 Y146.390
G1 X149.580 Y146.070
G1 X150.040 Y145.900
G1 X152.030 Y145.940
G1 X152.650 Y146.390
G1 X153.100 Y147.210
G1 X153.140 Y159.200
G1 X152.770 Y160.060
G1 X152.450 Y160.410
G1 X152.030 Y160.660
G1 X149.850 Y160.660
G1 X149.230 Y160.210
G1 X148.780 Y159.390
G1 X148.740 Y147.500
G1 X149.230 Y146.390
G1 X149.580 Y146.070
G1 X150.040 Y145.900
G1 X152.030 Y145.940
G1 X152.650 Y146.390
G1 X153.100 Y147.210
G1 X153.140 Y159.200
G1 X152.770 Y160.060
G1 X152.450 Y160.410
G1 X152.030 Y160.660
G1 X149.850 Y160.660
G1 X149.230 Y160.210
G1 X148.780 Y159.390
G1 X148.740 Y147.500
G1 X149.230 Y146.390
G1 X149.580 Y146.070
G1 X150.040 Y145.900
G1 X152.030 Y145.940
G1 X152.650 Y146.390
G1 X153.100 Y147.210
G1 X153.121 Y153.612
M5

; --- etch stroke 43 (loop) ---
G0 X106.480 Y141.500
M3 S1000
F5000
G1 X106.880 Y140.500
G1 X107.480 Y139.100
G1 X108.080 Y137.700
G1 X108.680 Y136.300
G1 X108.800 Y135.830
G1 X109.280 Y134.900
G1 X109.880 Y133.500
G1 X110.480 Y132.100
G1 X111.250 Y130.340
G1 X111.770 Y129.790
G1 X112.190 Y129.540
G1 X113.780 Y129.500
G1 X114.240 Y129.670
G1 X114.910 Y130.340
G1 X115.560 Y131.630
G1 X115.680 Y132.100
G1 X116.240 Y133.210
G1 X116.840 Y134.610
G1 X117.440 Y136.010
G1 X118.040 Y137.410
G1 X118.640 Y138.810
G1 X119.240 Y140.210
G1 X119.640 Y141.210
G1 X119.880 Y142.000
G1 X119.880 Y142.800
G1 X119.710 Y143.260
G1 X118.990 Y144.010
G1 X118.570 Y144.260
G1 X116.980 Y144.300
G1 X116.610 Y144.180
G1 X115.850 Y143.460
G1 X115.600 Y142.970
G1 X115.480 Y142.490
G1 X114.920 Y141.390
G1 X114.880 Y141.090
G1 X114.320 Y139.990
G1 X114.280 Y139.690
G1 X113.800 Y138.770
G1 X113.680 Y138.290
G1 X113.080 Y137.000
G1 X112.480 Y138.290
G1 X112.360 Y138.770
G1 X111.880 Y139.690
G1 X111.840 Y139.990
G1 X111.280 Y141.090
G1 X111.240 Y141.390
G1 X110.680 Y142.490
G1 X110.560 Y142.970
G1 X110.310 Y143.460
G1 X109.640 Y144.130
G1 X109.180 Y144.300
G1 X107.780 Y144.300
G1 X107.410 Y144.180
G1 X106.570 Y143.410
G1 X106.320 Y142.990
G1 X106.280 Y142.000
G1 X106.480 Y141.500
G1 X106.880 Y140.500
G1 X107.480 Y139.100
G1 X108.080 Y137.700
G1 X108.680 Y136.300
G1 X108.800 Y135.830
G1 X109.280 Y134.900
G1 X109.880 Y133.500
G1 X110.480 Y132.100
G1 X111.250 Y130.340
G1 X111.770 Y129.790
G1 X112.190 Y129.540
G1 X113.780 Y129.500
G1 X114.240 Y129.670
G1 X114.910 Y130.340
G1 X115.560 Y131.630
G1 X115.680 Y132.100
G1 X116.240 Y133.210
G1 X116.840 Y134.610
G1 X117.440 Y136.010
G1 X118.040 Y137.410
G1 X118.640 Y138.810
G1 X119.240 Y140.210
G1 X119.640 Y141.210
G1 X119.880 Y142.000
G1 X119.880 Y142.800
G1 X119.710 Y143.260
G1 X118.990 Y144.010
G1 X118.570 Y144.260
G1 X116.980 Y144.300
G1 X116.610 Y144.180
G1 X115.850 Y143.460
G1 X115.600 Y142.970
G1 X115.480 Y142.490
G1 X114.920 Y141.390
G1 X114.880 Y141.090
G1 X114.320 Y139.990
G1 X114.280 Y139.690
G1 X113.800 Y138.770
G1 X113.680 Y138.290
G1 X113.080 Y137.000
G1 X112.480 Y138.290
G1 X112.360 Y138.770
G1 X111.880 Y139.690
G1 X111.840 Y139.990
G1 X111.280 Y141.090
G1 X111.240 Y141.390
G1 X110.680 Y142.490
G1 X110.560 Y142.970
G1 X110.310 Y143.460
G1 X109.640 Y144.130
G1 X109.180 Y144.300
G1 X107.780 Y144.300
G1 X107.410 Y144.180
G1 X106.570 Y143.410
G1 X106.320 Y142.990
G1 X106.280 Y142.000
G1 X106.480 Y141.500
G1 X106.880 Y140.500
G1 X107.480 Y139.100
G1 X108.080 Y137.700
G1 X108.680 Y136.300
G1 X108.800 Y135.830
G1 X109.280 Y134.900
G1 X109.880 Y133.500
G1 X110.480 Y132.100
G1 X111.250 Y130.340
G1 X111.770 Y129.790
G1 X112.190 Y129.540
G1 X113.780 Y129.500
G1 X114.240 Y129.670
G1 X114.910 Y130.340
G1 X115.560 Y131.630
G1 X115.680 Y132.100
G1 X116.240 Y133.210
G1 X116.840 Y134.610
G1 X117.440 Y136.010
G1 X118.040 Y137.410
G1 X118.640 Y138.810
G1 X119.240 Y140.210
G1 X119.476 Y140.801
M5

; --- etch stroke 44 (loop) ---
G0 X149.220 Y137.170
M3 S1000
F5000
G1 X149.340 Y136.800
G1 X149.340 Y135.470
G1 X152.040 Y133.340
G1 X152.040 Y138.780
G1 X149.820 Y137.790
G1 X149.220 Y137.170
G1 X149.340 Y136.800
G1 X149.340 Y135.470
G1 X152.040 Y133.340
G1 X152.040 Y138.780
G1 X149.820 Y137.790
G1 X149.220 Y137.170
G1 X149.340 Y136.800
G1 X149.340 Y135.470
G1 X152.040 Y133.340
G1 X152.040 Y138.780
G1 X149.820 Y137.790
G1 X149.220 Y137.170
G1 X149.340 Y136.800
G1 X149.340 Y135.470
G1 X152.040 Y133.340
G1 X152.040 Y138.780
G1 X149.820 Y137.790
G1 X149.220 Y137.170
G1 X149.340 Y136.800
G1 X149.340 Y135.470
G1 X152.040 Y133.340
G1 X152.040 Y138.780
G1 X149.820 Y137.790
G1 X149.220 Y137.170
G1 X149.340 Y136.800
G1 X149.340 Y135.470
G1 X152.040 Y133.340
G1 X152.040 Y138.780
G1 X149.820 Y137.790
G1 X149.220 Y137.170
G1 X149.340 Y136.800
G1 X149.340 Y135.470
G1 X152.040 Y133.340
G1 X152.040 Y138.780
G1 X149.820 Y137.790
G1 X149.231 Y137.181
M5

; --- etch stroke 45 (loop) ---
G0 X113.190 Y158.700
M3 S1000
F5000
G1 X112.790 Y158.700
G1 X112.790 Y147.900
G1 X113.190 Y147.900
G1 X113.190 Y158.700
G1 X112.790 Y158.700
G1 X112.790 Y147.900
G1 X113.190 Y147.900
G1 X113.190 Y158.700
G1 X112.790 Y158.700
G1 X112.790 Y147.900
G1 X113.190 Y147.900
G1 X113.190 Y158.700
G1 X112.790 Y158.700
G1 X112.790 Y147.900
G1 X113.190 Y147.900
G1 X113.190 Y158.700
G1 X112.790 Y158.700
G1 X112.790 Y147.900
G1 X113.190 Y147.900
G1 X113.190 Y152.433
M5

; --- etch stroke 46 (loop) ---
G0 X169.000 Y148.190
M3 S1000
F5000
G1 X168.960 Y147.600
G1 X169.280 Y146.630
G1 X169.800 Y146.070
G1 X170.260 Y145.900
G1 X171.700 Y145.900
G1 X172.070 Y146.020
G1 X172.880 Y146.830
G1 X173.780 Y148.900
G1 X177.780 Y148.900
G1 X178.160 Y148.100
G1 X178.730 Y146.740
G1 X179.250 Y146.190
G1 X179.670 Y145.940
G1 X181.490 Y145.940
G1 X181.910 Y146.190
G1 X182.230 Y146.540
G1 X182.520 Y147.210
G1 X182.600 Y147.600
G1 X182.520 Y148.590
G1 X182.160 Y149.290
G1 X182.040 Y149.770
G1 X181.560 Y150.690
G1 X181.440 Y151.170
G1 X180.960 Y152.090
G1 X180.920 Y152.390
G1 X180.560 Y153.090
G1 X180.520 Y153.390
G1 X179.960 Y154.490
G1 X179.920 Y154.790
G1 X179.360 Y155.890
G1 X179.320 Y156.190
G1 X178.760 Y157.290
G1 X178.720 Y157.590
G1 X178.160 Y158.690
G1 X178.120 Y158.990
G1 X177.590 Y160.060
G1 X177.320 Y160.330
G1 X176.690 Y160.660
G1 X176.090 Y160.860
G1 X175.660 Y160.900
G1 X174.690 Y160.580
G1 X174.240 Y160.330
G1 X173.970 Y160.060
G1 X173.440 Y158.990
G1 X173.400 Y158.690
G1 X172.840 Y157.590
G1 X172.800 Y157.290
G1 X172.240 Y156.190
G1 X172.200 Y155.890
G1 X171.640 Y154.790
G1 X171.600 Y154.490
G1 X171.040 Y153.390
G1 X171.000 Y153.090
G1 X170.640 Y152.390
G1 X170.600 Y152.090
G1 X170.040 Y150.990
G1 X170.000 Y150.690
G1 X169.440 Y149.590
G1 X169.400 Y149.290
G1 X169.040 Y148.590
G1 X169.000 Y148.190
G1 X168.960 Y147.600
G1 X169.280 Y146.630
G1 X169.800 Y146.070
G1 X170.260 Y145.900
G1 X171.700 Y145.900
G1 X172.070 Y146.020
G1 X172.880 Y146.830
G1 X173.780 Y148.900
G1 X177.780 Y148.900
G1 X178.160 Y148.100
G1 X178.730 Y146.740
G1 X179.250 Y146.190
G1 X179.670 Y145.940
G1 X181.490 Y145.940
G1 X181.910 Y146.190
G1 X182.230 Y146.540
G1 X182.520 Y147.210
G1 X182.600 Y147.600
G1 X182.520 Y148.590
G1 X182.160 Y149.290
G1 X182.040 Y149.770
G1 X181.560 Y150.690
G1 X181.440 Y151.170
G1 X180.960 Y152.090
G1 X180.920 Y152.390
G1 X180.560 Y153.090
G1 X180.520 Y153.390
G1 X179.960 Y154.490
G1 X179.920 Y154.790
G1 X179.360 Y155.890
G1 X179.320 Y156.190
G1 X178.760 Y157.290
G1 X178.720 Y157.590
G1 X178.160 Y158.690
G1 X178.120 Y158.990
G1 X177.590 Y160.060
G1 X177.320 Y160.330
G1 X176.690 Y160.660
G1 X176.090 Y160.860
G1 X175.660 Y160.900
G1 X174.690 Y160.580
G1 X174.240 Y160.330
G1 X173.970 Y160.060
G1 X173.440 Y158.990
G1 X173.400 Y158.690
G1 X172.840 Y157.590
G1 X172.800 Y157.290
G1 X172.240 Y156.190
G1 X172.200 Y155.890
G1 X171.640 Y154.790
G1 X171.600 Y154.490
G1 X171.040 Y153.390
G1 X171.000 Y153.090
G1 X170.640 Y152.390
G1 X170.600 Y152.090
G1 X170.040 Y150.990
G1 X170.000 Y150.690
G1 X169.440 Y149.590
G1 X169.400 Y149.290
G1 X169.040 Y148.590
G1 X169.000 Y148.190
G1 X168.960 Y147.600
G1 X169.280 Y146.630
G1 X169.800 Y146.070
G1 X170.260 Y145.900
G1 X171.700 Y145.900
G1 X172.070 Y146.020
G1 X172.880 Y146.830
G1 X173.780 Y148.900
G1 X177.780 Y148.900
G1 X178.160 Y148.100
G1 X178.730 Y146.740
G1 X179.250 Y146.190
G1 X179.670 Y145.940
G1 X181.490 Y145.940
G1 X181.910 Y146.190
G1 X182.230 Y146.540
G1 X182.520 Y147.210
G1 X182.600 Y147.600
G1 X182.520 Y148.590
G1 X182.160 Y149.290
G1 X182.040 Y149.770
G1 X181.560 Y150.690
G1 X181.440 Y151.170
G1 X180.960 Y152.090
G1 X180.920 Y152.390
G1 X180.560 Y153.090
G1 X180.520 Y153.390
G1 X179.960 Y154.490
G1 X179.920 Y154.790
G1 X179.360 Y155.890
G1 X179.320 Y156.190
G1 X178.760 Y157.290
G1 X178.720 Y157.590
G1 X178.160 Y158.690
G1 X178.120 Y158.990
G1 X177.648 Y159.942
M5

; --- etch stroke 47 (loop) ---
G0 X108.480 Y141.890
M3 S1000
F5000
G1 X108.840 Y141.190
G1 X108.880 Y140.890
G1 X109.440 Y139.790
G1 X109.480 Y139.490
G1 X110.040 Y138.390
G1 X110.080 Y138.090
G1 X110.640 Y136.990
G1 X110.680 Y136.690
G1 X111.240 Y135.590
G1 X111.280 Y135.290
G1 X111.840 Y134.190
G1 X111.880 Y133.890
G1 X112.440 Y132.790
G1 X112.480 Y132.490
G1 X112.990 Y131.500
G1 X114.280 Y133.890
G1 X114.320 Y134.190
G1 X114.880 Y135.290
G1 X115.000 Y135.770
G1 X115.480 Y136.690
G1 X115.520 Y136.990
G1 X116.080 Y138.090
G1 X116.120 Y138.390
G1 X116.680 Y139.490
G1 X116.720 Y139.790
G1 X117.280 Y140.890
G1 X117.320 Y141.190
G1 X117.680 Y141.890
G1 X117.770 Y142.300
G1 X117.480 Y142.100
G1 X116.880 Y140.700
G1 X116.280 Y139.300
G1 X115.680 Y137.900
G1 X115.080 Y136.500
G1 X114.480 Y135.100
G1 X114.160 Y134.230
G1 X113.640 Y133.670
G1 X113.180 Y133.500
G1 X112.790 Y133.540
G1 X112.050 Y134.140
G1 X111.720 Y134.810
G1 X111.510 Y135.480
G1 X111.120 Y136.210
G1 X110.520 Y137.610
G1 X109.920 Y139.010
G1 X109.320 Y140.410
G1 X108.720 Y141.810
G1 X108.570 Y142.300
G1 X108.480 Y141.890
G1 X108.840 Y141.190
G1 X108.880 Y140.890
G1 X109.440 Y139.790
G1 X109.480 Y139.490
G1 X110.040 Y138.390
G1 X110.080 Y138.090
G1 X110.640 Y136.990
G1 X110.680 Y136.690
G1 X111.240 Y135.590
G1 X111.280 Y135.290
G1 X111.840 Y134.190
G1 X111.880 Y133.890
G1 X112.440 Y132.790
G1 X112.480 Y132.490
G1 X112.990 Y131.500
G1 X114.280 Y133.890
G1 X114.320 Y134.190
G1 X114.880 Y135.290
G1 X115.000 Y135.770
G1 X115.480 Y136.690
G1 X115.520 Y136.990
G1 X116.080 Y138.090
G1 X116.120 Y138.390
G1 X116.680 Y139.490
G1 X116.720 Y139.790
G1 X117.280 Y140.890
G1 X117.320 Y141.190
G1 X117.680 Y141.890
G1 X117.770 Y142.300
G1 X117.480 Y142.100
G1 X116.880 Y140.700
G1 X116.280 Y139.300
G1 X115.680 Y137.900
G1 X115.080 Y136.500
G1 X114.480 Y135.100
G1 X114.160 Y134.230
G1 X113.640 Y133.670
G1 X113.180 Y133.500
G1 X112.790 Y133.540
G1 X112.050 Y134.140
G1 X111.720 Y134.810
G1 X111.510 Y135.480
G1 X111.120 Y136.210
G1 X110.520 Y137.610
G1 X109.920 Y139.010
G1 X109.320 Y140.410
G1 X108.720 Y141.810
G1 X108.570 Y142.300
G1 X108.480 Y141.890
G1 X108.840 Y141.190
G1 X108.880 Y140.890
G1 X109.440 Y139.790
G1 X109.480 Y139.490
G1 X110.040 Y138.390
G1 X110.080 Y138.090
G1 X110.640 Y136.990
G1 X110.680 Y136.690
G1 X111.240 Y135.590
G1 X111.280 Y135.290
G1 X111.840 Y134.190
G1 X111.880 Y133.890
G1 X112.440 Y132.790
G1 X112.480 Y132.490
G1 X112.990 Y131.500
G1 X114.280 Y133.890
G1 X114.320 Y134.190
G1 X114.880 Y135.290
G1 X115.000 Y135.770
G1 X115.480 Y136.690
G1 X115.520 Y136.990
G1 X116.080 Y138.090
G1 X116.120 Y138.390
G1 X116.680 Y139.490
G1 X116.720 Y139.790
G1 X117.280 Y140.890
G1 X117.320 Y141.190
G1 X117.680 Y141.890
G1 X117.770 Y142.300
G1 X117.480 Y142.100
G1 X116.880 Y140.700
G1 X116.280 Y139.300
G1 X115.680 Y137.900
G1 X115.080 Y136.500
G1 X114.480 Y135.100
G1 X114.160 Y134.230
G1 X113.640 Y133.670
G1 X113.180 Y133.500
G1 X112.790 Y133.540
G1 X112.050 Y134.140
G1 X111.720 Y134.810
G1 X111.510 Y135.480
G1 X111.120 Y136.210
G1 X110.520 Y137.610
G1 X110.291 Y138.144
M5

; --- etch stroke 48 (loop) ---
G0 X167.610 Y138.060
M3 S1000
F5000
G1 X167.540 Y136.000
G1 X167.630 Y135.100
G1 X167.850 Y134.210
G1 X168.780 Y132.340
G1 X169.700 Y131.190
G1 X170.850 Y130.270
G1 X171.850 Y129.740
G1 X173.010 Y129.320
G1 X176.640 Y129.300
G1 X177.900 Y129.740
G1 X178.900 Y130.270
G1 X180.050 Y131.190
G1 X180.970 Y132.340
G1 X181.900 Y134.210
G1 X182.120 Y135.100
G1 X182.210 Y136.000
G1 X182.140 Y138.600
G1 X181.900 Y139.590
G1 X180.970 Y141.460
G1 X180.250 Y142.410
G1 X178.900 Y143.530
G1 X177.900 Y144.060
G1 X176.740 Y144.480
G1 X173.110 Y144.500
G1 X171.850 Y144.060
G1 X170.850 Y143.530
G1 X169.500 Y142.410
G1 X168.780 Y141.460
G1 X167.850 Y139.590
G1 X167.610 Y138.600
G1 X167.610 Y138.060
G1 X167.540 Y136.000
G1 X167.630 Y135.100
G1 X167.850 Y134.210
G1 X168.780 Y132.340
G1 X169.700 Y131.190
G1 X170.850 Y130.270
G1 X171.850 Y129.740
G1 X173.010 Y129.320
G1 X176.640 Y129.300
G1 X177.900 Y129.740
G1 X178.900 Y130.270
G1 X180.050 Y131.190
G1 X180.970 Y132.340
G1 X181.900 Y134.210
G1 X182.120 Y135.100
G1 X182.210 Y136.000
G1 X182.140 Y138.600
G1 X181.900 Y139.590
G1 X180.970 Y141.460
G1 X180.250 Y142.410
G1 X178.900 Y143.530
G1 X177.900 Y144.060
G1 X176.740 Y144.480
G1 X173.110 Y144.500
G1 X171.850 Y144.060
G1 X170.850 Y143.530
G1 X169.500 Y142.410
G1 X168.780 Y141.460
G1 X167.850 Y139.590
G1 X167.610 Y138.600
G1 X167.610 Y138.060
G1 X167.540 Y136.000
G1 X167.630 Y135.100
G1 X167.850 Y134.210
G1 X168.780 Y132.340
G1 X169.700 Y131.190
G1 X170.850 Y130.270
G1 X171.850 Y129.740
G1 X173.010 Y129.320
G1 X176.640 Y129.300
G1 X177.900 Y129.740
G1 X178.900 Y130.270
G1 X180.050 Y131.190
G1 X180.970 Y132.340
G1 X181.900 Y134.210
G1 X182.120 Y135.100
G1 X182.210 Y136.000
G1 X182.140 Y138.600
G1 X181.900 Y139.590
G1 X180.970 Y141.460
G1 X180.250 Y142.410
G1 X178.900 Y143.530
G1 X177.900 Y144.060
G1 X176.740 Y144.480
G1 X176.603 Y144.481
M5

; --- etch stroke 49 (loop) ---
G0 X104.990 Y153.960
M3 S1000
F5000
G1 X105.380 Y154.350
G1 X105.750 Y155.290
G1 X105.750 Y156.700
G1 X105.180 Y157.850
G1 X104.700 Y158.330
G1 X103.760 Y158.700
G1 X103.450 Y158.700
G1 X103.910 Y158.530
G1 X104.860 Y157.610
G1 X105.310 Y156.790
G1 X105.350 Y155.000
G1 X104.990 Y153.960
G1 X105.380 Y154.350
G1 X105.750 Y155.290
G1 X105.750 Y156.700
G1 X105.180 Y157.850
G1 X104.700 Y158.330
G1 X103.760 Y158.700
G1 X103.450 Y158.700
G1 X103.910 Y158.530
G1 X104.860 Y157.610
G1 X105.310 Y156.790
G1 X105.350 Y155.000
G1 X104.990 Y153.960
G1 X105.380 Y154.350
G1 X105.750 Y155.290
G1 X105.750 Y156.700
G1 X105.180 Y157.850
G1 X104.700 Y158.330
G1 X103.760 Y158.700
G1 X103.450 Y158.700
G1 X103.910 Y158.530
G1 X104.860 Y157.610
G1 X105.310 Y156.790
G1 X105.350 Y155.000
G1 X104.990 Y153.960
G1 X105.380 Y154.350
G1 X105.750 Y155.290
G1 X105.750 Y156.700
G1 X105.180 Y157.850
G1 X104.700 Y158.330
G1 X103.760 Y158.700
G1 X103.450 Y158.700
G1 X103.910 Y158.530
G1 X104.860 Y157.610
G1 X105.310 Y156.790
G1 X105.350 Y155.000
G1 X104.990 Y153.960
G1 X105.380 Y154.350
G1 X105.750 Y155.290
G1 X105.750 Y156.700
G1 X105.180 Y157.850
G1 X104.700 Y158.330
G1 X103.760 Y158.700
G1 X103.450 Y158.700
G1 X103.910 Y158.530
G1 X104.860 Y157.610
G1 X105.310 Y156.790
G1 X105.350 Y155.000
G1 X104.990 Y153.960
G1 X105.380 Y154.350
G1 X105.750 Y155.290
G1 X105.750 Y156.700
G1 X105.180 Y157.850
G1 X104.700 Y158.330
G1 X103.760 Y158.700
G1 X103.450 Y158.700
G1 X103.910 Y158.530
G1 X104.860 Y157.610
G1 X105.310 Y156.790
G1 X105.350 Y155.000
G1 X104.990 Y153.960
G1 X105.380 Y154.350
G1 X105.750 Y155.290
G1 X105.750 Y156.700
G1 X105.180 Y157.850
G1 X104.700 Y158.330
G1 X103.760 Y158.700
G1 X103.450 Y158.700
G1 X103.910 Y158.530
G1 X104.860 Y157.610
G1 X105.310 Y156.790
G1 X105.350 Y155.000
G1 X104.990 Y153.960
G1 X105.380 Y154.350
G1 X105.750 Y155.290
G1 X105.750 Y156.700
G1 X105.180 Y157.850
G1 X104.700 Y158.330
G1 X103.760 Y158.700
G1 X103.450 Y158.700
G1 X103.910 Y158.530
G1 X104.860 Y157.610
G1 X105.310 Y156.790
G1 X105.350 Y155.000
G1 X104.990 Y153.960
G1 X105.046 Y154.016
M5

; --- etch stroke 50 (loop) ---
G0 X147.527 Y138.300
M3 S1000
F5000
G1 X143.440 Y138.300
G1 X142.980 Y138.130
G1 X142.260 Y137.370
G1 X142.140 Y137.000
G1 X142.140 Y135.600
G1 X142.310 Y135.140
G1 X142.830 Y134.590
G1 X143.250 Y134.340
G1 X144.940 Y134.300
G1 X144.940 Y133.500
G1 X143.140 Y133.500
G1 X142.190 Y133.870
G1 X141.900 Y134.130
G1 X141.590 Y134.270
G1 X141.310 Y134.550
G1 X140.740 Y135.490
G1 X140.700 Y135.790
G1 X140.540 Y136.090
G1 X140.500 Y136.590
G1 X140.340 Y136.900
G1 X140.500 Y137.210
G1 X140.540 Y137.700
G1 X140.700 Y138.010
G1 X141.310 Y139.250
G1 X141.590 Y139.530
G1 X141.900 Y139.670
G1 X142.190 Y139.930
G1 X143.140 Y140.300
G1 X144.550 Y140.300
G1 X145.640 Y139.900
G1 X147.230 Y139.940
G1 X148.050 Y140.390
G1 X148.420 Y141.030
G1 X148.540 Y141.400
G1 X148.540 Y142.400
G1 X148.220 Y143.170
G1 X147.210 Y143.980
G1 X145.640 Y144.500
G1 X142.040 Y144.500
G1 X140.950 Y144.100
G1 X140.650 Y144.060
G1 X139.980 Y143.730
G1 X139.690 Y143.470
G1 X138.630 Y142.810
G1 X137.630 Y141.810
G1 X137.110 Y141.060
G1 X136.380 Y139.590
G1 X136.140 Y138.800
G1 X136.140 Y138.290
G1 X135.940 Y137.800
G1 X135.940 Y136.000
G1 X136.140 Y135.500
G1 X136.140 Y135.000
G1 X136.380 Y134.210
G1 X137.060 Y132.830
G1 X137.630 Y131.990
G1 X138.830 Y130.790
G1 X140.650 Y129.740
G1 X140.950 Y129.700
G1 X142.040 Y129.300
G1 X145.640 Y129.300
G1 X147.030 Y129.740
G1 X148.500 Y130.470
G1 X148.970 Y130.940
G1 X149.340 Y131.800
G1 X149.340 Y132.949
G1 X151.530 Y131.150
G1 X152.280 Y130.440
G1 X152.420 Y130.140
G1 X152.890 Y129.670
G1 X153.350 Y129.500
G1 X154.950 Y129.500
G1 X155.320 Y129.620
G1 X155.880 Y130.140
G1 X156.250 Y131.000
G1 X156.250 Y136.280
G1 X156.480 Y136.050
G1 X156.740 Y135.590
G1 X157.080 Y135.250
G1 X157.340 Y134.790
G1 X157.880 Y134.250
G1 X158.020 Y133.940
G1 X158.480 Y133.450
G1 X158.620 Y133.140
G1 X159.280 Y132.450
G1 X159.420 Y132.140
G1 X160.080 Y131.450
G1 X160.220 Y131.140
G1 X160.680 Y130.650
G1 X160.820 Y130.340
G1 X161.340 Y129.790
G1 X161.950 Y129.500
G1 X163.550 Y129.500
G1 X164.010 Y129.670
G1 X164.880 Y130.540
G1 X165.050 Y131.000
G1 X165.010 Y142.990
G1 X164.680 Y143.660
G1 X164.120 Y144.180
G1 X163.750 Y144.300
G1 X162.150 Y144.300
G1 X161.690 Y144.130
G1 X161.150 Y143.520
G1 X158.640 Y143.060
G1 X156.900 Y142.620
G1 X156.420 Y143.150
G1 X156.160 Y143.610
G1 X155.520 Y144.180
G1 X155.150 Y144.300
G1 X153.360 Y144.260
G1 X152.940 Y144.010
G1 X152.340 Y143.410
G1 X152.090 Y142.990
G1 X152.050 Y140.950
G1 X148.740 Y139.490
G1 X147.525 Y138.300
G1 X143.440 Y138.300
G1 X142.980 Y138.130
G1 X142.260 Y137.370
G1 X142.140 Y137.000
G1 X142.140 Y135.600
G1 X142.310 Y135.140
G1 X142.830 Y134.590
G1 X143.250 Y134.340
G1 X144.940 Y134.300
G1 X144.940 Y133.500
G1 X143.140 Y133.500
G1 X142.190 Y133.870
G1 X141.900 Y134.130
G1 X141.590 Y134.270
G1 X141.310 Y134.550
G1 X140.740 Y135.490
G1 X140.700 Y135.790
G1 X140.540 Y136.090
G1 X140.500 Y136.590
G1 X140.340 Y136.900
G1 X140.500 Y137.210
G1 X140.540 Y137.700
G1 X140.700 Y138.010
G1 X141.310 Y139.250
G1 X141.590 Y139.530
G1 X141.900 Y139.670
G1 X142.190 Y139.930
G1 X143.140 Y140.300
G1 X144.550 Y140.300
G1 X145.640 Y139.900
G1 X147.230 Y139.940
G1 X148.050 Y140.390
G1 X148.420 Y141.030
G1 X148.540 Y141.400
G1 X148.540 Y142.400
G1 X148.220 Y143.170
G1 X147.210 Y143.980
G1 X145.640 Y144.500
G1 X142.040 Y144.500
G1 X140.950 Y144.100
G1 X140.650 Y144.060
G1 X139.980 Y143.730
G1 X139.690 Y143.470
G1 X138.630 Y142.810
G1 X137.630 Y141.810
G1 X137.110 Y141.060
G1 X136.380 Y139.590
G1 X136.140 Y138.800
G1 X136.140 Y138.290
G1 X135.940 Y137.800
G1 X135.940 Y136.000
G1 X136.140 Y135.500
G1 X136.140 Y135.000
G1 X136.380 Y134.210
G1 X137.060 Y132.830
G1 X137.630 Y131.990
G1 X138.830 Y130.790
G1 X140.650 Y129.740
G1 X140.950 Y129.700
G1 X142.040 Y129.300
G1 X145.640 Y129.300
G1 X147.030 Y129.740
G1 X148.500 Y130.470
G1 X148.970 Y130.940
G1 X149.340 Y131.800
G1 X149.340 Y132.949
G1 X151.530 Y131.150
G1 X152.280 Y130.440
G1 X152.420 Y130.140
G1 X152.890 Y129.670
G1 X153.350 Y129.500
G1 X154.950 Y129.500
G1 X155.320 Y129.620
G1 X155.880 Y130.140
G1 X156.250 Y131.000
G1 X156.250 Y136.280
G1 X156.480 Y136.050
G1 X156.740 Y135.590
G1 X156.772 Y135.558
M5

; --- etch stroke 51 (loop) ---
G0 X186.530 Y158.310
M3 S1000
F5000
G1 X186.530 Y148.290
G1 X186.710 Y147.900
G1 X188.030 Y147.900
G1 X187.660 Y148.020
G1 X187.100 Y148.540
G1 X186.930 Y149.000
G1 X186.930 Y158.700
G1 X186.530 Y158.310
G1 X186.530 Y148.290
G1 X186.710 Y147.900
G1 X188.030 Y147.900
G1 X187.660 Y148.020
G1 X187.100 Y148.540
G1 X186.930 Y149.000
G1 X186.930 Y158.700
G1 X186.530 Y158.310
G1 X186.530 Y148.290
G1 X186.710 Y147.900
G1 X188.030 Y147.900
G1 X187.660 Y148.020
G1 X187.100 Y148.540
G1 X186.930 Y149.000
G1 X186.930 Y158.700
G1 X186.530 Y158.310
G1 X186.530 Y148.290
G1 X186.710 Y147.900
G1 X188.030 Y147.900
G1 X187.660 Y148.020
G1 X187.100 Y148.540
G1 X186.930 Y149.000
G1 X186.930 Y158.700
G1 X186.530 Y158.310
G1 X186.530 Y148.290
G1 X186.710 Y147.900
G1 X188.030 Y147.900
G1 X187.660 Y148.020
G1 X187.543 Y148.129
M5

; --- etch stroke 52 (loop) ---
G0 X136.050 Y153.700
M3 S1000
F5000
G1 X136.050 Y152.690
G1 X136.230 Y152.300
G1 X136.250 Y151.690
G1 X136.410 Y151.390
G1 X136.450 Y150.890
G1 X137.220 Y149.550
G1 X138.100 Y148.670
G1 X139.250 Y148.100
G1 X140.450 Y147.700
G1 X143.060 Y147.700
G1 X144.380 Y148.180
G1 X144.050 Y148.300
G1 X143.150 Y147.900
G1 X140.350 Y147.900
G1 X138.690 Y148.670
G1 X137.420 Y149.940
G1 X136.690 Y151.410
G1 X136.650 Y152.100
G1 X136.450 Y152.600
G1 X136.450 Y153.800
G1 X136.650 Y154.290
G1 X136.690 Y154.990
G1 X137.420 Y156.460
G1 X138.690 Y157.730
G1 X140.350 Y158.500
G1 X143.150 Y158.500
G1 X144.050 Y158.100
G1 X144.430 Y158.100
G1 X143.060 Y158.700
G1 X140.450 Y158.700
G1 X139.540 Y158.340
G1 X138.100 Y157.730
G1 X137.220 Y156.850
G1 X136.620 Y155.880
G1 X136.450 Y155.500
G1 X136.410 Y155.010
G1 X136.250 Y154.700
G1 X136.210 Y154.010
G1 X136.050 Y153.700
G1 X136.050 Y152.690
G1 X136.230 Y152.300
G1 X136.250 Y151.690
G1 X136.410 Y151.390
G1 X136.450 Y150.890
G1 X137.220 Y149.550
G1 X138.100 Y148.670
G1 X139.250 Y148.100
G1 X140.450 Y147.700
G1 X143.060 Y147.700
G1 X144.380 Y148.180
G1 X144.050 Y148.300
G1 X143.150 Y147.900
G1 X140.350 Y147.900
G1 X138.690 Y148.670
G1 X137.420 Y149.940
G1 X136.690 Y151.410
G1 X136.650 Y152.100
G1 X136.450 Y152.600
G1 X136.450 Y153.800
G1 X136.650 Y154.290
G1 X136.690 Y154.990
G1 X137.420 Y156.460
G1 X138.690 Y157.730
G1 X140.350 Y158.500
G1 X143.150 Y158.500
G1 X144.050 Y158.100
G1 X144.430 Y158.100
G1 X143.060 Y158.700
G1 X140.450 Y158.700
G1 X139.540 Y158.340
G1 X138.100 Y157.730
G1 X137.220 Y156.850
G1 X136.620 Y155.880
G1 X136.450 Y155.500
G1 X136.410 Y155.010
G1 X136.250 Y154.700
G1 X136.210 Y154.010
G1 X136.050 Y153.700
G1 X136.050 Y152.690
G1 X136.230 Y152.300
G1 X136.250 Y151.690
G1 X136.410 Y151.390
G1 X136.450 Y150.890
G1 X137.220 Y149.550
G1 X138.100 Y148.670
G1 X139.250 Y148.100
G1 X140.450 Y147.700
G1 X143.060 Y147.700
G1 X144.380 Y148.180
G1 X144.050 Y148.300
G1 X143.150 Y147.900
G1 X140.350 Y147.900
G1 X138.690 Y148.670
G1 X137.420 Y149.940
G1 X136.690 Y151.410
G1 X136.650 Y152.100
G1 X136.450 Y152.600
G1 X136.450 Y153.800
G1 X136.650 Y154.290
G1 X136.690 Y154.990
G1 X137.420 Y156.460
G1 X138.690 Y157.730
G1 X140.350 Y158.500
G1 X143.150 Y158.500
G1 X144.050 Y158.100
G1 X144.430 Y158.100
G1 X143.060 Y158.700
G1 X142.032 Y158.700
M5

; --- etch stroke 53 (loop) ---
G0 X179.720 Y149.790
M3 S1000
F5000
G1 X179.760 Y149.490
G1 X180.120 Y148.790
G1 X180.160 Y148.490
G1 X180.470 Y147.900
G1 X179.720 Y149.790
G1 X179.760 Y149.490
G1 X180.120 Y148.790
G1 X180.160 Y148.490
G1 X180.470 Y147.900
G1 X179.720 Y149.790
G1 X179.760 Y149.490
G1 X180.120 Y148.790
G1 X180.160 Y148.490
G1 X180.470 Y147.900
G1 X179.720 Y149.790
G1 X179.760 Y149.490
G1 X180.120 Y148.790
G1 X180.160 Y148.490
G1 X180.470 Y147.900
G1 X179.720 Y149.790
G1 X179.760 Y149.490
G1 X180.120 Y148.790
G1 X180.160 Y148.490
G1 X180.470 Y147.900
G1 X179.720 Y149.790
G1 X179.760 Y149.490
G1 X180.120 Y148.790
G1 X180.160 Y148.490
G1 X180.470 Y147.900
G1 X179.720 Y149.790
G1 X179.760 Y149.490
G1 X180.120 Y148.790
G1 X180.160 Y148.490
G1 X180.470 Y147.900
G1 X179.720 Y149.790
G1 X179.760 Y149.490
G1 X180.120 Y148.790
G1 X180.160 Y148.490
G1 X180.470 Y147.900
G1 X179.720 Y149.790
G1 X179.760 Y149.490
G1 X180.120 Y148.790
G1 X180.160 Y148.490
G1 X180.470 Y147.900
G1 X179.720 Y149.790
G1 X179.760 Y149.490
G1 X180.120 Y148.790
G1 X180.160 Y148.490
G1 X180.470 Y147.900
G1 X179.720 Y149.790
G1 X179.760 Y149.490
G1 X180.120 Y148.790
G1 X180.160 Y148.490
G1 X180.470 Y147.900
G1 X179.720 Y149.790
G1 X179.760 Y149.490
G1 X180.120 Y148.790
G1 X180.160 Y148.490
G1 X180.470 Y147.900
G1 X179.720 Y149.790
G1 X179.760 Y149.490
G1 X180.120 Y148.790
G1 X180.160 Y148.490
G1 X180.470 Y147.900
G1 X179.720 Y149.790
G1 X179.760 Y149.490
G1 X180.120 Y148.790
G1 X180.160 Y148.490
G1 X180.470 Y147.900
G1 X179.720 Y149.790
G1 X179.760 Y149.490
G1 X180.120 Y148.790
G1 X180.160 Y148.490
G1 X180.470 Y147.900
G1 X179.720 Y149.790
G1 X179.760 Y149.490
G1 X180.120 Y148.790
G1 X180.160 Y148.490
G1 X180.470 Y147.900
G1 X179.720 Y149.790
G1 X179.760 Y149.490
G1 X180.120 Y148.790
G1 X180.160 Y148.490
G1 X180.470 Y147.900
G1 X179.720 Y149.790
G1 X179.760 Y149.490
G1 X180.120 Y148.790
G1 X180.160 Y148.490
G1 X180.470 Y147.900
G1 X179.720 Y149.790
G1 X179.760 Y149.490
G1 X180.120 Y148.790
G1 X180.160 Y148.490
G1 X180.470 Y147.900
G1 X179.720 Y149.790
G1 X179.760 Y149.490
G1 X180.120 Y148.790
G1 X180.160 Y148.490
G1 X180.470 Y147.900
G1 X179.720 Y149.790
G1 X179.760 Y149.490
G1 X180.120 Y148.790
G1 X180.160 Y148.490
G1 X180.470 Y147.900
G1 X179.720 Y149.790
G1 X179.760 Y149.490
G1 X180.120 Y148.790
G1 X180.160 Y148.490
G1 X180.204 Y148.406
M5

; --- etch stroke 54 (loop) ---
G0 X134.250 Y154.690
M3 S1000
F5000
G1 X134.050 Y154.200
G1 X134.050 Y152.200
G1 X134.250 Y151.700
G1 X134.250 Y151.200
G1 X134.450 Y150.700
G1 X134.490 Y150.210
G1 X135.020 Y149.140
G1 X135.280 Y148.850
G1 X135.420 Y148.540
G1 X137.090 Y146.870
G1 X138.560 Y146.140
G1 X138.860 Y146.100
G1 X139.950 Y145.700
G1 X143.550 Y145.700
G1 X145.120 Y146.220
G1 X145.610 Y146.470
G1 X146.080 Y146.940
G1 X146.450 Y147.800
G1 X146.450 Y148.800
G1 X146.280 Y149.260
G1 X145.560 Y150.010
G1 X144.950 Y150.300
G1 X143.550 Y150.300
G1 X142.660 Y149.900
G1 X140.850 Y149.900
G1 X139.700 Y150.470
G1 X139.220 Y150.950
G1 X138.650 Y152.090
G1 X138.650 Y152.600
G1 X138.450 Y153.090
G1 X138.650 Y153.800
G1 X138.650 Y154.300
G1 X139.220 Y155.450
G1 X139.700 Y155.930
G1 X140.470 Y156.330
G1 X140.850 Y156.500
G1 X142.660 Y156.500
G1 X143.550 Y156.100
G1 X144.950 Y156.100
G1 X145.320 Y156.220
G1 X146.280 Y157.140
G1 X146.450 Y157.600
G1 X146.410 Y158.790
G1 X146.080 Y159.460
G1 X145.610 Y159.930
G1 X144.940 Y160.260
G1 X143.550 Y160.700
G1 X139.950 Y160.700
G1 X138.380 Y160.180
G1 X137.090 Y159.530
G1 X135.420 Y157.860
G1 X135.280 Y157.550
G1 X135.020 Y157.260
G1 X134.490 Y156.190
G1 X134.450 Y155.690
G1 X134.250 Y155.200
G1 X134.250 Y154.690
G1 X134.050 Y154.200
G1 X134.050 Y152.200
G1 X134.250 Y151.700
G1 X134.250 Y151.200
G1 X134.450 Y150.700
G1 X134.490 Y150.210
G1 X135.020 Y149.140
G1 X135.280 Y148.850
G1 X135.420 Y148.540
G1 X137.090 Y146.870
G1 X138.560 Y146.140
G1 X138.860 Y146.100
G1 X139.950 Y145.700
G1 X143.550 Y145.700
G1 X145.120 Y146.220
G1 X145.610 Y146.470
G1 X146.080 Y146.940
G1 X146.450 Y147.800
G1 X146.450 Y148.800
G1 X146.280 Y149.260
G1 X145.560 Y150.010
G1 X144.950 Y150.300
G1 X143.550 Y150.300
G1 X142.660 Y149.900
G1 X140.850 Y149.900
G1 X139.700 Y150.470
G1 X139.220 Y150.950
G1 X138.650 Y152.090
G1 X138.650 Y152.600
G1 X138.450 Y153.090
G1 X138.650 Y153.800
G1 X138.650 Y154.300
G1 X139.220 Y155.450
G1 X139.700 Y155.930
G1 X140.470 Y156.330
G1 X140.850 Y156.500
G1 X142.660 Y156.500
G1 X143.550 Y156.100
G1 X144.950 Y156.100
G1 X145.320 Y156.220
G1 X146.280 Y157.140
G1 X146.450 Y157.600
G1 X146.410 Y158.790
G1 X146.080 Y159.460
G1 X145.610 Y159.930
G1 X144.940 Y160.260
G1 X143.550 Y160.700
G1 X139.950 Y160.700
G1 X138.380 Y160.180
G1 X137.090 Y159.530
G1 X135.420 Y157.860
G1 X135.280 Y157.550
G1 X135.020 Y157.260
G1 X134.490 Y156.190
G1 X134.450 Y155.690
G1 X134.250 Y155.200
G1 X134.250 Y154.690
G1 X134.050 Y154.200
G1 X134.050 Y152.200
G1 X134.250 Y151.700
G1 X134.250 Y151.200
G1 X134.450 Y150.700
G1 X134.490 Y150.210
G1 X135.020 Y149.140
G1 X135.280 Y148.850
G1 X135.420 Y148.540
G1 X137.090 Y146.870
G1 X138.560 Y146.140
G1 X138.860 Y146.100
G1 X139.950 Y145.700
G1 X143.550 Y145.700
G1 X145.120 Y146.220
G1 X145.610 Y146.470
G1 X146.080 Y146.940
G1 X146.450 Y147.800
G1 X146.450 Y148.800
G1 X146.280 Y149.260
G1 X145.560 Y150.010
G1 X144.950 Y150.300
G1 X143.550 Y150.300
G1 X143.492 Y150.274
M5

; --- etch stroke 55 (loop) ---
G0 X94.530 Y133.650
M3 S1000
F5000
G1 X95.060 Y134.210
G1 X95.480 Y134.460
G1 X96.670 Y134.500
G1 X96.210 Y134.670
G1 X95.740 Y135.140
G1 X95.570 Y135.600
G1 X95.610 Y135.990
G1 X95.890 Y136.770
G1 X96.600 Y138.120
G1 X96.770 Y138.490
G1 X96.810 Y138.790
G1 X97.340 Y139.860
G1 X97.790 Y140.310
G1 X98.250 Y140.480
G1 X98.640 Y140.440
G1 X99.360 Y139.860
G1 X99.890 Y138.790
G1 X99.930 Y138.490
G1 X100.100 Y138.120
G1 X100.810 Y136.770
G1 X101.090 Y135.990
G1 X101.130 Y135.600
G1 X100.960 Y135.140
G1 X100.490 Y134.670
G1 X100.030 Y134.500
G1 X101.220 Y134.460
G1 X101.640 Y134.210
G1 X102.170 Y133.650
G1 X101.570 Y135.050
G1 X101.170 Y136.050
G1 X100.570 Y137.450
G1 X99.970 Y138.850
G1 X99.370 Y140.250
G1 X98.770 Y141.650
G1 X98.540 Y142.300
G1 X98.130 Y142.270
G1 X97.930 Y141.650
G1 X97.370 Y140.520
G1 X96.770 Y139.120
G1 X96.170 Y137.720
G1 X95.570 Y136.300
G1 X95.170 Y135.320
G1 X94.530 Y133.650
G1 X95.060 Y134.210
G1 X95.480 Y134.460
G1 X96.670 Y134.500
G1 X96.210 Y134.670
G1 X95.740 Y135.140
G1 X95.570 Y135.600
G1 X95.610 Y135.990
G1 X95.890 Y136.770
G1 X96.600 Y138.120
G1 X96.770 Y138.490
G1 X96.810 Y138.790
G1 X97.340 Y139.860
G1 X97.790 Y140.310
G1 X98.250 Y140.480
G1 X98.640 Y140.440
G1 X99.360 Y139.860
G1 X99.890 Y138.790
G1 X99.930 Y138.490
G1 X100.100 Y138.120
G1 X100.810 Y136.770
G1 X101.090 Y135.990
G1 X101.130 Y135.600
G1 X100.960 Y135.140
G1 X100.490 Y134.670
G1 X100.030 Y134.500
G1 X101.220 Y134.460
G1 X101.640 Y134.210
G1 X102.170 Y133.650
G1 X101.570 Y135.050
G1 X101.170 Y136.050
G1 X100.570 Y137.450
G1 X99.970 Y138.850
G1 X99.370 Y140.250
G1 X98.770 Y141.650
G1 X98.540 Y142.300
G1 X98.130 Y142.270
G1 X97.930 Y141.650
G1 X97.370 Y140.520
G1 X96.770 Y139.120
G1 X96.170 Y137.720
G1 X95.570 Y136.300
G1 X95.170 Y135.320
G1 X94.530 Y133.650
G1 X95.060 Y134.210
G1 X95.480 Y134.460
G1 X96.670 Y134.500
G1 X96.210 Y134.670
G1 X95.740 Y135.140
G1 X95.570 Y135.600
G1 X95.610 Y135.990
G1 X95.890 Y136.770
G1 X96.600 Y138.120
G1 X96.770 Y138.490
G1 X96.810 Y138.790
G1 X97.340 Y139.860
G1 X97.790 Y140.310
G1 X98.250 Y140.480
G1 X98.640 Y140.440
G1 X99.360 Y139.860
G1 X99.890 Y138.790
G1 X99.930 Y138.490
G1 X100.100 Y138.120
G1 X100.810 Y136.770
G1 X101.090 Y135.990
G1 X101.130 Y135.600
G1 X100.960 Y135.140
G1 X100.490 Y134.670
G1 X100.030 Y134.500
G1 X101.220 Y134.460
G1 X101.640 Y134.210
G1 X102.170 Y133.650
G1 X101.570 Y135.050
G1 X101.170 Y136.050
G1 X100.570 Y137.450
G1 X99.970 Y138.850
G1 X99.370 Y140.250
G1 X98.770 Y141.650
G1 X98.540 Y142.300
G1 X98.130 Y142.270
G1 X97.930 Y141.650
G1 X97.370 Y140.520
G1 X96.770 Y139.120
G1 X96.170 Y137.720
G1 X95.570 Y136.300
G1 X95.170 Y135.320
G1 X94.530 Y133.650
G1 X95.060 Y134.210
G1 X95.480 Y134.460
G1 X96.670 Y134.500
G1 X96.210 Y134.670
G1 X95.740 Y135.140
G1 X95.570 Y135.600
G1 X95.610 Y135.990
G1 X95.844 Y136.642
M5

; --- etch stroke 56 (loop) ---
G0 X169.740 Y138.610
M3 S1000
F5000
G1 X169.610 Y138.140
G1 X169.540 Y137.410
G1 X169.540 Y136.390
G1 X169.610 Y135.660
G1 X169.840 Y134.790
G1 X170.540 Y133.390
G1 X171.060 Y132.750
G1 X171.890 Y132.030
G1 X173.010 Y131.500
G1 X173.610 Y131.300
G1 X176.150 Y131.300
G1 X177.590 Y131.870
G1 X178.070 Y132.180
G1 X178.690 Y132.750
G1 X179.210 Y133.390
G1 X179.940 Y134.860
G1 X180.140 Y135.660
G1 X180.210 Y137.410
G1 X180.140 Y138.140
G1 X179.910 Y139.010
G1 X179.210 Y140.410
G1 X178.690 Y141.050
G1 X177.860 Y141.770
G1 X176.750 Y142.300
G1 X176.450 Y142.340
G1 X176.150 Y142.500
G1 X173.610 Y142.500
G1 X172.160 Y141.930
G1 X171.680 Y141.620
G1 X171.060 Y141.050
G1 X170.540 Y140.410
G1 X169.840 Y139.010
G1 X169.740 Y138.610
G1 X169.610 Y138.140
G1 X169.540 Y137.410
G1 X169.540 Y136.390
G1 X169.610 Y135.660
G1 X169.840 Y134.790
G1 X170.540 Y133.390
G1 X171.060 Y132.750
G1 X171.890 Y132.030
G1 X173.010 Y131.500
G1 X173.610 Y131.300
G1 X176.150 Y131.300
G1 X177.590 Y131.870
G1 X178.070 Y132.180
G1 X178.690 Y132.750
G1 X179.210 Y133.390
G1 X179.940 Y134.860
G1 X180.140 Y135.660
G1 X180.210 Y137.410
G1 X180.140 Y138.140
G1 X179.910 Y139.010
G1 X179.210 Y140.410
G1 X178.690 Y141.050
G1 X177.860 Y141.770
G1 X176.750 Y142.300
G1 X176.450 Y142.340
G1 X176.150 Y142.500
G1 X173.610 Y142.500
G1 X172.160 Y141.930
G1 X171.680 Y141.620
G1 X171.060 Y141.050
G1 X170.540 Y140.410
G1 X169.840 Y139.010
G1 X169.740 Y138.610
G1 X169.610 Y138.140
G1 X169.540 Y137.410
G1 X169.540 Y136.390
G1 X169.610 Y135.660
G1 X169.840 Y134.790
G1 X170.540 Y133.390
G1 X171.060 Y132.750
G1 X171.890 Y132.030
G1 X173.010 Y131.500
G1 X173.610 Y131.300
G1 X176.150 Y131.300
G1 X177.590 Y131.870
G1 X178.070 Y132.180
G1 X178.690 Y132.750
G1 X179.210 Y133.390
G1 X179.940 Y134.860
G1 X180.140 Y135.660
G1 X180.210 Y137.410
G1 X180.140 Y138.140
G1 X179.910 Y139.010
G1 X179.210 Y140.410
G1 X178.690 Y141.050
G1 X177.860 Y141.770
G1 X176.750 Y142.300
G1 X176.450 Y142.340
G1 X176.150 Y142.500
G1 X173.610 Y142.500
G1 X172.160 Y141.930
G1 X171.680 Y141.620
G1 X171.060 Y141.050
G1 X170.540 Y140.410
G1 X169.840 Y139.010
G1 X169.740 Y138.610
G1 X169.610 Y138.140
G1 X169.540 Y137.410
G1 X169.540 Y136.390
G1 X169.610 Y135.660
G1 X169.840 Y134.790
G1 X170.540 Y133.390
G1 X171.060 Y132.750
G1 X171.890 Y132.030
G1 X173.010 Y131.500
G1 X173.610 Y131.300
G1 X176.150 Y131.300
G1 X177.438 Y131.810
M5

; --- etch stroke 57 (loop) ---
G0 X102.290 Y133.390
M3 S1000
F5000
G1 X102.330 Y133.090
G1 X102.690 Y132.390
G1 X102.730 Y132.090
G1 X103.040 Y131.500
G1 X102.290 Y133.390
G1 X102.330 Y133.090
G1 X102.690 Y132.390
G1 X102.730 Y132.090
G1 X103.040 Y131.500
G1 X102.290 Y133.390
G1 X102.330 Y133.090
G1 X102.690 Y132.390
G1 X102.730 Y132.090
G1 X103.040 Y131.500
G1 X102.290 Y133.390
G1 X102.330 Y133.090
G1 X102.690 Y132.390
G1 X102.730 Y132.090
G1 X103.040 Y131.500
G1 X102.290 Y133.390
G1 X102.330 Y133.090
G1 X102.690 Y132.390
G1 X102.730 Y132.090
G1 X103.040 Y131.500
G1 X102.290 Y133.390
G1 X102.330 Y133.090
G1 X102.690 Y132.390
G1 X102.730 Y132.090
G1 X103.040 Y131.500
G1 X102.290 Y133.390
G1 X102.330 Y133.090
G1 X102.690 Y132.390
G1 X102.730 Y132.090
G1 X103.040 Y131.500
G1 X102.290 Y133.390
G1 X102.330 Y133.090
G1 X102.690 Y132.390
G1 X102.730 Y132.090
G1 X103.040 Y131.500
G1 X102.290 Y133.390
G1 X102.330 Y133.090
G1 X102.690 Y132.390
G1 X102.730 Y132.090
G1 X103.040 Y131.500
G1 X102.290 Y133.390
G1 X102.330 Y133.090
G1 X102.690 Y132.390
G1 X102.730 Y132.090
G1 X103.040 Y131.500
G1 X102.290 Y133.390
G1 X102.330 Y133.090
G1 X102.690 Y132.390
G1 X102.730 Y132.090
G1 X103.040 Y131.500
G1 X102.290 Y133.390
G1 X102.330 Y133.090
G1 X102.690 Y132.390
G1 X102.730 Y132.090
G1 X103.040 Y131.500
G1 X102.290 Y133.390
G1 X102.330 Y133.090
G1 X102.690 Y132.390
G1 X102.730 Y132.090
G1 X103.040 Y131.500
G1 X102.290 Y133.390
G1 X102.330 Y133.090
G1 X102.690 Y132.390
G1 X102.730 Y132.090
G1 X103.040 Y131.500
G1 X102.290 Y133.390
G1 X102.330 Y133.090
G1 X102.690 Y132.390
G1 X102.730 Y132.090
G1 X103.040 Y131.500
G1 X102.290 Y133.390
G1 X102.330 Y133.090
G1 X102.690 Y132.390
G1 X102.730 Y132.090
G1 X103.040 Y131.500
G1 X102.290 Y133.390
G1 X102.330 Y133.090
G1 X102.690 Y132.390
G1 X102.730 Y132.090
G1 X103.040 Y131.500
G1 X102.290 Y133.390
G1 X102.330 Y133.090
G1 X102.690 Y132.390
G1 X102.730 Y132.090
G1 X103.040 Y131.500
G1 X102.290 Y133.390
G1 X102.330 Y133.090
G1 X102.690 Y132.390
G1 X102.730 Y132.090
G1 X103.040 Y131.500
G1 X102.290 Y133.390
G1 X102.330 Y133.090
G1 X102.690 Y132.390
G1 X102.730 Y132.090
G1 X103.040 Y131.500
G1 X102.290 Y133.390
G1 X102.330 Y133.090
G1 X102.690 Y132.390
G1 X102.730 Y132.090
G1 X103.040 Y131.500
G1 X102.290 Y133.390
G1 X102.330 Y133.090
G1 X102.690 Y132.390
G1 X102.730 Y132.090
G1 X102.774 Y132.006
M5

; --- etch stroke 58 (loop) ---
G0 X170.140 Y138.060
M3 S1000
F5000
G1 X170.180 Y138.520
G1 X170.380 Y139.120
G1 X170.780 Y139.930
G1 X171.230 Y140.540
G1 X172.450 Y141.730
G1 X173.120 Y142.060
G1 X173.840 Y142.300
G1 X176.100 Y142.260
G1 X176.810 Y141.980
G1 X177.450 Y141.610
G1 X178.640 Y140.390
G1 X179.290 Y139.300
G1 X179.570 Y138.520
G1 X179.610 Y138.060
G1 X179.740 Y137.670
G1 X179.740 Y136.130
G1 X179.610 Y135.740
G1 X179.570 Y135.280
G1 X179.370 Y134.680
G1 X178.970 Y133.870
G1 X178.520 Y133.260
G1 X177.300 Y132.070
G1 X176.630 Y131.740
G1 X175.910 Y131.500
G1 X173.650 Y131.540
G1 X172.940 Y131.820
G1 X172.300 Y132.190
G1 X171.230 Y133.260
G1 X170.730 Y133.960
G1 X170.180 Y135.280
G1 X170.140 Y135.740
G1 X170.010 Y136.130
G1 X170.010 Y137.670
G1 X170.140 Y138.060
G1 X170.180 Y138.520
G1 X170.380 Y139.120
G1 X170.780 Y139.930
G1 X171.230 Y140.540
G1 X172.450 Y141.730
G1 X173.120 Y142.060
G1 X173.840 Y142.300
G1 X176.100 Y142.260
G1 X176.810 Y141.980
G1 X177.450 Y141.610
G1 X178.640 Y140.390
G1 X179.290 Y139.300
G1 X179.570 Y138.520
G1 X179.610 Y138.060
G1 X179.740 Y137.670
G1 X179.740 Y136.130
G1 X179.610 Y135.740
G1 X179.570 Y135.280
G1 X179.370 Y134.680
G1 X178.970 Y133.870
G1 X178.520 Y133.260
G1 X177.300 Y132.070
G1 X176.630 Y131.740
G1 X175.910 Y131.500
G1 X173.650 Y131.540
G1 X172.940 Y131.820
G1 X172.300 Y132.190
G1 X171.230 Y133.260
G1 X170.730 Y133.960
G1 X170.180 Y135.280
G1 X170.140 Y135.740
G1 X170.010 Y136.130
G1 X170.010 Y137.670
G1 X170.140 Y138.060
G1 X170.180 Y138.520
G1 X170.380 Y139.120
G1 X170.780 Y139.930
G1 X171.230 Y140.540
G1 X172.450 Y141.730
G1 X173.120 Y142.060
G1 X173.840 Y142.300
G1 X176.100 Y142.260
G1 X176.810 Y141.980
G1 X177.450 Y141.610
G1 X178.640 Y140.390
G1 X179.290 Y139.300
G1 X179.570 Y138.520
G1 X179.610 Y138.060
G1 X179.740 Y137.670
G1 X179.740 Y136.130
G1 X179.610 Y135.740
G1 X179.570 Y135.280
G1 X179.370 Y134.680
G1 X178.970 Y133.870
G1 X178.520 Y133.260
G1 X177.300 Y132.070
G1 X176.630 Y131.740
G1 X175.910 Y131.500
G1 X173.650 Y131.540
G1 X172.940 Y131.820
G1 X172.300 Y132.190
G1 X171.230 Y133.260
G1 X170.730 Y133.960
G1 X170.180 Y135.280
G1 X170.140 Y135.740
G1 X170.010 Y136.130
G1 X170.010 Y137.670
G1 X170.140 Y138.060
G1 X170.180 Y138.520
G1 X170.380 Y139.120
G1 X170.780 Y139.930
G1 X171.230 Y140.540
G1 X172.450 Y141.730
G1 X173.120 Y142.060
G1 X173.840 Y142.300
G1 X176.100 Y142.260
G1 X176.810 Y141.980
G1 X177.450 Y141.610
G1 X178.640 Y140.390
G1 X179.290 Y139.300
G1 X179.570 Y138.520
G1 X179.610 Y138.060
G1 X179.740 Y137.670
G1 X179.740 Y136.130
G1 X179.610 Y135.740
G1 X179.570 Y135.280
G1 X179.370 Y134.680
G1 X179.165 Y134.264
M5

; --- etch stroke 59 (loop) ---
G0 X103.050 Y152.500
M3 S1000
F5000
G1 X103.440 Y152.460
G1 X104.110 Y152.130
G1 X104.780 Y151.460
G1 X105.130 Y150.700
G1 X105.150 Y149.290
G1 X105.310 Y148.990
G1 X105.350 Y148.690
G1 X105.690 Y148.040
G1 X106.160 Y147.900
G1 X105.720 Y148.340
G1 X105.390 Y149.210
G1 X105.350 Y150.500
G1 X105.190 Y150.810
G1 X104.980 Y151.450
G1 X104.440 Y151.990
G1 X104.190 Y152.410
G1 X104.150 Y152.800
G1 X104.310 Y153.240
G1 X103.910 Y152.870
G1 X103.050 Y152.500
G1 X103.440 Y152.460
G1 X104.110 Y152.130
G1 X104.780 Y151.460
G1 X105.130 Y150.700
G1 X105.150 Y149.290
G1 X105.310 Y148.990
G1 X105.350 Y148.690
G1 X105.690 Y148.040
G1 X106.160 Y147.900
G1 X105.720 Y148.340
G1 X105.390 Y149.210
G1 X105.350 Y150.500
G1 X105.190 Y150.810
G1 X104.980 Y151.450
G1 X104.440 Y151.990
G1 X104.190 Y152.410
G1 X104.150 Y152.800
G1 X104.310 Y153.240
G1 X103.910 Y152.870
G1 X103.050 Y152.500
G1 X103.440 Y152.460
G1 X104.110 Y152.130
G1 X104.780 Y151.460
G1 X105.130 Y150.700
G1 X105.150 Y149.290
G1 X105.310 Y148.990
G1 X105.350 Y148.690
G1 X105.690 Y148.040
G1 X106.160 Y147.900
G1 X105.720 Y148.340
G1 X105.390 Y149.210
G1 X105.350 Y150.500
G1 X105.190 Y150.810
G1 X104.980 Y151.450
G1 X104.440 Y151.990
G1 X104.190 Y152.410
G1 X104.150 Y152.800
G1 X104.310 Y153.240
G1 X103.910 Y152.870
G1 X103.050 Y152.500
G1 X103.440 Y152.460
G1 X104.110 Y152.130
G1 X104.780 Y151.460
G1 X105.130 Y150.700
G1 X105.150 Y149.290
G1 X105.310 Y148.990
G1 X105.350 Y148.690
G1 X105.690 Y148.040
G1 X106.160 Y147.900
G1 X105.720 Y148.340
G1 X105.390 Y149.210
G1 X105.350 Y150.500
G1 X105.190 Y150.810
G1 X104.980 Y151.450
G1 X104.440 Y151.990
G1 X104.190 Y152.410
G1 X104.150 Y152.800
G1 X104.310 Y153.240
G1 X103.910 Y152.870
G1 X103.050 Y152.500
G1 X103.440 Y152.460
G1 X104.110 Y152.130
G1 X104.780 Y151.460
G1 X105.130 Y150.700
G1 X105.150 Y149.290
G1 X105.310 Y148.990
G1 X105.350 Y148.690
G1 X105.690 Y148.040
G1 X106.160 Y147.900
G1 X105.720 Y148.340
G1 X105.390 Y149.210
G1 X105.350 Y150.500
G1 X105.190 Y150.810
G1 X104.980 Y151.450
G1 X104.440 Y151.990
G1 X104.190 Y152.410
G1 X104.150 Y152.800
G1 X104.310 Y153.240
G1 X103.910 Y152.870
G1 X103.050 Y152.500
G1 X103.440 Y152.460
G1 X104.110 Y152.130
G1 X104.780 Y151.460
G1 X105.130 Y150.700
G1 X105.150 Y149.290
G1 X105.310 Y148.990
G1 X105.350 Y148.690
G1 X105.690 Y148.040
G1 X106.160 Y147.900
G1 X105.720 Y148.340
G1 X105.390 Y149.210
G1 X105.350 Y150.500
G1 X105.190 Y150.810
G1 X104.980 Y151.450
G1 X104.440 Y151.990
G1 X104.190 Y152.410
G1 X104.150 Y152.800
G1 X104.310 Y153.240
G1 X103.910 Y152.870
G1 X103.050 Y152.500
G1 X103.440 Y152.460
G1 X104.110 Y152.130
G1 X104.780 Y151.460
G1 X105.130 Y150.700
G1 X105.150 Y149.290
G1 X105.310 Y148.990
G1 X105.350 Y148.690
G1 X105.690 Y148.040
G1 X106.160 Y147.900
G1 X105.720 Y148.340
G1 X105.390 Y149.210
G1 X105.350 Y150.500
G1 X105.190 Y150.810
G1 X104.980 Y151.450
G1 X104.440 Y151.990
G1 X104.190 Y152.410
G1 X104.150 Y152.800
G1 X104.310 Y153.240
G1 X103.910 Y152.870
G1 X103.050 Y152.500
G1 X103.440 Y152.460
G1 X104.110 Y152.130
G1 X104.278 Y151.962
M5

; --- etch stroke 60 (loop) ---
G0 X68.910 Y204.730
M3 S1000
F5000
G1 X68.590 Y205.330
G1 X59.170 Y213.910
G1 X77.040 Y212.770
G1 X78.300 Y212.990
G1 X78.660 Y213.130
G1 X80.370 Y215.060
G1 X80.550 Y216.050
G1 X80.540 Y216.400
G1 X80.130 Y217.700
G1 X79.870 Y218.050
G1 X63.050 Y232.980
G1 X62.720 Y233.140
G1 X61.660 Y233.400
G1 X60.320 Y233.160
G1 X59.860 Y232.870
G1 X58.800 Y231.680
G1 X58.580 Y231.260
G1 X58.560 Y230.870
G1 X58.810 Y229.040
G1 X58.940 Y228.670
G1 X68.550 Y219.860
G1 X50.920 Y221.010
G1 X49.420 Y220.780
G1 X48.840 Y220.460
G1 X47.370 Y218.430
G1 X47.280 Y217.950
G1 X47.550 Y216.220
G1 X47.860 Y215.720
G1 X64.760 Y200.740
G1 X66.150 Y200.370
G1 X67.400 Y200.610
G1 X67.860 Y200.900
G1 X68.920 Y202.090
G1 X69.140 Y202.510
G1 X69.160 Y202.900
G1 X68.910 Y204.730
G1 X68.590 Y205.330
G1 X59.170 Y213.910
G1 X77.040 Y212.770
G1 X78.300 Y212.990
G1 X78.660 Y213.130
G1 X80.370 Y215.060
G1 X80.550 Y216.050
G1 X80.540 Y216.400
G1 X80.130 Y217.700
G1 X79.870 Y218.050
G1 X63.050 Y232.980
G1 X62.720 Y233.140
G1 X61.660 Y233.400
G1 X60.320 Y233.160
G1 X59.860 Y232.870
G1 X58.800 Y231.680
G1 X58.580 Y231.260
G1 X58.560 Y230.870
G1 X58.810 Y229.040
G1 X58.940 Y228.670
G1 X68.550 Y219.860
G1 X67.535 Y219.926
M5

; --- etch stroke 61 (loop) ---
G0 X102.180 Y249.050
M3 S1000
F5000
G1 X101.340 Y249.660
G1 X100.460 Y249.940
G1 X99.510 Y249.900
G1 X98.580 Y249.510
G1 X97.810 Y248.770
G1 X97.350 Y247.800
G1 X97.260 Y246.760
G1 X97.420 Y246.100
G1 X97.580 Y245.770
G1 X98.310 Y244.900
G1 X99.500 Y244.100
G1 X101.030 Y243.440
G1 X104.930 Y242.050
G1 X106.530 Y241.260
G1 X107.170 Y242.960
G1 X109.030 Y246.620
G1 X109.670 Y248.170
G1 X109.930 Y249.120
G1 X110.010 Y249.960
G1 X109.910 Y250.720
G1 X109.660 Y251.350
G1 X108.990 Y252.130
G1 X108.030 Y252.620
G1 X107.320 Y252.760
G1 X106.270 Y252.630
G1 X105.670 Y252.360
G1 X105.150 Y251.960
G1 X104.620 Y251.210
G1 X104.420 Y250.650
G1 X104.320 Y249.910
G1 X104.410 Y248.820
G1 X104.130 Y248.320
G1 X103.810 Y248.110
G1 X103.040 Y248.110
G1 X102.650 Y248.400
G1 X102.180 Y249.050
G1 X101.340 Y249.660
G1 X100.460 Y249.940
G1 X99.510 Y249.900
G1 X98.580 Y249.510
G1 X97.810 Y248.770
G1 X97.350 Y247.800
G1 X97.260 Y246.760
G1 X97.420 Y246.100
G1 X97.580 Y245.770
G1 X98.310 Y244.900
G1 X99.500 Y244.100
G1 X101.030 Y243.440
G1 X104.930 Y242.050
G1 X106.530 Y241.260
G1 X107.170 Y242.960
G1 X109.030 Y246.620
G1 X109.670 Y248.170
G1 X109.930 Y249.120
G1 X110.010 Y249.960
G1 X109.910 Y250.720
G1 X109.660 Y251.350
G1 X108.990 Y252.130
G1 X108.030 Y252.620
G1 X107.320 Y252.760
G1 X106.270 Y252.630
G1 X105.670 Y252.360
G1 X105.150 Y251.960
G1 X104.620 Y251.210
G1 X104.420 Y250.650
G1 X104.320 Y249.910
G1 X104.410 Y248.820
G1 X104.130 Y248.320
G1 X103.810 Y248.110
G1 X103.040 Y248.110
G1 X102.650 Y248.400
G1 X102.180 Y249.050
G1 X101.340 Y249.660
G1 X100.460 Y249.940
G1 X99.510 Y249.900
G1 X98.580 Y249.510
G1 X97.810 Y248.770
G1 X97.350 Y247.800
G1 X97.260 Y246.760
G1 X97.420 Y246.100
G1 X97.580 Y245.770
G1 X98.310 Y244.900
G1 X99.500 Y244.100
G1 X101.030 Y243.440
G1 X104.930 Y242.050
G1 X106.530 Y241.260
G1 X107.170 Y242.960
G1 X109.030 Y246.620
G1 X109.670 Y248.170
G1 X109.930 Y249.120
G1 X110.010 Y249.960
G1 X109.910 Y250.720
G1 X109.660 Y251.350
G1 X108.990 Y252.130
G1 X108.030 Y252.620
G1 X107.320 Y252.760
G1 X106.270 Y252.630
G1 X105.670 Y252.360
G1 X105.150 Y251.960
G1 X104.620 Y251.210
G1 X104.420 Y250.650
G1 X104.320 Y249.910
G1 X104.410 Y248.820
G1 X104.130 Y248.320
G1 X103.810 Y248.110
G1 X103.040 Y248.110
G1 X102.650 Y248.400
G1 X102.180 Y249.050
G1 X101.340 Y249.660
G1 X100.590 Y249.899
M5

; --- etch stroke 62 (loop) ---
G0 X143.880 Y255.940
M3 S1000
F5000
G1 X143.680 Y251.090
G1 X145.020 Y247.310
G1 X148.090 Y243.690
G1 X150.530 Y242.210
G1 X152.640 Y241.500
G1 X157.920 Y241.270
G1 X161.650 Y242.410
G1 X162.720 Y243.460
G1 X163.400 Y251.760
G1 X163.100 Y252.300
G1 X155.880 Y253.060
G1 X155.400 Y252.650
G1 X155.210 Y251.640
G1 X155.780 Y250.860
G1 X159.810 Y250.340
G1 X160.370 Y249.990
G1 X160.570 Y249.560
G1 X160.250 Y245.100
G1 X160.140 Y244.720
G1 X159.640 Y244.260
G1 X157.210 Y243.540
G1 X153.150 Y243.880
G1 X150.290 Y245.260
G1 X147.150 Y248.920
G1 X147.000 Y249.240
G1 X146.210 Y252.220
G1 X146.430 Y255.150
G1 X147.270 Y257.360
G1 X148.670 Y259.210
G1 X151.460 Y261.400
G1 X151.800 Y261.570
G1 X154.470 Y262.350
G1 X154.830 Y262.390
G1 X158.310 Y262.110
G1 X161.740 Y260.910
G1 X162.370 Y261.290
G1 X162.480 Y262.620
G1 X160.970 Y263.760
G1 X158.890 Y264.460
G1 X154.550 Y264.820
G1 X152.340 Y264.450
G1 X150.010 Y263.520
G1 X148.910 Y262.900
G1 X146.060 Y260.310
G1 X144.810 Y258.400
G1 X143.880 Y255.940
G1 X143.680 Y251.090
G1 X145.020 Y247.310
G1 X148.090 Y243.690
G1 X150.530 Y242.210
G1 X152.640 Y241.500
G1 X157.920 Y241.270
G1 X161.650 Y242.410
G1 X162.720 Y243.460
G1 X163.400 Y251.760
G1 X163.100 Y252.300
G1 X155.880 Y253.060
G1 X155.400 Y252.650
G1 X155.210 Y251.640
G1 X155.780 Y250.860
G1 X159.810 Y250.340
G1 X160.370 Y249.990
G1 X160.570 Y249.560
G1 X160.250 Y245.100
G1 X160.140 Y244.720
G1 X159.640 Y244.260
G1 X157.210 Y243.540
G1 X153.150 Y243.880
G1 X150.290 Y245.260
G1 X147.150 Y248.920
G1 X147.000 Y249.240
G1 X146.210 Y252.220
G1 X146.430 Y255.150
G1 X147.270 Y257.360
G1 X147.896 Y258.187
M5

; --- etch stroke 63 (loop) ---
G0 X203.120 Y249.980
M3 S1000
F5000
G1 X202.040 Y250.570
G1 X201.590 Y250.500
G1 X190.800 Y231.210
G1 X191.040 Y230.380
G1 X192.070 Y229.820
G1 X192.900 Y230.060
G1 X203.360 Y249.150
G1 X203.120 Y249.980
G1 X202.040 Y250.570
G1 X201.590 Y250.500
G1 X190.800 Y231.210
G1 X191.040 Y230.380
G1 X192.070 Y229.820
G1 X192.900 Y230.060
G1 X203.360 Y249.150
G1 X203.120 Y249.980
G1 X202.040 Y250.570
G1 X201.590 Y250.500
G1 X190.800 Y231.210
G1 X191.040 Y230.380
G1 X192.070 Y229.820
G1 X192.900 Y230.060
G1 X196.419 Y236.482
M5

; --- etch stroke 64 (loop) ---
G0 X224.660 Y200.780
M3 S1000
F5000
G1 X225.670 Y200.750
G1 X226.020 Y201.040
G1 X226.210 Y202.050
G1 X220.090 Y209.910
G1 X219.880 Y210.440
G1 X219.960 Y210.910
G1 X220.250 Y211.300
G1 X235.150 Y223.380
G1 X235.240 Y224.240
G1 X234.510 Y225.140
G1 X234.180 Y225.290
G1 X233.600 Y225.200
G1 X216.740 Y211.540
G1 X216.570 Y211.150
G1 X216.590 Y210.730
G1 X224.660 Y200.780
G1 X225.670 Y200.750
G1 X226.020 Y201.040
G1 X226.210 Y202.050
G1 X220.090 Y209.910
G1 X219.880 Y210.440
G1 X219.960 Y210.910
G1 X220.250 Y211.300
G1 X235.150 Y223.380
G1 X235.240 Y224.240
G1 X234.510 Y225.140
G1 X234.180 Y225.290
G1 X233.600 Y225.200
G1 X216.740 Y211.540
G1 X216.570 Y211.150
G1 X216.590 Y210.730
G1 X224.660 Y200.780
G1 X225.670 Y200.750
G1 X226.020 Y201.040
G1 X226.210 Y202.050
G1 X220.470 Y209.421
M5

; --- etch stroke 65 (loop) ---
G0 X241.040 Y160.250
M3 S1000
F5000
G1 X241.930 Y159.790
G1 X242.380 Y159.890
G1 X242.990 Y160.720
G1 X240.930 Y170.450
G1 X240.980 Y171.020
G1 X241.260 Y171.420
G1 X241.590 Y171.610
G1 X260.370 Y175.970
G1 X260.830 Y176.710
G1 X260.570 Y177.830
G1 X260.340 Y178.120
G1 X259.770 Y178.290
G1 X238.650 Y173.400
G1 X238.320 Y173.130
G1 X238.140 Y172.730
G1 X241.040 Y160.250
G1 X241.930 Y159.790
G1 X242.380 Y159.890
G1 X242.990 Y160.720
G1 X240.930 Y170.450
G1 X240.980 Y171.020
G1 X241.260 Y171.420
G1 X241.590 Y171.610
G1 X260.370 Y175.970
G1 X260.830 Y176.710
G1 X260.570 Y177.830
G1 X260.340 Y178.120
G1 X259.770 Y178.290
G1 X238.650 Y173.400
G1 X238.320 Y173.130
G1 X238.140 Y172.730
G1 X241.040 Y160.250
G1 X241.930 Y159.790
G1 X242.380 Y159.890
G1 X242.990 Y160.720
G1 X241.056 Y169.856
M5

; --- etch stroke 66 (loop) ---
G0 X263.150 Y123.960
M3 S1000
F5000
G1 X263.350 Y125.170
G1 X263.130 Y125.570
G1 X241.390 Y129.550
G1 X240.680 Y129.050
G1 X240.490 Y127.900
G1 X240.980 Y127.190
G1 X262.430 Y123.460
G1 X263.150 Y123.960
G1 X263.350 Y125.170
G1 X263.130 Y125.570
G1 X241.390 Y129.550
G1 X240.680 Y129.050
G1 X240.490 Y127.900
G1 X240.980 Y127.190
G1 X262.430 Y123.460
G1 X263.150 Y123.960
G1 X263.350 Y125.170
G1 X263.130 Y125.570
G1 X241.390 Y129.550
G1 X240.680 Y129.050
G1 X240.490 Y127.900
G1 X240.980 Y127.190
G1 X248.195 Y125.935
M5

; --- etch stroke 67 (loop) ---
G0 X230.360 Y96.740
M3 S1000
F5000
G1 X232.970 Y92.610
G1 X233.120 Y92.160
G1 X232.950 Y91.520
G1 X227.250 Y83.120
G1 X226.900 Y82.800
G1 X226.350 Y82.680
G1 X220.860 Y83.590
G1 X220.460 Y83.450
G1 X219.840 Y82.550
G1 X219.910 Y82.200
G1 X220.840 Y81.450
G1 X243.120 Y76.970
G1 X243.960 Y77.190
G1 X244.670 Y78.460
G1 X244.550 Y78.990
G1 X232.490 Y97.640
G1 X231.040 Y98.670
G1 X230.140 Y97.440
G1 X230.360 Y96.740
G1 X232.970 Y92.610
G1 X233.120 Y92.160
G1 X232.950 Y91.520
G1 X227.250 Y83.120
G1 X226.900 Y82.800
G1 X226.350 Y82.680
G1 X220.860 Y83.590
G1 X220.460 Y83.450
G1 X219.840 Y82.550
G1 X219.910 Y82.200
G1 X220.840 Y81.450
G1 X243.120 Y76.970
G1 X243.960 Y77.190
G1 X244.670 Y78.460
G1 X244.550 Y78.990
G1 X232.490 Y97.640
G1 X231.040 Y98.670
G1 X230.140 Y97.440
G1 X230.360 Y96.740
G1 X232.970 Y92.610
G1 X233.120 Y92.160
G1 X233.045 Y91.879
M5

; --- etch stroke 68 (loop) ---
G0 X264.640 Y122.560
M3 S1000
F5000
G1 X264.910 Y122.850
G1 X265.050 Y123.210
G1 X265.390 Y125.180
G1 X265.380 Y125.560
G1 X264.600 Y127.040
G1 X264.320 Y127.310
G1 X241.240 Y131.610
G1 X240.580 Y131.430
G1 X239.190 Y130.450
G1 X238.920 Y130.160
G1 X238.780 Y129.800
G1 X238.440 Y127.830
G1 X238.450 Y127.440
G1 X238.610 Y127.080
G1 X239.580 Y125.700
G1 X240.230 Y125.290
G1 X262.500 Y121.410
G1 X262.890 Y121.420
G1 X264.640 Y122.560
G1 X264.910 Y122.850
G1 X265.050 Y123.210
G1 X265.390 Y125.180
G1 X265.380 Y125.560
G1 X264.600 Y127.040
G1 X264.320 Y127.310
G1 X241.240 Y131.610
G1 X240.580 Y131.430
G1 X239.190 Y130.450
G1 X238.920 Y130.160
G1 X238.780 Y129.800
G1 X238.440 Y127.830
G1 X238.450 Y127.440
G1 X238.610 Y127.080
G1 X239.580 Y125.700
G1 X240.230 Y125.290
G1 X262.500 Y121.410
G1 X262.890 Y121.420
G1 X264.640 Y122.560
G1 X264.910 Y122.850
G1 X265.050 Y123.210
G1 X265.390 Y125.180
G1 X265.380 Y125.560
G1 X264.600 Y127.040
G1 X264.320 Y127.310
G1 X248.670 Y130.226
M5

; --- etch stroke 69 (loop) ---
G0 X235.990 Y88.230
M3 S1000
F5000
G1 X239.900 Y81.610
G1 X239.990 Y81.220
G1 X239.930 Y80.840
G1 X239.720 Y80.500
G1 X239.400 Y80.280
G1 X238.910 Y80.190
G1 X230.610 Y81.670
G1 X230.170 Y81.860
G1 X229.870 Y82.250
G1 X229.790 Y82.730
G1 X229.950 Y83.190
G1 X233.770 Y89.110
G1 X234.200 Y89.330
G1 X234.780 Y89.280
G1 X235.990 Y88.230
G1 X239.900 Y81.610
G1 X239.990 Y81.220
G1 X239.930 Y80.840
G1 X239.720 Y80.500
G1 X239.400 Y80.280
G1 X238.910 Y80.190
G1 X230.610 Y81.670
G1 X230.170 Y81.860
G1 X229.870 Y82.250
G1 X229.790 Y82.730
G1 X229.950 Y83.190
G1 X233.770 Y89.110
G1 X234.200 Y89.330
G1 X234.780 Y89.280
G1 X235.990 Y88.230
G1 X239.900 Y81.610
G1 X239.990 Y81.220
G1 X239.930 Y80.840
G1 X239.720 Y80.500
G1 X239.400 Y80.280
G1 X238.910 Y80.190
G1 X230.610 Y81.670
G1 X230.170 Y81.860
G1 X229.870 Y82.250
G1 X229.790 Y82.730
G1 X229.950 Y83.190
G1 X233.770 Y89.110
G1 X234.200 Y89.330
G1 X234.780 Y89.280
G1 X235.990 Y88.230
G1 X239.900 Y81.610
G1 X239.990 Y81.220
G1 X239.930 Y80.840
G1 X239.720 Y80.500
G1 X239.400 Y80.280
G1 X238.910 Y80.190
G1 X230.610 Y81.670
G1 X230.170 Y81.860
G1 X229.870 Y82.250
G1 X229.790 Y82.730
G1 X229.950 Y83.190
G1 X231.849 Y86.132
M5

; --- etch stroke 70 (loop) ---
G0 X202.170 Y47.470
M3 S1000
F5000
G1 X202.260 Y46.890
G1 X202.010 Y46.360
G1 X201.510 Y46.060
G1 X200.930 Y46.090
G1 X182.420 Y54.910
G1 X181.630 Y55.080
G1 X180.430 Y54.480
G1 X180.280 Y53.650
G1 X190.090 Y34.080
G1 X190.430 Y33.830
G1 X190.850 Y33.750
G1 X191.570 Y34.120
G1 X191.820 Y35.100
G1 X185.130 Y48.900
G1 X185.070 Y49.290
G1 X185.160 Y49.670
G1 X185.550 Y50.110
G1 X186.020 Y50.250
G1 X186.500 Y50.150
G1 X204.920 Y41.370
G1 X205.660 Y41.210
G1 X206.840 Y41.940
G1 X207.020 Y42.710
G1 X197.250 Y62.200
G1 X196.910 Y62.450
G1 X196.490 Y62.530
G1 X195.770 Y62.160
G1 X195.520 Y61.170
G1 X202.170 Y47.470
G1 X202.260 Y46.890
G1 X202.010 Y46.360
G1 X201.510 Y46.060
G1 X200.930 Y46.090
G1 X182.420 Y54.910
G1 X181.630 Y55.080
G1 X180.430 Y54.480
G1 X180.280 Y53.650
G1 X190.090 Y34.080
G1 X190.430 Y33.830
G1 X190.850 Y33.750
G1 X191.570 Y34.120
G1 X191.820 Y35.100
G1 X185.130 Y48.900
G1 X185.070 Y49.290
G1 X185.160 Y49.670
G1 X185.550 Y50.110
G1 X186.020 Y50.250
G1 X186.500 Y50.150
G1 X200.264 Y43.589
M5

; --- etch stroke 71 (loop) ---
G0 X234.590 Y86.750
M3 S1000
F5000
G1 X237.040 Y82.550
G1 X232.440 Y83.370
G1 X234.590 Y86.750
G1 X237.040 Y82.550
G1 X232.440 Y83.370
G1 X234.590 Y86.750
G1 X237.040 Y82.550
G1 X232.440 Y83.370
G1 X234.590 Y86.750
G1 X237.040 Y82.550
G1 X232.440 Y83.370
G1 X234.590 Y86.750
G1 X237.040 Y82.550
G1 X232.440 Y83.370
G1 X234.590 Y86.750
G1 X237.040 Y82.550
G1 X232.440 Y83.370
G1 X234.590 Y86.750
G1 X237.040 Y82.550
G1 X232.440 Y83.370
G1 X234.590 Y86.750
G1 X235.643 Y84.946
M5

; --- etch stroke 72 (loop) ---
G0 X199.120 Y49.160
M3 S1000
F5000
G1 X183.070 Y56.810
G1 X181.620 Y57.120
G1 X181.050 Y57.030
G1 X179.020 Y55.970
G1 X178.390 Y54.900
G1 X178.260 Y53.530
G1 X178.330 Y53.080
G1 X188.450 Y32.890
G1 X188.710 Y32.610
G1 X189.500 Y32.030
G1 X191.100 Y31.710
G1 X193.040 Y32.640
G1 X193.400 Y33.180
G1 X193.850 Y34.960
G1 X193.870 Y35.360
G1 X188.210 Y47.120
G1 X204.160 Y39.520
G1 X205.630 Y39.170
G1 X206.010 Y39.160
G1 X208.470 Y40.650
G1 X208.670 Y40.990
G1 X209.070 Y42.700
G1 X209.070 Y43.000
G1 X198.890 Y63.390
G1 X197.760 Y64.290
G1 X196.240 Y64.570
G1 X194.380 Y63.700
G1 X194.100 Y63.440
G1 X193.940 Y63.090
G1 X193.490 Y61.300
G1 X193.470 Y60.910
G1 X199.120 Y49.160
G1 X183.070 Y56.810
G1 X181.620 Y57.120
G1 X181.050 Y57.030
G1 X179.020 Y55.970
G1 X178.390 Y54.900
G1 X178.260 Y53.530
G1 X178.330 Y53.080
G1 X188.450 Y32.890
G1 X188.710 Y32.610
G1 X189.500 Y32.030
G1 X191.100 Y31.710
G1 X193.040 Y32.640
G1 X193.400 Y33.180
G1 X193.850 Y34.960
G1 X193.870 Y35.360
G1 X188.210 Y47.120
G1 X201.268 Y40.898
M5

; --- etch stroke 73 (loop) ---
G0 X228.480 Y96.020
M3 S1000
F5000
G1 X230.920 Y92.100
G1 X225.950 Y84.770
G1 X220.830 Y85.620
G1 X219.390 Y85.190
G1 X218.990 Y84.850
G1 X217.950 Y83.330
G1 X217.800 Y82.970
G1 X218.040 Y81.360
G1 X218.230 Y81.010
G1 X219.770 Y79.740
G1 X220.110 Y79.560
G1 X238.470 Y75.830
G1 X243.060 Y74.940
G1 X244.890 Y75.380
G1 X245.250 Y75.550
G1 X245.500 Y75.850
G1 X246.690 Y78.010
G1 X246.710 Y78.530
G1 X246.410 Y79.770
G1 X234.010 Y98.960
G1 X231.580 Y100.680
G1 X231.180 Y100.730
G1 X229.700 Y100.410
G1 X229.290 Y100.010
G1 X228.080 Y97.750
G1 X228.100 Y97.250
G1 X228.480 Y96.020
G1 X230.920 Y92.100
G1 X225.950 Y84.770
G1 X220.830 Y85.620
G1 X219.390 Y85.190
G1 X218.990 Y84.850
G1 X217.950 Y83.330
G1 X217.800 Y82.970
G1 X218.040 Y81.360
G1 X218.230 Y81.010
G1 X219.770 Y79.740
G1 X220.110 Y79.560
G1 X238.470 Y75.830
G1 X243.060 Y74.940
G1 X244.890 Y75.380
G1 X245.250 Y75.550
G1 X245.500 Y75.850
G1 X246.690 Y78.010
G1 X246.710 Y78.530
G1 X246.410 Y79.770
G1 X234.010 Y98.960
G1 X231.715 Y100.585
M5

; --- etch stroke 74 (loop) ---
G0 X201.590 Y137.210
M3 S1000
F5000
G1 X201.720 Y137.600
G1 X201.720 Y137.900
G1 X202.090 Y138.850
G1 X202.450 Y139.340
G1 X203.040 Y139.930
G1 X203.920 Y140.300
G1 X205.000 Y140.300
G1 X205.870 Y139.930
G1 X206.460 Y139.340
G1 X206.820 Y138.850
G1 X207.190 Y137.900
G1 X207.190 Y137.600
G1 X207.320 Y137.210
G1 X207.320 Y136.590
G1 X207.190 Y136.200
G1 X207.190 Y135.890
G1 X206.820 Y134.950
G1 X206.460 Y134.460
G1 X205.870 Y133.870
G1 X205.000 Y133.500
G1 X203.920 Y133.500
G1 X203.040 Y133.870
G1 X202.450 Y134.460
G1 X202.090 Y134.950
G1 X201.720 Y135.890
G1 X201.720 Y136.200
G1 X201.590 Y136.590
G1 X201.590 Y137.210
G1 X201.720 Y137.600
G1 X201.720 Y137.900
G1 X202.090 Y138.850
G1 X202.450 Y139.340
G1 X203.040 Y139.930
G1 X203.920 Y140.300
G1 X205.000 Y140.300
G1 X205.870 Y139.930
G1 X206.460 Y139.340
G1 X206.820 Y138.850
G1 X207.190 Y137.900
G1 X207.190 Y137.600
G1 X207.320 Y137.210
G1 X207.320 Y136.590
G1 X207.190 Y136.200
G1 X207.190 Y135.890
G1 X206.820 Y134.950
G1 X206.460 Y134.460
G1 X205.870 Y133.870
G1 X205.000 Y133.500
G1 X203.920 Y133.500
G1 X203.040 Y133.870
G1 X202.450 Y134.460
G1 X202.090 Y134.950
G1 X201.720 Y135.890
G1 X201.720 Y136.200
G1 X201.590 Y136.590
G1 X201.590 Y137.210
G1 X201.720 Y137.600
G1 X201.720 Y137.900
G1 X202.090 Y138.850
G1 X202.450 Y139.340
G1 X203.040 Y139.930
G1 X203.920 Y140.300
G1 X205.000 Y140.300
G1 X205.870 Y139.930
G1 X206.460 Y139.340
G1 X206.820 Y138.850
G1 X207.190 Y137.900
G1 X207.190 Y137.600
G1 X207.320 Y137.210
G1 X207.320 Y136.590
G1 X207.190 Y136.200
G1 X207.190 Y135.890
G1 X206.820 Y134.950
G1 X206.460 Y134.460
G1 X205.870 Y133.870
G1 X205.000 Y133.500
G1 X203.920 Y133.500
G1 X203.040 Y133.870
G1 X202.450 Y134.460
G1 X202.090 Y134.950
G1 X201.720 Y135.890
G1 X201.720 Y136.200
G1 X201.590 Y136.590
G1 X201.590 Y137.210
G1 X201.720 Y137.600
G1 X201.720 Y137.900
G1 X202.090 Y138.850
G1 X202.450 Y139.340
G1 X203.040 Y139.930
G1 X203.920 Y140.300
G1 X205.000 Y140.300
G1 X205.870 Y139.930
G1 X206.460 Y139.340
G1 X206.820 Y138.850
G1 X207.190 Y137.900
G1 X207.190 Y137.600
G1 X207.320 Y137.210
G1 X207.320 Y136.590
G1 X207.190 Y136.200
G1 X207.190 Y135.890
G1 X206.820 Y134.950
G1 X206.460 Y134.460
G1 X205.870 Y133.870
G1 X205.000 Y133.500
G1 X203.920 Y133.500
G1 X203.040 Y133.870
G1 X202.450 Y134.460
G1 X202.090 Y134.950
G1 X201.720 Y135.890
G1 X201.720 Y136.200
G1 X201.590 Y136.590
G1 X201.590 Y137.210
G1 X201.720 Y137.600
G1 X201.720 Y137.900
G1 X202.090 Y138.850
G1 X202.450 Y139.340
G1 X203.040 Y139.930
G1 X203.920 Y140.300
G1 X205.000 Y140.300
G1 X205.870 Y139.930
G1 X206.460 Y139.340
G1 X206.820 Y138.850
G1 X207.190 Y137.900
G1 X207.190 Y137.600
G1 X207.320 Y137.210
G1 X207.320 Y136.590
G1 X207.190 Y136.200
G1 X207.190 Y135.890
G1 X206.820 Y134.950
G1 X206.460 Y134.460
G1 X205.870 Y133.870
G1 X205.000 Y133.500
G1 X203.920 Y133.500
G1 X203.040 Y133.870
G1 X202.450 Y134.460
G1 X202.090 Y134.950
G1 X201.720 Y135.890
G1 X201.720 Y136.200
G1 X201.590 Y136.590
G1 X201.590 Y137.210
G1 X201.720 Y137.600
G1 X201.720 Y137.900
G1 X202.090 Y138.850
G1 X202.450 Y139.340
G1 X203.040 Y139.930
G1 X203.580 Y140.157
M5

; --- etch stroke 75 (loop) ---
G0 X239.200 Y159.350
M3 S1000
F5000
G1 X239.350 Y159.010
G1 X239.620 Y158.740
G1 X241.430 Y157.800
G1 X241.930 Y157.740
G1 X243.290 Y158.050
G1 X243.560 Y158.190
G1 X244.870 Y159.900
G1 X245.030 Y160.230
G1 X245.040 Y160.700
G1 X243.090 Y169.910
G1 X261.500 Y174.220
G1 X261.850 Y174.560
G1 X262.800 Y176.090
G1 X262.900 Y176.460
G1 X262.410 Y178.690
G1 X261.630 Y179.690
G1 X261.310 Y179.900
G1 X260.010 Y180.310
G1 X259.580 Y180.300
G1 X237.880 Y175.270
G1 X236.790 Y174.460
G1 X236.140 Y173.150
G1 X236.100 Y172.690
G1 X239.200 Y159.350
G1 X239.350 Y159.010
G1 X239.620 Y158.740
G1 X241.430 Y157.800
G1 X241.930 Y157.740
G1 X243.290 Y158.050
G1 X243.560 Y158.190
G1 X244.870 Y159.900
G1 X245.030 Y160.230
G1 X245.040 Y160.700
G1 X243.090 Y169.910
G1 X261.500 Y174.220
G1 X261.850 Y174.560
G1 X262.800 Y176.090
G1 X262.900 Y176.460
G1 X262.410 Y178.690
G1 X261.630 Y179.690
G1 X261.310 Y179.900
G1 X260.010 Y180.310
G1 X259.580 Y180.300
G1 X237.880 Y175.270
G1 X236.790 Y174.460
G1 X236.140 Y173.150
G1 X236.100 Y172.690
G1 X239.058 Y159.961
M5

; --- etch stroke 76 (loop) ---
G0 X223.390 Y199.160
M3 S1000
F5000
G1 X223.770 Y198.870
G1 X224.140 Y198.790
G1 X226.080 Y198.740
G1 X226.470 Y198.850
G1 X227.650 Y199.790
G1 X227.830 Y200.040
G1 X228.270 Y202.320
G1 X228.200 Y202.680
G1 X222.270 Y210.360
G1 X236.930 Y222.300
G1 X237.080 Y222.660
G1 X237.270 Y224.440
G1 X237.210 Y224.930
G1 X235.790 Y226.710
G1 X234.660 Y227.270
G1 X234.280 Y227.320
G1 X233.030 Y227.140
G1 X232.550 Y226.930
G1 X215.300 Y212.950
G1 X215.060 Y212.660
G1 X214.610 Y211.680
G1 X214.600 Y210.320
G1 X214.770 Y209.800
G1 X223.390 Y199.160
G1 X223.770 Y198.870
G1 X224.140 Y198.790
G1 X226.080 Y198.740
G1 X226.470 Y198.850
G1 X227.650 Y199.790
G1 X227.830 Y200.040
G1 X228.270 Y202.320
G1 X228.200 Y202.680
G1 X222.270 Y210.360
G1 X236.930 Y222.300
G1 X237.080 Y222.660
G1 X237.270 Y224.440
G1 X237.210 Y224.930
G1 X235.790 Y226.710
G1 X234.660 Y227.270
G1 X234.280 Y227.320
G1 X233.030 Y227.140
G1 X232.550 Y226.930
G1 X215.300 Y212.950
G1 X215.060 Y212.660
G1 X214.610 Y211.680
G1 X214.600 Y210.320
G1 X214.770 Y209.800
G1 X222.996 Y199.646
M5

; --- etch stroke 77 (loop) ---
G0 X203.510 Y158.900
M3 S1000
F5000
G1 X204.900 Y158.460
G1 X205.570 Y158.130
G1 X206.230 Y157.670
G1 X206.550 Y157.600
G1 X206.360 Y157.930
G1 X205.420 Y158.500
G1 X204.520 Y158.740
G1 X204.220 Y158.900
G1 X203.510 Y158.900
G1 X204.900 Y158.460
G1 X205.570 Y158.130
G1 X206.230 Y157.670
G1 X206.550 Y157.600
G1 X206.360 Y157.930
G1 X205.420 Y158.500
G1 X204.520 Y158.740
G1 X204.220 Y158.900
G1 X203.510 Y158.900
G1 X204.900 Y158.460
G1 X205.570 Y158.130
G1 X206.230 Y157.670
G1 X206.550 Y157.600
G1 X206.360 Y157.930
G1 X205.420 Y158.500
G1 X204.520 Y158.740
G1 X204.220 Y158.900
G1 X203.510 Y158.900
G1 X204.900 Y158.460
G1 X205.570 Y158.130
G1 X206.230 Y157.670
G1 X206.550 Y157.600
G1 X206.360 Y157.930
G1 X205.420 Y158.500
G1 X204.520 Y158.740
G1 X204.220 Y158.900
G1 X203.510 Y158.900
G1 X204.900 Y158.460
G1 X205.570 Y158.130
G1 X206.230 Y157.670
G1 X206.550 Y157.600
G1 X206.360 Y157.930
G1 X205.420 Y158.500
G1 X204.520 Y158.740
G1 X204.220 Y158.900
G1 X203.510 Y158.900
G1 X204.900 Y158.460
G1 X205.570 Y158.130
G1 X206.230 Y157.670
G1 X206.550 Y157.600
G1 X206.360 Y157.930
G1 X205.420 Y158.500
G1 X204.520 Y158.740
G1 X204.220 Y158.900
G1 X203.510 Y158.900
G1 X204.900 Y158.460
G1 X205.570 Y158.130
G1 X206.230 Y157.670
G1 X206.550 Y157.600
G1 X206.360 Y157.930
G1 X205.420 Y158.500
G1 X204.520 Y158.740
G1 X204.220 Y158.900
G1 X203.510 Y158.900
G1 X204.900 Y158.460
G1 X205.570 Y158.130
G1 X206.230 Y157.670
G1 X206.550 Y157.600
G1 X206.360 Y157.930
G1 X205.420 Y158.500
G1 X204.520 Y158.740
G1 X204.220 Y158.900
G1 X203.510 Y158.900
G1 X204.900 Y158.460
G1 X205.570 Y158.130
G1 X206.230 Y157.670
G1 X206.550 Y157.600
G1 X206.360 Y157.930
G1 X205.420 Y158.500
G1 X204.520 Y158.740
G1 X204.220 Y158.900
G1 X203.510 Y158.900
G1 X204.900 Y158.460
G1 X205.570 Y158.130
G1 X206.230 Y157.670
G1 X206.550 Y157.600
G1 X206.360 Y157.930
G1 X205.420 Y158.500
G1 X204.520 Y158.740
G1 X204.220 Y158.900
G1 X203.510 Y158.900
G1 X204.900 Y158.460
G1 X205.570 Y158.130
G1 X206.230 Y157.670
G1 X206.550 Y157.600
G1 X206.360 Y157.930
G1 X205.420 Y158.500
G1 X204.520 Y158.740
G1 X204.220 Y158.900
G1 X203.510 Y158.900
G1 X204.900 Y158.460
G1 X205.570 Y158.130
G1 X206.230 Y157.670
G1 X206.550 Y157.600
G1 X206.360 Y157.930
G1 X205.420 Y158.500
G1 X204.520 Y158.740
G1 X204.220 Y158.900
G1 X203.510 Y158.900
G1 X204.900 Y158.460
G1 X205.570 Y158.130
G1 X206.230 Y157.670
G1 X206.550 Y157.600
G1 X206.360 Y157.930
G1 X205.420 Y158.500
G1 X204.520 Y158.740
G1 X204.220 Y158.900
G1 X203.510 Y158.900
G1 X204.900 Y158.460
G1 X205.164 Y158.330
M5

; --- etch stroke 78 (loop) ---
G0 X204.930 Y250.940
M3 S1000
F5000
G1 X204.530 Y251.490
G1 X202.420 Y252.600
G1 X202.040 Y252.610
G1 X200.780 Y252.390
G1 X200.330 Y252.190
G1 X188.800 Y231.730
G1 X188.720 Y231.250
G1 X189.230 Y229.420
G1 X189.630 Y228.870
G1 X191.470 Y227.860
G1 X191.940 Y227.740
G1 X193.950 Y228.290
G1 X194.410 Y228.660
G1 X205.320 Y248.550
G1 X205.440 Y249.120
G1 X204.930 Y250.940
G1 X204.530 Y251.490
G1 X202.420 Y252.600
G1 X202.040 Y252.610
G1 X200.780 Y252.390
G1 X200.330 Y252.190
G1 X188.800 Y231.730
G1 X188.720 Y231.250
G1 X189.230 Y229.420
G1 X189.630 Y228.870
G1 X191.470 Y227.860
G1 X191.940 Y227.740
G1 X193.950 Y228.290
G1 X194.410 Y228.660
G1 X205.320 Y248.550
G1 X205.440 Y249.120
G1 X204.930 Y250.940
G1 X204.530 Y251.490
G1 X202.420 Y252.600
G1 X202.040 Y252.610
G1 X200.780 Y252.390
G1 X200.330 Y252.190
G1 X192.507 Y238.309
M5

; --- etch stroke 79 (loop) ---
G0 X141.950 Y256.490
M3 S1000
F5000
G1 X141.670 Y250.980
G1 X141.730 Y250.610
G1 X143.270 Y246.300
G1 X146.910 Y242.060
G1 X149.690 Y240.390
G1 X152.130 Y239.560
G1 X158.090 Y239.260
G1 X162.640 Y240.650
G1 X164.520 Y242.450
G1 X164.690 Y242.930
G1 X165.420 Y252.000
G1 X165.340 Y252.380
G1 X164.590 Y253.730
G1 X164.190 Y254.120
G1 X155.460 Y255.100
G1 X154.990 Y254.920
G1 X153.770 Y253.890
G1 X153.530 Y253.480
G1 X153.140 Y251.500
G1 X153.160 Y251.200
G1 X153.330 Y250.820
G1 X154.470 Y249.250
G1 X154.800 Y249.010
G1 X155.090 Y248.930
G1 X158.520 Y248.490
G1 X158.310 Y245.930
G1 X157.090 Y245.550
G1 X153.680 Y245.830
G1 X151.520 Y246.860
G1 X148.880 Y249.980
G1 X148.210 Y252.460
G1 X148.390 Y254.740
G1 X149.050 Y256.420
G1 X150.010 Y257.720
G1 X152.550 Y259.700
G1 X154.850 Y260.380
G1 X157.930 Y260.130
G1 X161.610 Y258.840
G1 X162.370 Y258.950
G1 X164.060 Y260.020
G1 X164.320 Y260.620
G1 X164.520 Y263.010
G1 X164.470 Y263.400
G1 X164.120 Y263.890
G1 X161.950 Y265.520
G1 X159.290 Y266.430
G1 X154.430 Y266.830
G1 X151.900 Y266.410
G1 X149.210 Y265.350
G1 X147.650 Y264.460
G1 X144.500 Y261.580
G1 X143.070 Y259.410
G1 X141.950 Y256.490
G1 X141.670 Y250.980
G1 X141.730 Y250.610
G1 X143.270 Y246.300
G1 X146.910 Y242.060
G1 X149.690 Y240.390
G1 X152.130 Y239.560
G1 X158.090 Y239.260
G1 X162.640 Y240.650
G1 X164.520 Y242.450
G1 X164.690 Y242.930
G1 X165.420 Y252.000
G1 X165.340 Y252.380
G1 X164.590 Y253.730
G1 X164.190 Y254.120
G1 X155.460 Y255.100
G1 X154.990 Y254.920
G1 X153.770 Y253.890
G1 X153.530 Y253.480
G1 X153.140 Y251.500
G1 X153.160 Y251.200
G1 X153.330 Y250.820
G1 X154.470 Y249.250
G1 X154.800 Y249.010
G1 X155.090 Y248.930
G1 X158.520 Y248.490
G1 X158.310 Y245.930
G1 X157.090 Y245.550
G1 X153.680 Y245.830
G1 X151.520 Y246.860
G1 X148.880 Y249.980
G1 X148.338 Y251.986
M5

; --- etch stroke 80 (loop) ---
G0 X66.980 Y204.100
M3 S1000
F5000
G1 X55.650 Y214.420
G1 X55.480 Y214.670
G1 X55.390 Y215.150
G1 X55.660 Y215.770
G1 X55.970 Y216.000
G1 X56.450 Y216.090
G1 X76.820 Y214.770
G1 X77.610 Y214.900
G1 X78.510 Y215.920
G1 X78.340 Y216.740
G1 X61.970 Y231.260
G1 X61.560 Y231.370
G1 X61.140 Y231.290
G1 X60.600 Y230.690
G1 X60.740 Y229.680
G1 X72.080 Y219.350
G1 X72.250 Y219.100
G1 X72.340 Y218.720
G1 X72.140 Y218.080
G1 X71.760 Y217.770
G1 X71.280 Y217.680
G1 X50.910 Y219.000
G1 X50.160 Y218.870
G1 X49.330 Y217.750
G1 X49.450 Y216.980
G1 X65.760 Y202.500
G1 X66.160 Y202.400
G1 X66.580 Y202.480
G1 X67.120 Y203.080
G1 X66.980 Y204.100
G1 X55.650 Y214.420
G1 X55.480 Y214.670
G1 X55.390 Y215.150
G1 X55.660 Y215.770
G1 X55.970 Y216.000
G1 X56.450 Y216.090
G1 X76.820 Y214.770
G1 X77.610 Y214.900
G1 X78.510 Y215.920
G1 X78.340 Y216.740
G1 X61.970 Y231.260
G1 X61.560 Y231.370
G1 X61.140 Y231.290
G1 X60.600 Y230.690
G1 X60.740 Y229.680
G1 X72.080 Y219.350
G1 X72.250 Y219.100
G1 X72.340 Y218.720
G1 X72.140 Y218.080
G1 X71.760 Y217.770
G1 X71.280 Y217.680
G1 X71.267 Y217.681
M5

; --- etch stroke 81 (loop) ---
G0 X88.810 Y152.670
M3 S1000
F5000
G1 X89.800 Y153.070
G1 X90.480 Y153.750
G1 X90.850 Y154.490
G1 X90.890 Y154.990
G1 X91.050 Y155.290
G1 X91.050 Y155.900
G1 X90.890 Y156.210
G1 X90.850 Y156.700
G1 X90.690 Y157.010
G1 X90.420 Y157.540
G1 X90.280 Y157.850
G1 X89.800 Y158.330
G1 X89.060 Y158.700
G1 X88.750 Y158.700
G1 X89.120 Y158.580
G1 X90.330 Y157.370
G1 X90.810 Y156.190
G1 X90.850 Y155.400
G1 X90.610 Y154.610
G1 X90.280 Y153.940
G1 X89.360 Y152.990
G1 X88.810 Y152.670
G1 X89.800 Y153.070
G1 X90.480 Y153.750
G1 X90.850 Y154.490
G1 X90.890 Y154.990
G1 X91.050 Y155.290
G1 X91.050 Y155.900
G1 X90.890 Y156.210
G1 X90.850 Y156.700
G1 X90.690 Y157.010
G1 X90.420 Y157.540
G1 X90.280 Y157.850
G1 X89.800 Y158.330
G1 X89.060 Y158.700
G1 X88.750 Y158.700
G1 X89.120 Y158.580
G1 X90.330 Y157.370
G1 X90.810 Y156.190
G1 X90.850 Y155.400
G1 X90.610 Y154.610
G1 X90.280 Y153.940
G1 X89.360 Y152.990
G1 X88.810 Y152.670
G1 X89.800 Y153.070
G1 X90.480 Y153.750
G1 X90.850 Y154.490
G1 X90.890 Y154.990
G1 X91.050 Y155.290
G1 X91.050 Y155.900
G1 X90.890 Y156.210
G1 X90.850 Y156.700
G1 X90.690 Y157.010
G1 X90.420 Y157.540
G1 X90.280 Y157.850
G1 X89.800 Y158.330
G1 X89.060 Y158.700
G1 X88.750 Y158.700
G1 X89.120 Y158.580
G1 X90.330 Y157.370
G1 X90.810 Y156.190
G1 X90.850 Y155.400
G1 X90.610 Y154.610
G1 X90.280 Y153.940
G1 X89.360 Y152.990
G1 X88.810 Y152.670
G1 X89.800 Y153.070
G1 X90.480 Y153.750
G1 X90.850 Y154.490
G1 X90.890 Y154.990
G1 X91.050 Y155.290
G1 X91.050 Y155.900
G1 X90.890 Y156.210
G1 X90.850 Y156.700
G1 X90.690 Y157.010
G1 X90.420 Y157.540
G1 X90.280 Y157.850
G1 X89.800 Y158.330
G1 X89.060 Y158.700
G1 X88.750 Y158.700
G1 X89.120 Y158.580
G1 X90.330 Y157.370
G1 X90.810 Y156.190
G1 X90.850 Y155.400
G1 X90.610 Y154.610
G1 X90.280 Y153.940
G1 X89.360 Y152.990
G1 X88.810 Y152.670
G1 X89.800 Y153.070
G1 X90.480 Y153.750
G1 X90.850 Y154.490
G1 X90.890 Y154.990
G1 X91.050 Y155.290
G1 X91.050 Y155.900
G1 X90.890 Y156.210
G1 X90.850 Y156.700
G1 X90.690 Y157.010
G1 X90.420 Y157.540
G1 X90.280 Y157.850
G1 X89.800 Y158.330
G1 X89.060 Y158.700
G1 X88.750 Y158.700
G1 X89.120 Y158.580
G1 X90.330 Y157.370
G1 X90.810 Y156.190
G1 X90.850 Y155.400
G1 X90.610 Y154.610
G1 X90.280 Y153.940
G1 X89.360 Y152.990
G1 X88.810 Y152.670
G1 X89.800 Y153.070
G1 X90.480 Y153.750
G1 X90.850 Y154.490
G1 X90.890 Y154.990
G1 X91.050 Y155.290
G1 X91.050 Y155.900
G1 X90.890 Y156.210
G1 X90.850 Y156.700
G1 X90.690 Y157.010
G1 X90.420 Y157.540
G1 X90.280 Y157.850
G1 X89.800 Y158.330
G1 X89.060 Y158.700
G1 X88.750 Y158.700
G1 X89.120 Y158.580
G1 X90.330 Y157.370
G1 X90.810 Y156.190
G1 X90.850 Y155.400
G1 X90.610 Y154.610
G1 X90.280 Y153.940
G1 X89.360 Y152.990
G1 X88.810 Y152.670
G1 X89.800 Y153.070
G1 X90.480 Y153.750
G1 X90.850 Y154.490
G1 X90.890 Y154.990
G1 X91.007 Y155.210
M5

; --- etch stroke 82 (loop) ---
G0 X171.400 Y148.900
M3 S1000
F5000
G1 X171.000 Y147.900
G1 X171.400 Y148.490
G1 X171.440 Y148.790
G1 X171.800 Y149.490
G1 X171.840 Y149.790
G1 X171.400 Y148.900
G1 X171.000 Y147.900
G1 X171.400 Y148.490
G1 X171.440 Y148.790
G1 X171.800 Y149.490
G1 X171.840 Y149.790
G1 X171.400 Y148.900
G1 X171.000 Y147.900
G1 X171.400 Y148.490
G1 X171.440 Y148.790
G1 X171.800 Y149.490
G1 X171.840 Y149.790
G1 X171.400 Y148.900
G1 X171.000 Y147.900
G1 X171.400 Y148.490
G1 X171.440 Y148.790
G1 X171.800 Y149.490
G1 X171.840 Y149.790
G1 X171.400 Y148.900
G1 X171.000 Y147.900
G1 X171.400 Y148.490
G1 X171.440 Y148.790
G1 X171.800 Y149.490
G1 X171.840 Y149.790
G1 X171.400 Y148.900
G1 X171.000 Y147.900
G1 X171.400 Y148.490
G1 X171.440 Y148.790
G1 X171.800 Y149.490
G1 X171.840 Y149.790
G1 X171.400 Y148.900
G1 X171.000 Y147.900
G1 X171.400 Y148.490
G1 X171.440 Y148.790
G1 X171.800 Y149.490
G1 X171.840 Y149.790
G1 X171.400 Y148.900
G1 X171.000 Y147.900
G1 X171.400 Y148.490
G1 X171.440 Y148.790
G1 X171.800 Y149.490
G1 X171.840 Y149.790
G1 X171.400 Y148.900
G1 X171.000 Y147.900
G1 X171.400 Y148.490
G1 X171.440 Y148.790
G1 X171.800 Y149.490
G1 X171.840 Y149.790
G1 X171.400 Y148.900
G1 X171.000 Y147.900
G1 X171.400 Y148.490
G1 X171.440 Y148.790
G1 X171.800 Y149.490
G1 X171.840 Y149.790
G1 X171.400 Y148.900
G1 X171.000 Y147.900
G1 X171.400 Y148.490
G1 X171.440 Y148.790
G1 X171.800 Y149.490
G1 X171.840 Y149.790
G1 X171.400 Y148.900
G1 X171.000 Y147.900
G1 X171.400 Y148.490
G1 X171.440 Y148.790
G1 X171.800 Y149.490
G1 X171.840 Y149.790
G1 X171.400 Y148.900
G1 X171.000 Y147.900
G1 X171.400 Y148.490
G1 X171.440 Y148.790
G1 X171.800 Y149.490
G1 X171.840 Y149.790
G1 X171.400 Y148.900
G1 X171.000 Y147.900
G1 X171.400 Y148.490
G1 X171.440 Y148.790
G1 X171.800 Y149.490
G1 X171.840 Y149.790
G1 X171.400 Y148.900
G1 X171.000 Y147.900
G1 X171.400 Y148.490
G1 X171.440 Y148.790
G1 X171.800 Y149.490
G1 X171.840 Y149.790
G1 X171.400 Y148.900
G1 X171.000 Y147.900
G1 X171.400 Y148.490
G1 X171.440 Y148.790
G1 X171.800 Y149.490
G1 X171.840 Y149.790
G1 X171.400 Y148.900
G1 X171.000 Y147.900
G1 X171.400 Y148.490
G1 X171.440 Y148.790
G1 X171.800 Y149.490
G1 X171.840 Y149.790
G1 X171.400 Y148.900
G1 X171.000 Y147.900
G1 X171.400 Y148.490
G1 X171.440 Y148.790
G1 X171.800 Y149.490
G1 X171.840 Y149.790
G1 X171.400 Y148.900
G1 X171.000 Y147.900
G1 X171.400 Y148.490
G1 X171.440 Y148.790
G1 X171.800 Y149.490
G1 X171.840 Y149.790
G1 X171.400 Y148.900
G1 X171.000 Y147.900
G1 X171.400 Y148.490
G1 X171.440 Y148.790
G1 X171.800 Y149.490
G1 X171.840 Y149.790
G1 X171.400 Y148.900
G1 X171.000 Y147.900
G1 X171.400 Y148.490
G1 X171.440 Y148.790
G1 X171.800 Y149.490
G1 X171.840 Y149.790
G1 X171.475 Y149.052
M5

; --- etch stroke 83 (loop) ---
G0 X95.550 Y147.900
M3 S1000
F5000
G1 X95.920 Y146.740
G1 X96.590 Y146.070
G1 X97.050 Y145.900
G1 X98.840 Y145.940
G1 X99.260 Y146.190
G1 X99.780 Y146.740
G1 X99.950 Y150.700
G1 X101.960 Y150.700
G1 X102.260 Y150.540
G1 X102.760 Y150.500
G1 X103.150 Y150.100
G1 X103.150 Y148.800
G1 X103.390 Y148.010
G1 X103.920 Y146.940
G1 X104.590 Y146.270
G1 X105.450 Y145.900
G1 X107.050 Y145.900
G1 X107.510 Y146.070
G1 X108.060 Y146.590
G1 X108.350 Y147.200
G1 X108.310 Y148.390
G1 X107.980 Y149.060
G1 X107.530 Y149.520
G1 X107.350 Y149.890
G1 X107.310 Y151.190
G1 X107.030 Y151.970
G1 X106.570 Y152.700
G1 X107.180 Y153.340
G1 X107.710 Y154.610
G1 X107.750 Y157.200
G1 X106.980 Y158.860
G1 X105.860 Y160.010
G1 X105.040 Y160.460
G1 X104.250 Y160.700
G1 X97.050 Y160.700
G1 X96.590 Y160.530
G1 X96.040 Y160.010
G1 X95.790 Y159.590
G1 X95.550 Y158.800
G1 X95.550 Y147.900
G1 X95.920 Y146.740
G1 X96.590 Y146.070
G1 X97.050 Y145.900
G1 X98.840 Y145.940
G1 X99.260 Y146.190
G1 X99.780 Y146.740
G1 X99.950 Y150.700
G1 X101.960 Y150.700
G1 X102.260 Y150.540
G1 X102.760 Y150.500
G1 X103.150 Y150.100
G1 X103.150 Y148.800
G1 X103.390 Y148.010
G1 X103.920 Y146.940
G1 X104.590 Y146.270
G1 X105.450 Y145.900
G1 X107.050 Y145.900
G1 X107.510 Y146.070
G1 X108.060 Y146.590
G1 X108.350 Y147.200
G1 X108.310 Y148.390
G1 X107.980 Y149.060
G1 X107.530 Y149.520
G1 X107.350 Y149.890
G1 X107.310 Y151.190
G1 X107.030 Y151.970
G1 X106.570 Y152.700
G1 X107.180 Y153.340
G1 X107.710 Y154.610
G1 X107.750 Y157.200
G1 X106.980 Y158.860
G1 X105.860 Y160.010
G1 X105.040 Y160.460
G1 X104.250 Y160.700
G1 X97.050 Y160.700
G1 X96.590 Y160.530
G1 X96.040 Y160.010
G1 X95.790 Y159.590
G1 X95.550 Y158.800
G1 X95.550 Y147.900
G1 X95.920 Y146.740
G1 X96.590 Y146.070
G1 X97.050 Y145.900
G1 X98.840 Y145.940
G1 X99.260 Y146.190
G1 X99.780 Y146.740
G1 X99.950 Y150.700
G1 X101.960 Y150.700
G1 X102.260 Y150.540
G1 X102.760 Y150.500
G1 X103.150 Y150.100
G1 X103.150 Y148.800
G1 X103.390 Y148.010
G1 X103.920 Y146.940
G1 X104.590 Y146.270
G1 X105.450 Y145.900
G1 X107.050 Y145.900
G1 X107.510 Y146.070
G1 X108.060 Y146.590
G1 X108.350 Y147.200
G1 X108.310 Y148.390
G1 X107.980 Y149.060
G1 X107.530 Y149.520
G1 X107.350 Y149.890
G1 X107.348 Y149.954
M5

; --- etch stroke 84 (loop) ---
G0 X171.960 Y150.050
M3 S1000
F5000
G1 X172.490 Y150.610
G1 X172.910 Y150.860
G1 X174.100 Y150.900
G1 X173.640 Y151.070
G1 X173.170 Y151.540
G1 X173.000 Y152.000
G1 X173.040 Y152.390
G1 X173.320 Y153.170
G1 X174.030 Y154.520
G1 X174.200 Y154.890
G1 X174.240 Y155.190
G1 X174.770 Y156.260
G1 X175.220 Y156.710
G1 X175.680 Y156.880
G1 X176.070 Y156.840
G1 X176.790 Y156.260
G1 X177.320 Y155.190
G1 X177.360 Y154.890
G1 X177.530 Y154.520
G1 X178.240 Y153.170
G1 X178.520 Y152.390
G1 X178.560 Y152.000
G1 X178.390 Y151.540
G1 X177.920 Y151.070
G1 X177.460 Y150.900
G1 X178.650 Y150.860
G1 X179.070 Y150.610
G1 X179.600 Y150.050
G1 X179.000 Y151.450
G1 X178.600 Y152.450
G1 X178.000 Y153.850
G1 X177.400 Y155.250
G1 X176.800 Y156.650
G1 X176.200 Y158.050
G1 X175.970 Y158.700
G1 X175.560 Y158.670
G1 X175.360 Y158.050
G1 X174.800 Y156.920
G1 X174.200 Y155.520
G1 X173.600 Y154.120
G1 X173.000 Y152.700
G1 X172.600 Y151.720
G1 X171.960 Y150.050
G1 X172.490 Y150.610
G1 X172.910 Y150.860
G1 X174.100 Y150.900
G1 X173.640 Y151.070
G1 X173.170 Y151.540
G1 X173.000 Y152.000
G1 X173.040 Y152.390
G1 X173.320 Y153.170
G1 X174.030 Y154.520
G1 X174.200 Y154.890
G1 X174.240 Y155.190
G1 X174.770 Y156.260
G1 X175.220 Y156.710
G1 X175.680 Y156.880
G1 X176.070 Y156.840
G1 X176.790 Y156.260
G1 X177.320 Y155.190
G1 X177.360 Y154.890
G1 X177.530 Y154.520
G1 X178.240 Y153.170
G1 X178.520 Y152.390
G1 X178.560 Y152.000
G1 X178.390 Y151.540
G1 X177.920 Y151.070
G1 X177.460 Y150.900
G1 X178.650 Y150.860
G1 X179.070 Y150.610
G1 X179.600 Y150.050
G1 X179.000 Y151.450
G1 X178.600 Y152.450
G1 X178.000 Y153.850
G1 X177.400 Y155.250
G1 X176.800 Y156.650
G1 X176.200 Y158.050
G1 X175.970 Y158.700
G1 X175.560 Y158.670
G1 X175.360 Y158.050
G1 X174.800 Y156.920
G1 X174.200 Y155.520
G1 X173.600 Y154.120
G1 X173.000 Y152.700
G1 X172.600 Y151.720
G1 X171.960 Y150.050
G1 X172.490 Y150.610
G1 X172.910 Y150.860
G1 X174.100 Y150.900
G1 X173.640 Y151.070
G1 X173.170 Y151.540
G1 X173.000 Y152.000
G1 X173.040 Y152.390
G1 X173.320 Y153.170
G1 X174.030 Y154.520
G1 X174.200 Y154.890
G1 X174.240 Y155.190
G1 X174.770 Y156.260
G1 X175.220 Y156.710
G1 X175.680 Y156.880
G1 X176.070 Y156.840
G1 X176.790 Y156.260
G1 X177.320 Y155.190
G1 X177.360 Y154.890
G1 X177.530 Y154.520
G1 X178.240 Y153.170
G1 X178.520 Y152.390
G1 X178.560 Y152.000
G1 X178.390 Y151.540
G1 X177.920 Y151.070
G1 X177.460 Y150.900
G1 X178.650 Y150.860
G1 X179.070 Y150.610
G1 X179.600 Y150.050
G1 X179.000 Y151.450
G1 X178.600 Y152.450
G1 X178.000 Y153.850
G1 X177.400 Y155.250
G1 X176.800 Y156.650
G1 X176.200 Y158.050
G1 X175.970 Y158.700
G1 X175.560 Y158.670
G1 X175.360 Y158.050
G1 X174.800 Y156.920
G1 X174.200 Y155.520
G1 X173.600 Y154.120
G1 X173.000 Y152.700
G1 X172.600 Y151.720
G1 X171.960 Y150.050
G1 X172.490 Y150.610
G1 X172.910 Y150.860
G1 X174.100 Y150.900
G1 X173.640 Y151.070
G1 X173.170 Y151.540
G1 X173.000 Y152.000
G1 X173.040 Y152.390
G1 X173.274 Y153.042
M5

; --- etch stroke 85 (loop) ---
G0 X93.970 Y132.500
M3 S1000
F5000
G1 X93.570 Y131.500
G1 X93.970 Y132.090
G1 X94.010 Y132.390
G1 X94.370 Y133.090
G1 X94.410 Y133.390
G1 X93.970 Y132.500
G1 X93.570 Y131.500
G1 X93.970 Y132.090
G1 X94.010 Y132.390
G1 X94.370 Y133.090
G1 X94.410 Y133.390
G1 X93.970 Y132.500
G1 X93.570 Y131.500
G1 X93.970 Y132.090
G1 X94.010 Y132.390
G1 X94.370 Y133.090
G1 X94.410 Y133.390
G1 X93.970 Y132.500
G1 X93.570 Y131.500
G1 X93.970 Y132.090
G1 X94.010 Y132.390
G1 X94.370 Y133.090
G1 X94.410 Y133.390
G1 X93.970 Y132.500
G1 X93.570 Y131.500
G1 X93.970 Y132.090
G1 X94.010 Y132.390
G1 X94.370 Y133.090
G1 X94.410 Y133.390
G1 X93.970 Y132.500
G1 X93.570 Y131.500
G1 X93.970 Y132.090
G1 X94.010 Y132.390
G1 X94.370 Y133.090
G1 X94.410 Y133.390
G1 X93.970 Y132.500
G1 X93.570 Y131.500
G1 X93.970 Y132.090
G1 X94.010 Y132.390
G1 X94.370 Y133.090
G1 X94.410 Y133.390
G1 X93.970 Y132.500
G1 X93.570 Y131.500
G1 X93.970 Y132.090
G1 X94.010 Y132.390
G1 X94.370 Y133.090
G1 X94.410 Y133.390
G1 X93.970 Y132.500
G1 X93.570 Y131.500
G1 X93.970 Y132.090
G1 X94.010 Y132.390
G1 X94.370 Y133.090
G1 X94.410 Y133.390
G1 X93.970 Y132.500
G1 X93.570 Y131.500
G1 X93.970 Y132.090
G1 X94.010 Y132.390
G1 X94.370 Y133.090
G1 X94.410 Y133.390
G1 X93.970 Y132.500
G1 X93.570 Y131.500
G1 X93.970 Y132.090
G1 X94.010 Y132.390
G1 X94.370 Y133.090
G1 X94.410 Y133.390
G1 X93.970 Y132.500
G1 X93.570 Y131.500
G1 X93.970 Y132.090
G1 X94.010 Y132.390
G1 X94.370 Y133.090
G1 X94.410 Y133.390
G1 X93.970 Y132.500
G1 X93.570 Y131.500
G1 X93.970 Y132.090
G1 X94.010 Y132.390
G1 X94.370 Y133.090
G1 X94.410 Y133.390
G1 X93.970 Y132.500
G1 X93.570 Y131.500
G1 X93.970 Y132.090
G1 X94.010 Y132.390
G1 X94.370 Y133.090
G1 X94.410 Y133.390
G1 X93.970 Y132.500
G1 X93.570 Y131.500
G1 X93.970 Y132.090
G1 X94.010 Y132.390
G1 X94.370 Y133.090
G1 X94.410 Y133.390
G1 X93.970 Y132.500
G1 X93.570 Y131.500
G1 X93.970 Y132.090
G1 X94.010 Y132.390
G1 X94.370 Y133.090
G1 X94.410 Y133.390
G1 X93.970 Y132.500
G1 X93.570 Y131.500
G1 X93.970 Y132.090
G1 X94.010 Y132.390
G1 X94.370 Y133.090
G1 X94.410 Y133.390
G1 X93.970 Y132.500
G1 X93.570 Y131.500
G1 X93.970 Y132.090
G1 X94.010 Y132.390
G1 X94.370 Y133.090
G1 X94.410 Y133.390
G1 X93.970 Y132.500
G1 X93.570 Y131.500
G1 X93.970 Y132.090
G1 X94.010 Y132.390
G1 X94.370 Y133.090
G1 X94.410 Y133.390
G1 X93.970 Y132.500
G1 X93.570 Y131.500
G1 X93.970 Y132.090
G1 X94.010 Y132.390
G1 X94.370 Y133.090
G1 X94.410 Y133.390
G1 X93.970 Y132.500
G1 X93.570 Y131.500
G1 X93.970 Y132.090
G1 X94.010 Y132.390
G1 X94.370 Y133.090
G1 X94.410 Y133.390
G1 X94.045 Y132.652
M5

; --- etch stroke 86 (loop) ---
G0 X95.330 Y54.600
M3 S1000
F5000
G1 X95.490 Y54.960
G1 X96.740 Y56.300
G1 X97.080 Y56.430
G1 X99.240 Y56.830
G1 X99.640 Y56.740
G1 X105.670 Y54.050
G1 X105.990 Y53.830
G1 X106.250 Y53.310
G1 X106.210 Y52.830
G1 X103.670 Y47.180
G1 X103.360 Y46.940
G1 X102.600 Y46.880
G1 X96.750 Y49.530
G1 X95.480 Y50.730
G1 X94.900 Y52.330
G1 X94.880 Y52.710
G1 X95.330 Y54.600
G1 X95.490 Y54.960
G1 X96.740 Y56.300
G1 X97.080 Y56.430
G1 X99.240 Y56.830
G1 X99.640 Y56.740
G1 X105.670 Y54.050
G1 X105.990 Y53.830
G1 X106.250 Y53.310
G1 X106.210 Y52.830
G1 X103.670 Y47.180
G1 X103.360 Y46.940
G1 X102.600 Y46.880
G1 X96.750 Y49.530
G1 X95.480 Y50.730
G1 X94.900 Y52.330
G1 X94.880 Y52.710
G1 X95.330 Y54.600
G1 X95.490 Y54.960
G1 X96.740 Y56.300
G1 X97.080 Y56.430
G1 X99.240 Y56.830
G1 X99.640 Y56.740
G1 X105.670 Y54.050
G1 X105.990 Y53.830
G1 X106.250 Y53.310
G1 X106.210 Y52.830
G1 X103.670 Y47.180
G1 X103.360 Y46.940
G1 X102.600 Y46.880
G1 X96.750 Y49.530
G1 X95.480 Y50.730
G1 X94.900 Y52.330
G1 X94.880 Y52.710
G1 X95.330 Y54.600
G1 X95.490 Y54.960
G1 X96.740 Y56.300
G1 X97.080 Y56.430
G1 X99.240 Y56.830
G1 X99.640 Y56.740
G1 X105.670 Y54.050
G1 X105.990 Y53.830
G1 X106.250 Y53.310
G1 X106.210 Y52.830
G1 X104.368 Y48.733
M5

; --- etch stroke 87 (loop) ---
G0 X78.160 Y138.290
M3 S1000
F5000
G1 X77.960 Y137.800
G1 X77.960 Y135.800
G1 X78.160 Y135.300
G1 X78.160 Y134.800
G1 X78.360 Y134.300
G1 X78.400 Y133.810
G1 X78.930 Y132.740
G1 X79.190 Y132.450
G1 X79.330 Y132.140
G1 X81.000 Y130.470
G1 X82.470 Y129.740
G1 X82.770 Y129.700
G1 X83.860 Y129.300
G1 X87.460 Y129.300
G1 X89.030 Y129.820
G1 X89.520 Y130.070
G1 X89.990 Y130.540
G1 X90.360 Y131.400
G1 X90.360 Y132.400
G1 X90.190 Y132.860
G1 X89.470 Y133.610
G1 X88.860 Y133.900
G1 X87.460 Y133.900
G1 X86.570 Y133.500
G1 X84.760 Y133.500
G1 X83.610 Y134.070
G1 X83.130 Y134.550
G1 X82.560 Y135.690
G1 X82.540 Y136.300
G1 X82.360 Y136.690
G1 X82.560 Y137.400
G1 X82.560 Y137.900
G1 X83.130 Y139.050
G1 X83.610 Y139.530
G1 X84.380 Y139.930
G1 X84.760 Y140.100
G1 X86.570 Y140.100
G1 X87.460 Y139.700
G1 X88.860 Y139.700
G1 X89.230 Y139.820
G1 X90.190 Y140.740
G1 X90.360 Y141.200
G1 X90.320 Y142.390
G1 X89.990 Y143.060
G1 X89.520 Y143.530
G1 X88.850 Y143.860
G1 X87.460 Y144.300
G1 X83.860 Y144.300
G1 X82.290 Y143.780
G1 X81.000 Y143.130
G1 X79.330 Y141.460
G1 X79.190 Y141.150
G1 X78.930 Y140.860
G1 X78.400 Y139.790
G1 X78.360 Y139.290
G1 X78.160 Y138.800
G1 X78.160 Y138.290
G1 X77.960 Y137.800
G1 X77.960 Y135.800
G1 X78.160 Y135.300
G1 X78.160 Y134.800
G1 X78.360 Y134.300
G1 X78.400 Y133.810
G1 X78.930 Y132.740
G1 X79.190 Y132.450
G1 X79.330 Y132.140
G1 X81.000 Y130.470
G1 X82.470 Y129.740
G1 X82.770 Y129.700
G1 X83.860 Y129.300
G1 X87.460 Y129.300
G1 X89.030 Y129.820
G1 X89.520 Y130.070
G1 X89.990 Y130.540
G1 X90.360 Y131.400
G1 X90.360 Y132.400
G1 X90.190 Y132.860
G1 X89.470 Y133.610
G1 X88.860 Y133.900
G1 X87.460 Y133.900
G1 X86.570 Y133.500
G1 X84.760 Y133.500
G1 X83.610 Y134.070
G1 X83.130 Y134.550
G1 X82.560 Y135.690
G1 X82.540 Y136.300
G1 X82.360 Y136.690
G1 X82.560 Y137.400
G1 X82.560 Y137.900
G1 X83.130 Y139.050
G1 X83.610 Y139.530
G1 X84.380 Y139.930
G1 X84.760 Y140.100
G1 X86.570 Y140.100
G1 X87.460 Y139.700
G1 X88.860 Y139.700
G1 X89.230 Y139.820
G1 X90.190 Y140.740
G1 X90.360 Y141.200
G1 X90.320 Y142.390
G1 X89.990 Y143.060
G1 X89.520 Y143.530
G1 X88.850 Y143.860
G1 X87.460 Y144.300
G1 X83.860 Y144.300
G1 X82.290 Y143.780
G1 X81.000 Y143.130
G1 X79.330 Y141.460
G1 X79.190 Y141.150
G1 X78.930 Y140.860
G1 X78.400 Y139.790
G1 X78.360 Y139.290
G1 X78.160 Y138.800
G1 X78.160 Y138.290
G1 X77.960 Y137.800
G1 X77.960 Y135.800
G1 X78.160 Y135.300
G1 X78.160 Y134.800
G1 X78.360 Y134.300
G1 X78.400 Y133.810
G1 X78.930 Y132.740
G1 X79.190 Y132.450
G1 X79.330 Y132.140
G1 X81.000 Y130.470
G1 X82.470 Y129.740
G1 X82.770 Y129.700
G1 X83.860 Y129.300
G1 X87.460 Y129.300
G1 X89.030 Y129.820
G1 X89.520 Y130.070
G1 X89.990 Y130.540
G1 X90.360 Y131.400
G1 X90.360 Y132.400
G1 X90.190 Y132.860
G1 X89.470 Y133.610
G1 X88.860 Y133.900
G1 X87.460 Y133.900
G1 X87.403 Y133.874
M5

; --- etch stroke 88 (loop) ---
G0 X172.010 Y137.210
M3 S1000
F5000
G1 X172.140 Y137.600
G1 X172.140 Y137.900
G1 X172.510 Y138.850
G1 X172.870 Y139.340
G1 X173.460 Y139.930
G1 X174.340 Y140.300
G1 X175.420 Y140.300
G1 X176.290 Y139.930
G1 X176.880 Y139.340
G1 X177.240 Y138.850
G1 X177.610 Y137.900
G1 X177.610 Y137.600
G1 X177.740 Y137.210
G1 X177.740 Y136.590
G1 X177.610 Y136.200
G1 X177.610 Y135.890
G1 X177.240 Y134.950
G1 X176.880 Y134.460
G1 X176.290 Y133.870
G1 X175.420 Y133.500
G1 X174.340 Y133.500
G1 X173.460 Y133.870
G1 X172.870 Y134.460
G1 X172.510 Y134.950
G1 X172.140 Y135.890
G1 X172.140 Y136.200
G1 X172.010 Y136.590
G1 X172.010 Y137.210
G1 X172.140 Y137.600
G1 X172.140 Y137.900
G1 X172.510 Y138.850
G1 X172.870 Y139.340
G1 X173.460 Y139.930
G1 X174.340 Y140.300
G1 X175.420 Y140.300
G1 X176.290 Y139.930
G1 X176.880 Y139.340
G1 X177.240 Y138.850
G1 X177.610 Y137.900
G1 X177.610 Y137.600
G1 X177.740 Y137.210
G1 X177.740 Y136.590
G1 X177.610 Y136.200
G1 X177.610 Y135.890
G1 X177.240 Y134.950
G1 X176.880 Y134.460
G1 X176.290 Y133.870
G1 X175.420 Y133.500
G1 X174.340 Y133.500
G1 X173.460 Y133.870
G1 X172.870 Y134.460
G1 X172.510 Y134.950
G1 X172.140 Y135.890
G1 X172.140 Y136.200
G1 X172.010 Y136.590
G1 X172.010 Y137.210
G1 X172.140 Y137.600
G1 X172.140 Y137.900
G1 X172.510 Y138.850
G1 X172.870 Y139.340
G1 X173.460 Y139.930
G1 X174.340 Y140.300
G1 X175.420 Y140.300
G1 X176.290 Y139.930
G1 X176.880 Y139.340
G1 X177.240 Y138.850
G1 X177.610 Y137.900
G1 X177.610 Y137.600
G1 X177.740 Y137.210
G1 X177.740 Y136.590
G1 X177.610 Y136.200
G1 X177.610 Y135.890
G1 X177.240 Y134.950
G1 X176.880 Y134.460
G1 X176.290 Y133.870
G1 X175.420 Y133.500
G1 X174.340 Y133.500
G1 X173.460 Y133.870
G1 X172.870 Y134.460
G1 X172.510 Y134.950
G1 X172.140 Y135.890
G1 X172.140 Y136.200
G1 X172.010 Y136.590
G1 X172.010 Y137.210
G1 X172.140 Y137.600
G1 X172.140 Y137.900
G1 X172.510 Y138.850
G1 X172.870 Y139.340
G1 X173.460 Y139.930
G1 X174.340 Y140.300
G1 X175.420 Y140.300
G1 X176.290 Y139.930
G1 X176.880 Y139.340
G1 X177.240 Y138.850
G1 X177.610 Y137.900
G1 X177.610 Y137.600
G1 X177.740 Y137.210
G1 X177.740 Y136.590
G1 X177.610 Y136.200
G1 X177.610 Y135.890
G1 X177.240 Y134.950
G1 X176.880 Y134.460
G1 X176.290 Y133.870
G1 X175.420 Y133.500
G1 X174.340 Y133.500
G1 X173.460 Y133.870
G1 X172.870 Y134.460
G1 X172.510 Y134.950
G1 X172.140 Y135.890
G1 X172.140 Y136.200
G1 X172.010 Y136.590
G1 X172.010 Y137.210
G1 X172.140 Y137.600
G1 X172.140 Y137.900
G1 X172.510 Y138.850
G1 X172.870 Y139.340
G1 X173.460 Y139.930
G1 X174.340 Y140.300
G1 X175.420 Y140.300
G1 X176.290 Y139.930
G1 X176.880 Y139.340
G1 X177.240 Y138.850
G1 X177.610 Y137.900
G1 X177.610 Y137.600
G1 X177.740 Y137.210
G1 X177.740 Y136.590
G1 X177.610 Y136.200
G1 X177.610 Y135.890
G1 X177.240 Y134.950
G1 X176.880 Y134.460
G1 X176.290 Y133.870
G1 X175.420 Y133.500
G1 X174.340 Y133.500
G1 X173.460 Y133.870
G1 X172.870 Y134.460
G1 X172.510 Y134.950
G1 X172.140 Y135.890
G1 X172.140 Y136.200
G1 X172.010 Y136.590
G1 X172.010 Y137.210
G1 X172.140 Y137.600
G1 X172.140 Y137.900
G1 X172.510 Y138.850
G1 X172.870 Y139.340
G1 X173.460 Y139.930
G1 X174.000 Y140.157
M5

; --- etch stroke 89 (loop) ---
G0 X102.530 Y251.290
M3 S1000
F5000
G1 X101.820 Y251.640
G1 X101.240 Y251.820
G1 X100.270 Y251.970
G1 X99.580 Y251.940
G1 X98.600 Y251.720
G1 X98.050 Y251.500
G1 X96.950 Y250.780
G1 X96.230 Y250.000
G1 X95.900 Y249.490
G1 X95.400 Y248.270
G1 X95.240 Y247.200
G1 X95.260 Y246.600
G1 X95.590 Y245.300
G1 X96.120 Y244.340
G1 X96.590 Y243.770
G1 X97.040 Y243.350
G1 X98.040 Y242.630
G1 X99.710 Y241.800
G1 X104.580 Y240.020
G1 X105.840 Y239.330
G1 X106.900 Y238.350
G1 X107.270 Y238.250
G1 X107.660 Y238.300
G1 X107.990 Y238.490
G1 X108.270 Y238.880
G1 X108.290 Y239.710
G1 X108.360 Y240.330
G1 X108.800 Y241.710
G1 X111.100 Y246.330
G1 X111.750 Y248.100
G1 X111.980 Y249.310
G1 X112.010 Y250.060
G1 X111.840 Y251.250
G1 X111.670 Y251.790
G1 X111.030 Y252.890
G1 X110.280 Y253.660
G1 X109.770 Y254.020
G1 X108.580 Y254.550
G1 X107.980 Y254.690
G1 X106.910 Y254.760
G1 X106.190 Y254.670
G1 X105.200 Y254.370
G1 X104.120 Y253.710
G1 X103.420 Y253.020
G1 X103.100 Y252.570
G1 X102.790 Y252.020
G1 X102.530 Y251.290
G1 X101.820 Y251.640
G1 X101.240 Y251.820
G1 X100.270 Y251.970
G1 X99.580 Y251.940
G1 X98.600 Y251.720
G1 X98.050 Y251.500
G1 X96.950 Y250.780
G1 X96.230 Y250.000
G1 X95.900 Y249.490
G1 X95.400 Y248.270
G1 X95.240 Y247.200
G1 X95.260 Y246.600
G1 X95.590 Y245.300
G1 X96.120 Y244.340
G1 X96.590 Y243.770
G1 X97.040 Y243.350
G1 X98.040 Y242.630
G1 X99.710 Y241.800
G1 X104.580 Y240.020
G1 X105.840 Y239.330
G1 X106.900 Y238.350
G1 X107.270 Y238.250
G1 X107.660 Y238.300
G1 X107.990 Y238.490
G1 X108.270 Y238.880
G1 X108.290 Y239.710
G1 X108.360 Y240.330
G1 X108.800 Y241.710
G1 X111.100 Y246.330
G1 X111.750 Y248.100
G1 X111.980 Y249.310
G1 X112.010 Y250.060
G1 X111.840 Y251.250
G1 X111.670 Y251.790
G1 X111.030 Y252.890
G1 X110.280 Y253.660
G1 X109.770 Y254.020
G1 X108.580 Y254.550
G1 X107.980 Y254.690
G1 X106.910 Y254.760
G1 X106.190 Y254.670
G1 X105.200 Y254.370
G1 X104.120 Y253.710
G1 X103.420 Y253.020
G1 X103.100 Y252.570
G1 X102.790 Y252.020
G1 X102.530 Y251.290
G1 X101.820 Y251.640
G1 X101.240 Y251.820
G1 X100.270 Y251.970
G1 X99.580 Y251.940
G1 X98.600 Y251.720
G1 X98.050 Y251.500
G1 X96.950 Y250.780
G1 X96.230 Y250.000
G1 X95.900 Y249.490
G1 X95.400 Y248.270
G1 X95.240 Y247.200
G1 X95.260 Y246.600
G1 X95.590 Y245.300
G1 X96.120 Y244.340
G1 X96.590 Y243.770
G1 X97.040 Y243.350
G1 X98.040 Y242.630
G1 X99.710 Y241.800
G1 X104.580 Y240.020
G1 X105.840 Y239.330
G1 X106.900 Y238.350
G1 X107.270 Y238.250
G1 X107.660 Y238.300
G1 X107.990 Y238.490
G1 X108.270 Y238.880
G1 X108.290 Y239.710
G1 X108.360 Y240.330
G1 X108.800 Y241.710
G1 X108.940 Y241.990
M5

; --- etch stroke 90 (loop) ---
G0 X184.530 Y147.900
M3 S1000
F5000
G1 X184.900 Y146.740
G1 X185.570 Y146.070
G1 X186.030 Y145.900
G1 X193.630 Y145.900
G1 X194.090 Y146.070
G1 X194.440 Y146.390
G1 X194.890 Y147.210
G1 X194.890 Y148.590
G1 X194.560 Y149.260
G1 X194.000 Y149.780
G1 X193.630 Y149.900
G1 X188.930 Y149.900
G1 X188.930 Y159.200
G1 X188.560 Y160.060
G1 X188.240 Y160.410
G1 X187.820 Y160.660
G1 X186.030 Y160.700
G1 X185.660 Y160.580
G1 X184.900 Y159.860
G1 X184.570 Y158.990
G1 X184.530 Y147.900
G1 X184.900 Y146.740
G1 X185.570 Y146.070
G1 X186.030 Y145.900
G1 X193.630 Y145.900
G1 X194.090 Y146.070
G1 X194.440 Y146.390
G1 X194.890 Y147.210
G1 X194.890 Y148.590
G1 X194.560 Y149.260
G1 X194.000 Y149.780
G1 X193.630 Y149.900
G1 X188.930 Y149.900
G1 X188.930 Y159.200
G1 X188.560 Y160.060
G1 X188.240 Y160.410
G1 X187.820 Y160.660
G1 X186.030 Y160.700
G1 X185.660 Y160.580
G1 X184.900 Y159.860
G1 X184.570 Y158.990
G1 X184.530 Y147.900
G1 X184.900 Y146.740
G1 X185.570 Y146.070
G1 X186.030 Y145.900
G1 X193.630 Y145.900
G1 X194.090 Y146.070
G1 X194.440 Y146.390
G1 X194.890 Y147.210
G1 X194.890 Y148.590
G1 X194.560 Y149.260
G1 X194.000 Y149.780
G1 X193.630 Y149.900
G1 X188.930 Y149.900
G1 X188.930 Y159.200
G1 X188.560 Y160.060
G1 X188.240 Y160.410
G1 X187.820 Y160.660
G1 X186.030 Y160.700
G1 X185.660 Y160.580
G1 X184.900 Y159.860
G1 X184.570 Y158.990
G1 X184.565 Y157.730
M5

; --- etch stroke 91 (loop) ---
G0 X186.830 Y141.910
M3 S1000
F5000
G1 X186.830 Y131.890
G1 X187.010 Y131.500
G1 X191.260 Y131.500
G1 X190.890 Y131.620
G1 X187.690 Y133.710
G1 X187.310 Y134.160
G1 X187.230 Y134.450
G1 X187.230 Y142.300
G1 X186.830 Y141.910
G1 X186.830 Y131.890
G1 X187.010 Y131.500
G1 X191.260 Y131.500
G1 X190.890 Y131.620
G1 X187.690 Y133.710
G1 X187.310 Y134.160
G1 X187.230 Y134.450
G1 X187.230 Y142.300
G1 X186.830 Y141.910
G1 X186.830 Y131.890
G1 X187.010 Y131.500
G1 X191.260 Y131.500
G1 X190.890 Y131.620
G1 X187.690 Y133.710
G1 X187.310 Y134.160
G1 X187.230 Y134.450
G1 X187.230 Y142.300
G1 X186.830 Y141.910
G1 X186.830 Y131.890
G1 X187.010 Y131.500
G1 X191.260 Y131.500
G1 X190.890 Y131.620
G1 X187.690 Y133.710
G1 X187.310 Y134.160
G1 X187.230 Y134.450
G1 X187.230 Y141.565
M5

; --- etch stroke 92 (loop) ---
G0 X197.040 Y149.930
M3 S1000
F5000
G1 X196.810 Y149.400
G1 X196.810 Y148.600
G1 X196.930 Y148.230
G1 X197.300 Y147.590
G1 X197.900 Y146.990
G1 X198.650 Y146.470
G1 X199.320 Y146.140
G1 X200.220 Y145.900
G1 X200.520 Y145.740
G1 X204.310 Y145.700
G1 X205.880 Y146.220
G1 X206.720 Y146.790
G1 X207.520 Y147.590
G1 X208.040 Y148.340
G1 X208.410 Y149.400
G1 X208.410 Y151.800
G1 X208.170 Y152.590
G1 X207.840 Y153.260
G1 X206.970 Y154.130
G1 X205.880 Y154.780
G1 X204.500 Y155.260
G1 X203.810 Y155.300
G1 X203.500 Y155.460
G1 X202.810 Y155.500
G1 X202.500 Y155.660
G1 X201.460 Y156.070
G1 X201.460 Y156.530
G1 X202.210 Y156.900
G1 X203.020 Y156.900
G1 X203.320 Y156.740
G1 X204.220 Y156.500
G1 X204.560 Y156.330
G1 X204.850 Y156.070
G1 X205.920 Y155.540
G1 X207.100 Y155.540
G1 X207.920 Y155.990
G1 X208.240 Y156.340
G1 X208.570 Y157.010
G1 X208.570 Y158.190
G1 X208.120 Y159.010
G1 X207.520 Y159.610
G1 X206.680 Y160.180
G1 X206.100 Y160.460
G1 X204.710 Y160.900
G1 X201.110 Y160.900
G1 X199.540 Y160.380
G1 X198.700 Y159.810
G1 X197.900 Y159.010
G1 X197.380 Y158.260
G1 X197.010 Y157.200
G1 X197.010 Y154.800
G1 X197.250 Y154.010
G1 X197.580 Y153.340
G1 X198.450 Y152.470
G1 X199.540 Y151.820
G1 X200.620 Y151.500
G1 X200.920 Y151.340
G1 X201.620 Y151.300
G1 X201.920 Y151.140
G1 X202.620 Y151.100
G1 X202.920 Y150.940
G1 X203.220 Y150.900
G1 X203.960 Y150.530
G1 X203.960 Y150.070
G1 X203.220 Y149.700
G1 X202.410 Y149.700
G1 X201.500 Y150.060
G1 X200.860 Y150.270
G1 X200.570 Y150.530
G1 X199.500 Y151.060
G1 X198.510 Y151.100
G1 X197.650 Y150.730
G1 X197.180 Y150.260
G1 X197.040 Y149.930
G1 X196.810 Y149.400
G1 X196.810 Y148.600
G1 X196.930 Y148.230
G1 X197.300 Y147.590
G1 X197.900 Y146.990
G1 X198.650 Y146.470
G1 X199.320 Y146.140
G1 X200.220 Y145.900
G1 X200.520 Y145.740
G1 X204.310 Y145.700
G1 X205.880 Y146.220
G1 X206.720 Y146.790
G1 X207.520 Y147.590
G1 X208.040 Y148.340
G1 X208.410 Y149.400
G1 X208.410 Y151.800
G1 X208.170 Y152.590
G1 X207.840 Y153.260
G1 X206.970 Y154.130
G1 X205.880 Y154.780
G1 X204.500 Y155.260
G1 X203.810 Y155.300
G1 X203.500 Y155.460
G1 X202.810 Y155.500
G1 X202.500 Y155.660
G1 X201.460 Y156.070
G1 X201.460 Y156.530
G1 X202.210 Y156.900
G1 X203.020 Y156.900
G1 X203.320 Y156.740
G1 X204.220 Y156.500
G1 X204.560 Y156.330
G1 X204.850 Y156.070
G1 X205.920 Y155.540
G1 X207.100 Y155.540
G1 X207.920 Y155.990
G1 X208.240 Y156.340
G1 X208.570 Y157.010
G1 X208.570 Y158.190
G1 X208.120 Y159.010
G1 X207.520 Y159.610
G1 X206.680 Y160.180
G1 X206.100 Y160.460
G1 X204.710 Y160.900
G1 X201.110 Y160.900
G1 X199.540 Y160.380
G1 X198.700 Y159.810
G1 X197.900 Y159.010
G1 X197.380 Y158.260
G1 X197.010 Y157.200
G1 X197.010 Y154.800
G1 X197.250 Y154.010
G1 X197.580 Y153.340
G1 X198.450 Y152.470
G1 X199.540 Y151.820
G1 X200.620 Y151.500
G1 X200.920 Y151.340
G1 X201.620 Y151.300
G1 X201.920 Y151.140
G1 X202.620 Y151.100
G1 X202.920 Y150.940
G1 X203.220 Y150.900
G1 X203.960 Y150.530
G1 X203.960 Y150.070
G1 X203.220 Y149.700
G1 X202.410 Y149.700
G1 X201.500 Y150.060
G1 X200.860 Y150.270
G1 X200.570 Y150.530
G1 X199.500 Y151.060
G1 X198.510 Y151.100
G1 X197.650 Y150.730
G1 X197.180 Y150.260
G1 X197.040 Y149.930
G1 X196.810 Y149.400
G1 X196.810 Y148.600
G1 X196.930 Y148.230
G1 X197.300 Y147.590
G1 X197.900 Y146.990
G1 X198.650 Y146.470
G1 X199.320 Y146.140
G1 X200.220 Y145.900
G1 X200.520 Y145.740
G1 X204.310 Y145.700
G1 X205.880 Y146.220
G1 X206.652 Y146.744
M5

; --- etch stroke 93 (loop) ---
G0 X198.880 Y149.020
M3 S1000
F5000
G1 X199.060 Y148.670
G1 X200.010 Y148.100
G1 X201.210 Y147.700
G1 X201.910 Y147.700
G1 X200.820 Y148.100
G1 X200.520 Y148.140
G1 X199.850 Y148.470
G1 X199.190 Y148.930
G1 X198.880 Y149.020
G1 X199.060 Y148.670
G1 X200.010 Y148.100
G1 X201.210 Y147.700
G1 X201.910 Y147.700
G1 X200.820 Y148.100
G1 X200.520 Y148.140
G1 X199.850 Y148.470
G1 X199.190 Y148.930
G1 X198.880 Y149.020
G1 X199.060 Y148.670
G1 X200.010 Y148.100
G1 X201.210 Y147.700
G1 X201.910 Y147.700
G1 X200.820 Y148.100
G1 X200.520 Y148.140
G1 X199.850 Y148.470
G1 X199.190 Y148.930
G1 X198.880 Y149.020
G1 X199.060 Y148.670
G1 X200.010 Y148.100
G1 X201.210 Y147.700
G1 X201.910 Y147.700
G1 X200.820 Y148.100
G1 X200.520 Y148.140
G1 X199.850 Y148.470
G1 X199.190 Y148.930
G1 X198.880 Y149.020
G1 X199.060 Y148.670
G1 X200.010 Y148.100
G1 X201.210 Y147.700
G1 X201.910 Y147.700
G1 X200.820 Y148.100
G1 X200.520 Y148.140
G1 X199.850 Y148.470
G1 X199.190 Y148.930
G1 X198.880 Y149.020
G1 X199.060 Y148.670
G1 X200.010 Y148.100
G1 X201.210 Y147.700
G1 X201.910 Y147.700
G1 X200.820 Y148.100
G1 X200.520 Y148.140
G1 X199.850 Y148.470
G1 X199.190 Y148.930
G1 X198.880 Y149.020
G1 X199.060 Y148.670
G1 X200.010 Y148.100
G1 X201.210 Y147.700
G1 X201.910 Y147.700
G1 X200.820 Y148.100
G1 X200.520 Y148.140
G1 X199.850 Y148.470
G1 X199.190 Y148.930
G1 X198.880 Y149.020
G1 X199.060 Y148.670
G1 X200.010 Y148.100
G1 X201.210 Y147.700
G1 X201.910 Y147.700
G1 X200.820 Y148.100
G1 X200.520 Y148.140
G1 X199.850 Y148.470
G1 X199.190 Y148.930
G1 X198.880 Y149.020
G1 X199.060 Y148.670
G1 X200.010 Y148.100
G1 X201.210 Y147.700
G1 X201.910 Y147.700
G1 X200.820 Y148.100
G1 X200.520 Y148.140
G1 X199.850 Y148.470
G1 X199.190 Y148.930
G1 X198.880 Y149.020
G1 X199.060 Y148.670
G1 X200.010 Y148.100
G1 X201.210 Y147.700
G1 X201.910 Y147.700
G1 X200.820 Y148.100
G1 X200.520 Y148.140
G1 X199.850 Y148.470
G1 X199.190 Y148.930
G1 X198.880 Y149.020
G1 X199.060 Y148.670
G1 X200.010 Y148.100
G1 X201.210 Y147.700
G1 X201.910 Y147.700
G1 X200.820 Y148.100
G1 X200.520 Y148.140
G1 X199.850 Y148.470
G1 X199.190 Y148.930
G1 X198.880 Y149.020
G1 X199.060 Y148.670
G1 X200.010 Y148.100
G1 X201.210 Y147.700
G1 X201.910 Y147.700
G1 X200.820 Y148.100
G1 X200.520 Y148.140
G1 X199.850 Y148.470
G1 X199.190 Y148.930
G1 X198.880 Y149.020
G1 X199.060 Y148.670
G1 X200.010 Y148.100
G1 X201.210 Y147.700
G1 X201.910 Y147.700
G1 X200.820 Y148.100
G1 X200.520 Y148.140
G1 X199.850 Y148.470
G1 X199.190 Y148.930
G1 X198.880 Y149.020
G1 X199.060 Y148.670
G1 X200.010 Y148.100
G1 X200.182 Y148.043
M5

; --- etch stroke 94 (loop) ---
G0 X204.170 Y147.870
M3 S1000
F5000
G1 X204.990 Y148.100
G1 X205.250 Y148.330
G1 X205.560 Y148.470
G1 X205.840 Y148.750
G1 X205.980 Y149.060
G1 X206.210 Y149.320
G1 X206.410 Y149.890
G1 X206.410 Y151.300
G1 X206.040 Y152.250
G1 X205.360 Y152.730
G1 X203.820 Y153.300
G1 X203.310 Y153.300
G1 X202.820 Y153.500
G1 X202.310 Y153.500
G1 X201.520 Y153.740
G1 X200.450 Y154.270
G1 X199.580 Y155.140
G1 X199.210 Y156.000
G1 X199.250 Y156.790
G1 X199.580 Y157.460
G1 X200.300 Y158.210
G1 X201.250 Y158.730
G1 X200.700 Y158.540
G1 X200.170 Y158.270
G1 X199.860 Y158.130
G1 X199.580 Y157.850
G1 X199.440 Y157.540
G1 X199.210 Y157.280
G1 X199.010 Y156.700
G1 X199.010 Y155.290
G1 X199.380 Y154.350
G1 X200.060 Y153.870
G1 X201.610 Y153.300
G1 X202.110 Y153.300
G1 X202.610 Y153.100
G1 X203.110 Y153.100
G1 X203.900 Y152.860
G1 X204.970 Y152.330
G1 X205.840 Y151.460
G1 X206.210 Y150.600
G1 X206.210 Y150.000
G1 X206.090 Y149.630
G1 X205.840 Y149.140
G1 X205.120 Y148.390
G1 X204.170 Y147.870
G1 X204.990 Y148.100
G1 X205.250 Y148.330
G1 X205.560 Y148.470
G1 X205.840 Y148.750
G1 X205.980 Y149.060
G1 X206.210 Y149.320
G1 X206.410 Y149.890
G1 X206.410 Y151.300
G1 X206.040 Y152.250
G1 X205.360 Y152.730
G1 X203.820 Y153.300
G1 X203.310 Y153.300
G1 X202.820 Y153.500
G1 X202.310 Y153.500
G1 X201.520 Y153.740
G1 X200.450 Y154.270
G1 X199.580 Y155.140
G1 X199.210 Y156.000
G1 X199.250 Y156.790
G1 X199.580 Y157.460
G1 X200.300 Y158.210
G1 X201.250 Y158.730
G1 X200.700 Y158.540
G1 X200.170 Y158.270
G1 X199.860 Y158.130
G1 X199.580 Y157.850
G1 X199.440 Y157.540
G1 X199.210 Y157.280
G1 X199.010 Y156.700
G1 X199.010 Y155.290
G1 X199.380 Y154.350
G1 X200.060 Y153.870
G1 X201.610 Y153.300
G1 X202.110 Y153.300
G1 X202.610 Y153.100
G1 X203.110 Y153.100
G1 X203.900 Y152.860
G1 X204.970 Y152.330
G1 X205.840 Y151.460
G1 X206.210 Y150.600
G1 X206.210 Y150.000
G1 X206.090 Y149.630
G1 X205.840 Y149.140
G1 X205.120 Y148.390
G1 X204.170 Y147.870
G1 X204.990 Y148.100
G1 X205.250 Y148.330
G1 X205.560 Y148.470
G1 X205.840 Y148.750
G1 X205.980 Y149.060
G1 X206.210 Y149.320
G1 X206.410 Y149.890
G1 X206.410 Y151.300
G1 X206.040 Y152.250
G1 X205.360 Y152.730
G1 X203.820 Y153.300
G1 X203.310 Y153.300
G1 X202.820 Y153.500
G1 X202.310 Y153.500
G1 X201.520 Y153.740
G1 X200.450 Y154.270
G1 X199.580 Y155.140
G1 X199.210 Y156.000
G1 X199.250 Y156.790
G1 X199.580 Y157.460
G1 X200.300 Y158.210
G1 X201.250 Y158.730
G1 X200.700 Y158.540
G1 X200.170 Y158.270
G1 X199.860 Y158.130
G1 X199.580 Y157.850
G1 X199.440 Y157.540
G1 X199.210 Y157.280
G1 X199.010 Y156.700
G1 X199.010 Y155.290
G1 X199.380 Y154.350
G1 X200.060 Y153.870
G1 X201.610 Y153.300
G1 X202.110 Y153.300
G1 X202.610 Y153.100
G1 X203.110 Y153.100
G1 X203.900 Y152.860
G1 X204.970 Y152.330
G1 X205.840 Y151.460
G1 X206.210 Y150.600
G1 X206.210 Y150.000
G1 X206.090 Y149.630
G1 X205.840 Y149.140
G1 X205.120 Y148.390
G1 X204.170 Y147.870
G1 X204.990 Y148.100
G1 X205.250 Y148.330
G1 X205.560 Y148.470
G1 X205.840 Y148.750
G1 X205.980 Y149.060
G1 X206.210 Y149.320
G1 X206.410 Y149.890
G1 X206.410 Y151.300
G1 X206.040 Y152.250
G1 X205.360 Y152.730
G1 X203.820 Y153.300
G1 X203.310 Y153.300
G1 X202.820 Y153.500
G1 X202.310 Y153.500
G1 X201.520 Y153.740
G1 X200.450 Y154.270
G1 X199.580 Y155.140
G1 X199.445 Y155.455
M5

; --- etch stroke 95 (loop) ---
G0 X199.720 Y138.060
M3 S1000
F5000
G1 X199.760 Y138.520
G1 X199.960 Y139.120
G1 X200.360 Y139.930
G1 X200.810 Y140.540
G1 X202.030 Y141.730
G1 X202.700 Y142.060
G1 X203.420 Y142.300
G1 X205.680 Y142.260
G1 X206.390 Y141.980
G1 X207.030 Y141.610
G1 X208.220 Y140.390
G1 X208.870 Y139.300
G1 X209.150 Y138.520
G1 X209.190 Y138.060
G1 X209.320 Y137.670
G1 X209.320 Y136.130
G1 X209.190 Y135.740
G1 X209.150 Y135.280
G1 X208.950 Y134.680
G1 X208.550 Y133.870
G1 X208.100 Y133.260
G1 X206.880 Y132.070
G1 X206.210 Y131.740
G1 X205.490 Y131.500
G1 X203.230 Y131.540
G1 X202.520 Y131.820
G1 X201.880 Y132.190
G1 X200.810 Y133.260
G1 X200.310 Y133.960
G1 X199.760 Y135.280
G1 X199.720 Y135.740
G1 X199.590 Y136.130
G1 X199.590 Y137.670
G1 X199.720 Y138.060
G1 X199.760 Y138.520
G1 X199.960 Y139.120
G1 X200.360 Y139.930
G1 X200.810 Y140.540
G1 X202.030 Y141.730
G1 X202.700 Y142.060
G1 X203.420 Y142.300
G1 X205.680 Y142.260
G1 X206.390 Y141.980
G1 X207.030 Y141.610
G1 X208.220 Y140.390
G1 X208.870 Y139.300
G1 X209.150 Y138.520
G1 X209.190 Y138.060
G1 X209.320 Y137.670
G1 X209.320 Y136.130
G1 X209.190 Y135.740
G1 X209.150 Y135.280
G1 X208.950 Y134.680
G1 X208.550 Y133.870
G1 X208.100 Y133.260
G1 X206.880 Y132.070
G1 X206.210 Y131.740
G1 X205.490 Y131.500
G1 X203.230 Y131.540
G1 X202.520 Y131.820
G1 X201.880 Y132.190
G1 X200.810 Y133.260
G1 X200.310 Y133.960
G1 X199.760 Y135.280
G1 X199.720 Y135.740
G1 X199.590 Y136.130
G1 X199.590 Y137.670
G1 X199.720 Y138.060
G1 X199.760 Y138.520
G1 X199.960 Y139.120
G1 X200.360 Y139.930
G1 X200.810 Y140.540
G1 X202.030 Y141.730
G1 X202.700 Y142.060
G1 X203.420 Y142.300
G1 X205.680 Y142.260
G1 X206.390 Y141.980
G1 X207.030 Y141.610
G1 X208.220 Y140.390
G1 X208.870 Y139.300
G1 X209.150 Y138.520
G1 X209.190 Y138.060
G1 X209.320 Y137.670
G1 X209.320 Y136.130
G1 X209.190 Y135.740
G1 X209.150 Y135.280
G1 X208.950 Y134.680
G1 X208.550 Y133.870
G1 X208.100 Y133.260
G1 X206.880 Y132.070
G1 X206.210 Y131.740
G1 X205.490 Y131.500
G1 X203.230 Y131.540
G1 X202.520 Y131.820
G1 X201.880 Y132.190
G1 X200.810 Y133.260
G1 X200.310 Y133.960
G1 X199.760 Y135.280
G1 X199.720 Y135.740
G1 X199.590 Y136.130
G1 X199.590 Y137.670
G1 X199.720 Y138.060
G1 X199.760 Y138.520
G1 X199.960 Y139.120
G1 X200.360 Y139.930
G1 X200.810 Y140.540
G1 X202.030 Y141.730
G1 X202.700 Y142.060
G1 X203.420 Y142.300
G1 X205.680 Y142.260
G1 X206.390 Y141.980
G1 X207.030 Y141.610
G1 X208.220 Y140.390
G1 X208.870 Y139.300
G1 X209.150 Y138.520
G1 X209.190 Y138.060
G1 X209.320 Y137.670
G1 X209.320 Y136.130
G1 X209.190 Y135.740
G1 X209.150 Y135.280
G1 X208.950 Y134.680
G1 X208.745 Y134.264
M5

G0 X0 Y0

; full puzzle: word=BRIAN-GILLIAN, 290x290mm, 70 continuous cut paths (258 edges after dedup)
; generated by emitter.py
; loose-fit: centerline cuts, laser kerf becomes the clearance
; edge dedup: shared cell-cell boundaries cut exactly once
; cut order: letters first, interior next, panel border last
; contiguous edges fused into single continuous cuts (no per-edge re-fire)
; ASSUMES Z already at focal height in your WCS
; warmup: 1000ms = 5.8mm at F350; each cut runs fwd half / back to start first (laser at full power on return), then cuts the whole path at full power
; backtrack budget: 2000ms = 11.7mm — re-trace already-cut line to stay continuous only when it's cheaper than a restart's warmup; longer gaps restart instead (no wholesale double-cut)
; min segment: 0.3mm (shorter chords decimated)
; breakaway bridges: 6 x 0.5mm uncut gaps hold tiny letter counters in place (snap out by hand)
;
;HEAD: laser
;MATERIAL: plywood_veneer_3ply_3mm
;LASER_MODE: static  (M3 — dwell-burn-through risk if motion stalls)

; --- path 1/70 (70 pts) ---
G0 X53.040 Y32.900
M3 S1000
F350
; warmup: fwd half / back to start, then cut at full power
G1 X54.340 Y33.980
G1 X55.487 Y34.416
G1 X54.340 Y33.980
G1 X53.040 Y32.900
G1 X54.340 Y33.980
G1 X56.340 Y34.740
G1 X58.000 Y36.860
G1 X58.220 Y37.300
G1 X58.260 Y37.820
G1 X58.100 Y38.300
G1 X57.780 Y38.680
G1 X57.440 Y38.940
G1 X57.160 Y39.100
G1 X56.820 Y39.160
G1 X56.500 Y39.100
G1 X56.200 Y38.960
G1 X55.940 Y38.800
G1 X55.660 Y38.660
G1 X55.360 Y38.560
G1 X55.060 Y38.500
G1 X54.760 Y38.480
G1 X54.460 Y38.480
G1 X54.140 Y38.540
G1 X53.840 Y38.620
G1 X53.560 Y38.740
G1 X53.040 Y39.080
G1 X52.620 Y39.520
G1 X52.440 Y39.780
G1 X52.300 Y40.060
G1 X52.140 Y40.640
G1 X52.100 Y40.940
G1 X52.100 Y41.260
G1 X52.140 Y41.560
G1 X52.220 Y41.860
G1 X52.320 Y42.160
G1 X52.480 Y42.420
G1 X52.640 Y42.680
G1 X55.740 Y46.660
G1 X55.960 Y46.880
G1 X56.440 Y47.260
G1 X56.700 Y47.420
G1 X57.000 Y47.520
G1 X57.300 Y47.600
G1 X57.600 Y47.640
G1 X58.220 Y47.620
G1 X58.520 Y47.540
G1 X59.080 Y47.300
G1 X59.340 Y47.140
G1 X59.580 Y46.940
G1 X59.800 Y46.720
G1 X60.140 Y46.200
G1 X60.260 Y45.920
G1 X60.340 Y45.620
G1 X60.380 Y45.320
G1 X60.400 Y45.000
G1 X60.380 Y44.700
G1 X60.320 Y44.400
G1 X60.220 Y44.100
G1 X60.140 Y43.780
G1 X60.180 Y43.440
G1 X60.320 Y43.140
G1 X60.540 Y42.900
G1 X60.880 Y42.660
G1 X61.320 Y42.420
G1 X61.840 Y42.380
G1 X62.320 Y42.540
G1 X62.700 Y42.880
G1 X64.340 Y44.980
G1 X64.220 Y47.280
G1 X64.780 Y49.300
G1 X65.240 Y51.360
G1 X65.640 Y53.440
G1 X65.920 Y55.120
M5

; --- path 2/70 (20 pts) ---
G0 X54.310 Y66.430
M3 S1000
F350
; warmup: fwd half / back to start, then cut at full power
G1 X52.470 Y66.570
G1 X51.835 Y67.433
G1 X52.470 Y66.570
G1 X54.310 Y66.430
G1 X52.470 Y66.570
G1 X51.410 Y68.010
G1 X44.900 Y76.890
G1 X44.620 Y78.230
G1 X44.320 Y79.700
G1 X44.660 Y81.940
G1 X45.300 Y83.100
G1 X45.920 Y84.200
G1 X46.700 Y84.970
G1 X48.680 Y86.620
G1 X52.080 Y87.380
G1 X52.670 Y87.250
G1 X54.720 Y86.830
G1 X54.730 Y87.140
G1 X54.780 Y88.110
G1 X55.680 Y90.260
G1 X58.700 Y93.220
G1 X59.000 Y94.600
G1 X59.220 Y95.580
M5

; --- path 3/70 (90 pts) ---
G0 X45.300 Y83.100
M3 S1000
F350
; warmup: fwd half / back to start, then cut at full power
G1 X44.460 Y84.440
G1 X43.744 Y85.567
G1 X44.460 Y84.440
G1 X45.300 Y83.100
G1 X44.460 Y84.440
G1 X43.380 Y86.140
G1 X42.320 Y87.840
G1 X41.280 Y89.540
G1 X40.240 Y91.260
G1 X38.600 Y93.900
G1 X38.420 Y94.180
G1 X38.200 Y94.400
G1 X37.940 Y94.580
G1 X37.660 Y94.700
G1 X37.360 Y94.760
G1 X37.040 Y94.760
G1 X36.740 Y94.700
G1 X36.440 Y94.580
G1 X36.000 Y94.360
G1 X35.660 Y94.100
G1 X35.420 Y93.780
G1 X35.320 Y93.380
G1 X35.320 Y92.980
G1 X35.380 Y92.600
G1 X35.380 Y92.220
G1 X35.340 Y91.840
G1 X35.260 Y91.460
G1 X35.120 Y91.120
G1 X34.960 Y90.780
G1 X34.760 Y90.460
G1 X34.500 Y90.160
G1 X34.220 Y89.900
G1 X33.920 Y89.680
G1 X33.600 Y89.500
G1 X33.240 Y89.340
G1 X32.880 Y89.240
G1 X32.500 Y89.180
G1 X32.120 Y89.160
G1 X31.740 Y89.200
G1 X31.360 Y89.280
G1 X31.000 Y89.400
G1 X30.660 Y89.560
G1 X30.340 Y89.760
G1 X30.040 Y89.980
G1 X29.780 Y90.260
G1 X29.540 Y90.560
G1 X29.340 Y90.880
G1 X26.300 Y96.740
G1 X26.140 Y97.080
G1 X26.020 Y97.440
G1 X25.960 Y97.820
G1 X25.920 Y98.200
G1 X25.960 Y98.580
G1 X26.020 Y98.960
G1 X26.120 Y99.320
G1 X26.280 Y99.660
G1 X26.460 Y100.000
G1 X26.700 Y100.300
G1 X26.960 Y100.560
G1 X27.260 Y100.800
G1 X27.580 Y101.020
G1 X27.920 Y101.180
G1 X28.280 Y101.300
G1 X28.640 Y101.380
G1 X29.020 Y101.420
G1 X29.400 Y101.400
G1 X29.780 Y101.340
G1 X30.160 Y101.240
G1 X30.500 Y101.100
G1 X30.840 Y100.920
G1 X31.140 Y100.700
G1 X31.420 Y100.440
G1 X31.760 Y100.200
G1 X32.140 Y100.080
G1 X32.540 Y100.080
G1 X32.940 Y100.200
G1 X33.380 Y100.440
G1 X33.640 Y100.600
G1 X33.880 Y100.820
G1 X34.040 Y101.080
G1 X34.180 Y101.380
G1 X34.240 Y101.680
G1 X34.240 Y102.000
G1 X34.180 Y102.300
G1 X34.060 Y102.600
G1 X32.620 Y105.340
G1 X32.080 Y107.320
G1 X31.300 Y109.160
G1 X30.560 Y111.020
G1 X29.820 Y112.880
G1 X29.100 Y114.760
G1 X28.380 Y116.620
G1 X27.820 Y118.120
M5

; --- path 4/70 (171 pts) ---
G0 X4.820 Y107.960
M3 S1000
F350
; warmup: fwd half / back to start, then cut at full power
G1 X6.420 Y108.680
G1 X7.565 Y108.877
G1 X6.420 Y108.680
G1 X4.820 Y107.960
G1 X6.420 Y108.680
G1 X8.280 Y109.000
G1 X11.400 Y110.800
G1 X11.720 Y110.940
G1 X12.060 Y111.020
G1 X12.420 Y111.040
G1 X12.760 Y110.980
G1 X13.100 Y110.840
G1 X13.400 Y110.660
G1 X13.640 Y110.420
G1 X13.860 Y110.140
G1 X14.140 Y109.640
G1 X14.300 Y109.200
G1 X14.320 Y108.740
G1 X14.200 Y108.300
G1 X13.940 Y107.920
G1 X13.660 Y107.600
G1 X13.420 Y107.240
G1 X13.240 Y106.860
G1 X13.080 Y106.460
G1 X13.000 Y106.040
G1 X12.940 Y105.620
G1 X12.960 Y105.180
G1 X13.000 Y104.760
G1 X13.120 Y104.360
G1 X13.260 Y103.960
G1 X13.460 Y103.580
G1 X13.720 Y103.220
G1 X14.000 Y102.900
G1 X14.320 Y102.620
G1 X14.660 Y102.380
G1 X15.040 Y102.180
G1 X15.440 Y102.020
G1 X15.860 Y101.920
G1 X16.280 Y101.860
G1 X16.700 Y101.860
G1 X17.140 Y101.900
G1 X17.560 Y102.000
G1 X17.960 Y102.140
G1 X18.340 Y102.320
G1 X24.580 Y105.920
G1 X24.940 Y106.160
G1 X25.260 Y106.420
G1 X25.560 Y106.740
G1 X25.800 Y107.080
G1 X26.020 Y107.460
G1 X26.180 Y107.840
G1 X26.300 Y108.260
G1 X26.360 Y108.680
G1 X26.380 Y109.100
G1 X26.360 Y109.540
G1 X26.260 Y109.960
G1 X26.140 Y110.360
G1 X25.960 Y110.740
G1 X25.720 Y111.120
G1 X25.460 Y111.440
G1 X25.160 Y111.740
G1 X24.820 Y112.000
G1 X24.460 Y112.220
G1 X24.060 Y112.400
G1 X23.660 Y112.540
G1 X23.240 Y112.600
G1 X22.800 Y112.640
G1 X22.380 Y112.620
G1 X21.960 Y112.540
G1 X21.500 Y112.500
G1 X21.060 Y112.620
G1 X20.660 Y112.860
G1 X20.380 Y113.220
G1 X20.100 Y113.720
G1 X19.940 Y114.040
G1 X19.880 Y114.380
G1 X19.860 Y114.740
G1 X19.920 Y115.080
G1 X20.040 Y115.420
G1 X20.220 Y115.720
G1 X20.480 Y115.980
G1 X20.760 Y116.180
G1 X23.880 Y117.980
G1 X25.100 Y119.420
G1 X26.520 Y120.440
G1 X26.450 Y120.760
G1 X27.340 Y122.320
G1 X27.020 Y123.940
G1 X26.680 Y125.940
G1 X26.060 Y127.580
G1 X26.000 Y130.240
G1 X25.900 Y130.720
G1 X25.600 Y131.140
G1 X25.180 Y131.420
G1 X24.680 Y131.500
G1 X24.260 Y131.500
G1 X23.940 Y131.440
G1 X23.640 Y131.280
G1 X23.420 Y131.020
G1 X23.280 Y130.720
G1 X23.060 Y130.160
G1 X22.880 Y129.900
G1 X22.700 Y129.660
G1 X22.460 Y129.440
G1 X22.220 Y129.260
G1 X21.960 Y129.100
G1 X21.680 Y128.980
G1 X21.380 Y128.880
G1 X21.080 Y128.820
G1 X20.760 Y128.820
G1 X20.460 Y128.840
G1 X20.160 Y128.880
G1 X19.860 Y128.980
G1 X19.580 Y129.100
G1 X19.320 Y129.260
G1 X19.060 Y129.440
G1 X18.840 Y129.660
G1 X18.660 Y129.900
G1 X18.500 Y130.160
G1 X18.360 Y130.440
G1 X18.260 Y130.740
G1 X18.200 Y131.040
G1 X18.180 Y131.360
G1 X18.060 Y136.440
G1 X18.060 Y136.760
G1 X18.120 Y137.060
G1 X18.200 Y137.360
G1 X18.320 Y137.640
G1 X18.460 Y137.920
G1 X18.860 Y138.380
G1 X19.100 Y138.580
G1 X19.360 Y138.760
G1 X19.920 Y139.000
G1 X20.220 Y139.080
G1 X20.520 Y139.100
G1 X20.840 Y139.100
G1 X21.140 Y139.060
G1 X21.440 Y138.980
G1 X22.000 Y138.740
G1 X22.260 Y138.560
G1 X22.700 Y138.120
G1 X22.880 Y137.880
G1 X23.020 Y137.600
G1 X23.200 Y137.160
G1 X23.380 Y136.880
G1 X23.660 Y136.700
G1 X23.980 Y136.600
G1 X24.560 Y136.600
G1 X25.040 Y136.720
G1 X25.460 Y137.000
G1 X25.740 Y137.440
G1 X25.820 Y137.940
G1 X25.760 Y140.580
G1 X26.320 Y142.240
G1 X26.600 Y144.260
G1 X26.880 Y146.080
G1 X27.300 Y148.300
G1 X27.700 Y150.300
G1 X28.140 Y152.300
G1 X28.600 Y154.280
G1 X29.080 Y156.280
G1 X29.540 Y158.260
G1 X30.020 Y160.240
G1 X30.480 Y162.240
G1 X30.940 Y164.240
G1 X31.300 Y165.840
G1 X29.230 Y167.300
G1 X27.340 Y168.640
G1 X26.710 Y169.550
G1 X26.940 Y171.350
G1 X27.000 Y171.800
G1 X28.220 Y172.700
G1 X32.710 Y173.560
G1 X51.060 Y176.900
M5

; --- path 5/70 (8 pts) ---
G0 X34.050 Y169.380
M3 S1000
F350
; warmup: fwd half / back to start, then cut at full power
G1 X36.906 Y169.971
G1 X34.050 Y169.380
G1 X37.820 Y170.160
G1 X42.200 Y171.060
G1 X41.680 Y168.310
G1 X40.940 Y164.430
G1 X39.840 Y164.870
G1 X35.610 Y168.160
G1 X34.050 Y169.380
M5

; --- path 6/70 (3 pts) ---
G0 X31.300 Y165.840
M3 S1000
F350
; warmup: fwd half / back to start, then cut at full power
G1 X33.677 Y164.149
G1 X31.300 Y165.840
G1 X34.870 Y163.300
G1 X45.760 Y155.580
M5

; --- path 7/70 (84 pts) ---
G0 X26.880 Y146.080
M3 S1000
F350
; warmup: fwd half / back to start, then cut at full power
G1 X25.200 Y145.920
G1 X23.974 Y145.827
G1 X25.200 Y145.920
G1 X26.880 Y146.080
G1 X25.200 Y145.920
G1 X23.100 Y145.760
G1 X21.380 Y144.140
G1 X17.900 Y145.080
G1 X17.580 Y145.200
G1 X17.280 Y145.380
G1 X17.020 Y145.620
G1 X16.820 Y145.920
G1 X16.680 Y146.240
G1 X16.600 Y146.580
G1 X16.580 Y146.940
G1 X16.640 Y147.280
G1 X16.800 Y147.820
G1 X16.980 Y148.240
G1 X17.300 Y148.580
G1 X17.700 Y148.800
G1 X18.140 Y148.900
G1 X18.580 Y148.920
G1 X18.980 Y149.020
G1 X19.400 Y149.160
G1 X19.780 Y149.340
G1 X20.140 Y149.560
G1 X20.480 Y149.820
G1 X20.780 Y150.140
G1 X21.040 Y150.480
G1 X21.260 Y150.840
G1 X21.420 Y151.240
G1 X21.560 Y151.640
G1 X21.620 Y152.060
G1 X21.660 Y152.480
G1 X21.620 Y152.920
G1 X21.560 Y153.340
G1 X21.420 Y153.740
G1 X21.260 Y154.140
G1 X21.040 Y154.500
G1 X20.780 Y154.840
G1 X20.480 Y155.160
G1 X20.140 Y155.420
G1 X19.780 Y155.640
G1 X19.400 Y155.820
G1 X19.000 Y155.960
G1 X12.040 Y157.840
G1 X11.620 Y157.940
G1 X11.200 Y157.960
G1 X10.780 Y157.960
G1 X10.340 Y157.900
G1 X9.940 Y157.780
G1 X9.540 Y157.620
G1 X9.160 Y157.400
G1 X8.820 Y157.160
G1 X8.500 Y156.860
G1 X8.220 Y156.540
G1 X8.000 Y156.180
G1 X7.800 Y155.800
G1 X7.660 Y155.400
G1 X7.560 Y154.980
G1 X7.500 Y154.560
G1 X7.520 Y154.140
G1 X7.560 Y153.700
G1 X7.660 Y153.300
G1 X7.820 Y152.900
G1 X8.020 Y152.520
G1 X8.260 Y152.160
G1 X8.540 Y151.840
G1 X8.860 Y151.560
G1 X9.200 Y151.300
G1 X9.560 Y151.000
G1 X9.800 Y150.620
G1 X9.880 Y150.160
G1 X9.840 Y149.700
G1 X9.700 Y149.160
G1 X9.560 Y148.820
G1 X9.380 Y148.520
G1 X9.140 Y148.280
G1 X8.860 Y148.060
G1 X8.520 Y147.920
G1 X8.180 Y147.840
G1 X7.840 Y147.840
G1 X7.480 Y147.900
G1 X4.000 Y148.840
G1 X3.340 Y151.100
G1 X1.620 Y152.300
G1 X0.240 Y153.280
M5

; --- path 8/70 (569 pts) ---
G0 X4.600 Y181.200
M3 S1000
F350
; warmup: fwd half / back to start, then cut at full power
G1 X6.080 Y180.380
G1 X7.156 Y179.795
G1 X6.080 Y180.380
G1 X4.600 Y181.200
G1 X6.080 Y180.380
G1 X7.920 Y179.380
G1 X8.100 Y178.840
G1 X10.960 Y177.640
G1 X11.260 Y177.540
G1 X11.580 Y177.500
G1 X11.880 Y177.540
G1 X12.180 Y177.620
G1 X12.460 Y177.780
G1 X12.700 Y177.980
G1 X12.900 Y178.220
G1 X13.060 Y178.500
G1 X13.260 Y178.960
G1 X13.340 Y179.360
G1 X13.320 Y179.760
G1 X13.160 Y180.140
G1 X12.880 Y180.440
G1 X12.600 Y180.700
G1 X12.360 Y181.000
G1 X12.140 Y181.300
G1 X11.980 Y181.640
G1 X11.840 Y182.000
G1 X11.760 Y182.380
G1 X11.720 Y182.760
G1 X11.720 Y183.140
G1 X11.780 Y183.500
G1 X11.860 Y183.880
G1 X12.000 Y184.240
G1 X12.180 Y184.560
G1 X12.380 Y184.880
G1 X12.640 Y185.160
G1 X12.920 Y185.420
G1 X13.240 Y185.640
G1 X13.560 Y185.820
G1 X13.920 Y185.960
G1 X14.300 Y186.060
G1 X14.660 Y186.100
G1 X15.040 Y186.120
G1 X15.420 Y186.080
G1 X15.800 Y186.000
G1 X16.160 Y185.860
G1 X22.240 Y183.320
G1 X22.580 Y183.140
G1 X22.900 Y182.940
G1 X23.200 Y182.700
G1 X23.460 Y182.420
G1 X23.680 Y182.120
G1 X23.860 Y181.780
G1 X24.020 Y181.440
G1 X24.120 Y181.060
G1 X24.180 Y180.700
G1 X24.200 Y180.320
G1 X24.180 Y179.940
G1 X24.100 Y179.560
G1 X23.980 Y179.200
G1 X23.820 Y178.860
G1 X23.620 Y178.520
G1 X23.380 Y178.240
G1 X23.120 Y177.960
G1 X22.820 Y177.720
G1 X22.500 Y177.540
G1 X22.140 Y177.380
G1 X21.780 Y177.260
G1 X21.420 Y177.180
G1 X21.040 Y177.160
G1 X20.660 Y177.180
G1 X20.240 Y177.160
G1 X19.860 Y177.000
G1 X19.560 Y176.740
G1 X19.340 Y176.400
G1 X19.140 Y175.940
G1 X19.040 Y175.640
G1 X19.020 Y175.320
G1 X19.040 Y175.020
G1 X19.140 Y174.720
G1 X19.280 Y174.440
G1 X19.480 Y174.180
G1 X19.720 Y173.980
G1 X20.000 Y173.840
G1 X22.860 Y172.640
G1 X23.380 Y172.900
G1 X25.380 Y172.280
G1 X27.000 Y171.800
G1 X28.220 Y172.700
G1 X32.710 Y173.560
G1 X33.060 Y175.180
G1 X33.480 Y177.180
G1 X33.880 Y179.200
G1 X34.260 Y181.220
G1 X34.640 Y183.240
G1 X35.180 Y186.520
G1 X35.200 Y186.840
G1 X35.180 Y187.140
G1 X35.100 Y187.440
G1 X34.960 Y187.720
G1 X34.760 Y187.980
G1 X34.520 Y188.180
G1 X34.240 Y188.320
G1 X33.460 Y188.540
G1 X33.040 Y188.560
G1 X32.660 Y188.460
G1 X32.320 Y188.220
G1 X32.060 Y187.900
G1 X31.860 Y187.580
G1 X31.620 Y187.280
G1 X31.340 Y187.020
G1 X31.040 Y186.800
G1 X30.720 Y186.600
G1 X30.360 Y186.460
G1 X30.000 Y186.340
G1 X29.620 Y186.280
G1 X29.240 Y186.260
G1 X28.860 Y186.280
G1 X28.500 Y186.340
G1 X28.140 Y186.460
G1 X27.780 Y186.620
G1 X27.460 Y186.820
G1 X27.160 Y187.040
G1 X26.880 Y187.320
G1 X26.640 Y187.600
G1 X26.440 Y187.920
G1 X26.280 Y188.280
G1 X26.160 Y188.640
G1 X26.100 Y189.000
G1 X26.060 Y189.380
G1 X26.080 Y189.760
G1 X26.140 Y190.140
G1 X27.560 Y196.580
G1 X27.660 Y196.960
G1 X27.800 Y197.300
G1 X27.980 Y197.640
G1 X28.220 Y197.940
G1 X28.480 Y198.220
G1 X28.760 Y198.460
G1 X29.080 Y198.680
G1 X29.420 Y198.840
G1 X29.780 Y198.980
G1 X30.140 Y199.060
G1 X30.520 Y199.100
G1 X30.900 Y199.100
G1 X31.280 Y199.040
G1 X31.660 Y198.960
G1 X32.000 Y198.820
G1 X32.340 Y198.640
G1 X32.660 Y198.420
G1 X32.940 Y198.160
G1 X33.180 Y197.880
G1 X33.400 Y197.580
G1 X33.580 Y197.240
G1 X33.720 Y196.880
G1 X33.820 Y196.520
G1 X33.860 Y196.140
G1 X33.960 Y195.740
G1 X34.180 Y195.400
G1 X34.500 Y195.140
G1 X34.880 Y194.980
G1 X35.360 Y194.880
G1 X35.680 Y194.840
G1 X35.980 Y194.860
G1 X36.300 Y194.940
G1 X36.580 Y195.080
G1 X36.820 Y195.280
G1 X37.020 Y195.520
G1 X37.180 Y195.800
G1 X37.280 Y196.100
G1 X37.940 Y199.120
G1 X38.360 Y199.240
G1 X39.060 Y201.160
G1 X39.820 Y203.080
G1 X40.500 Y204.540
G1 X40.680 Y204.940
G1 X41.620 Y206.760
G1 X42.640 Y208.560
G1 X43.740 Y210.280
G1 X44.900 Y211.980
G1 X46.140 Y213.620
G1 X47.440 Y215.220
G1 X48.520 Y216.460
G1 X65.260 Y201.600
G1 X64.580 Y200.040
G1 X63.720 Y198.140
G1 X63.460 Y196.580
G1 X61.680 Y193.460
G1 X61.460 Y193.180
G1 X61.200 Y192.940
G1 X60.900 Y192.740
G1 X60.580 Y192.620
G1 X60.240 Y192.560
G1 X59.880 Y192.580
G1 X59.540 Y192.660
G1 X59.220 Y192.800
G1 X58.720 Y193.080
G1 X58.360 Y193.380
G1 X58.120 Y193.760
G1 X58.000 Y194.200
G1 X58.040 Y194.660
G1 X58.100 Y195.080
G1 X58.140 Y195.520
G1 X58.100 Y195.940
G1 X58.020 Y196.360
G1 X57.900 Y196.760
G1 X57.720 Y197.160
G1 X57.500 Y197.520
G1 X57.240 Y197.860
G1 X56.940 Y198.160
G1 X56.600 Y198.440
G1 X56.240 Y198.660
G1 X55.860 Y198.840
G1 X55.460 Y198.980
G1 X55.040 Y199.060
G1 X54.600 Y199.100
G1 X54.180 Y199.080
G1 X53.760 Y199.000
G1 X53.340 Y198.900
G1 X52.960 Y198.720
G1 X52.580 Y198.520
G1 X52.240 Y198.260
G1 X51.920 Y197.980
G1 X51.640 Y197.640
G1 X51.420 Y197.280
G1 X47.820 Y191.040
G1 X47.640 Y190.660
G1 X47.480 Y190.260
G1 X47.400 Y189.840
G1 X47.340 Y189.420
G1 X47.360 Y189.000
G1 X47.400 Y188.560
G1 X47.520 Y188.160
G1 X47.660 Y187.760
G1 X47.860 Y187.380
G1 X48.120 Y187.020
G1 X48.400 Y186.700
G1 X48.720 Y186.420
G1 X49.060 Y186.180
G1 X49.440 Y185.980
G1 X49.840 Y185.820
G1 X50.260 Y185.720
G1 X50.680 Y185.660
G1 X51.100 Y185.660
G1 X51.540 Y185.700
G1 X51.940 Y185.800
G1 X52.360 Y185.940
G1 X52.740 Y186.140
G1 X53.100 Y186.360
G1 X53.420 Y186.640
G1 X53.800 Y186.900
G1 X54.240 Y187.020
G1 X54.700 Y187.000
G1 X55.120 Y186.840
G1 X55.620 Y186.560
G1 X55.900 Y186.360
G1 X56.160 Y186.100
G1 X56.340 Y185.800
G1 X56.460 Y185.460
G1 X56.520 Y185.120
G1 X56.500 Y184.760
G1 X56.420 Y184.420
G1 X56.280 Y184.100
G1 X54.480 Y180.980
G1 X53.260 Y179.980
G1 X52.040 Y178.280
G1 X51.060 Y176.900
G1 X52.780 Y176.370
G1 X53.010 Y176.020
G1 X53.400 Y175.420
G1 X53.000 Y173.600
G1 X52.370 Y173.070
G1 X50.170 Y172.500
G1 X46.640 Y171.720
G1 X44.470 Y161.820
G1 X48.520 Y158.880
G1 X48.720 Y158.640
G1 X49.340 Y157.880
G1 X49.220 Y157.010
G1 X49.050 Y155.640
G1 X48.650 Y155.380
G1 X48.100 Y155.020
G1 X45.760 Y155.580
G1 X45.800 Y153.860
G1 X45.880 Y151.740
G1 X45.960 Y149.620
G1 X46.080 Y147.500
G1 X45.820 Y146.480
G1 X46.280 Y143.520
G1 X46.360 Y143.220
G1 X46.660 Y142.720
G1 X47.140 Y142.380
G1 X47.700 Y142.240
G1 X48.000 Y142.260
G1 X48.460 Y142.340
G1 X48.820 Y142.440
G1 X49.140 Y142.680
G1 X49.360 Y142.980
G1 X49.460 Y143.360
G1 X49.540 Y143.700
G1 X49.640 Y144.040
G1 X49.800 Y144.360
G1 X49.980 Y144.660
G1 X50.200 Y144.940
G1 X50.460 Y145.200
G1 X50.740 Y145.420
G1 X51.040 Y145.600
G1 X51.360 Y145.740
G1 X51.700 Y145.860
G1 X52.060 Y145.920
G1 X52.420 Y145.940
G1 X52.780 Y145.920
G1 X53.120 Y145.860
G1 X53.460 Y145.760
G1 X53.780 Y145.620
G1 X54.100 Y145.440
G1 X54.380 Y145.240
G1 X54.640 Y144.980
G1 X54.860 Y144.720
G1 X55.060 Y144.420
G1 X55.220 Y144.100
G1 X55.320 Y143.760
G1 X55.400 Y143.400
G1 X56.320 Y137.480
G1 X56.360 Y137.120
G1 X56.340 Y136.760
G1 X56.300 Y136.420
G1 X56.200 Y136.060
G1 X56.060 Y135.740
G1 X55.900 Y135.420
G1 X55.700 Y135.140
G1 X55.460 Y134.880
G1 X55.180 Y134.640
G1 X54.880 Y134.440
G1 X54.580 Y134.280
G1 X54.240 Y134.140
G1 X53.900 Y134.060
G1 X53.540 Y134.020
G1 X53.180 Y134.020
G1 X52.820 Y134.060
G1 X52.480 Y134.140
G1 X52.140 Y134.280
G1 X51.840 Y134.440
G1 X51.540 Y134.640
G1 X51.260 Y134.860
G1 X51.020 Y135.120
G1 X50.820 Y135.420
G1 X50.640 Y135.740
G1 X50.420 Y136.040
G1 X50.120 Y136.280
G1 X49.760 Y136.400
G1 X49.380 Y136.400
G1 X48.900 Y136.320
G1 X48.360 Y136.120
G1 X47.920 Y135.740
G1 X47.680 Y135.200
G1 X47.660 Y134.620
G1 X48.120 Y131.660
G1 X48.600 Y130.740
G1 X49.060 Y128.660
G1 X49.460 Y126.990
G1 X27.350 Y122.320
G1 X26.420 Y120.900
G1 X26.520 Y120.440
G1 X26.830 Y118.940
G1 X27.820 Y118.120
G1 X50.360 Y122.680
G1 X50.830 Y123.380
G1 X51.300 Y124.100
G1 X51.050 Y125.270
G1 X50.880 Y126.060
G1 X49.460 Y126.990
G1 X50.880 Y126.060
G1 X51.050 Y125.270
G1 X51.300 Y124.100
G1 X50.830 Y123.380
G1 X50.370 Y122.680
G1 X50.720 Y121.020
G1 X51.180 Y118.980
G1 X51.660 Y116.920
G1 X52.160 Y114.900
G1 X52.080 Y113.920
G1 X53.080 Y111.100
G1 X53.160 Y110.520
G1 X53.120 Y110.220
G1 X52.860 Y109.700
G1 X52.420 Y109.300
G1 X51.720 Y109.020
G1 X51.340 Y108.960
G1 X50.960 Y109.000
G1 X50.620 Y109.180
G1 X50.340 Y109.440
G1 X50.120 Y109.720
G1 X49.860 Y109.960
G1 X49.580 Y110.180
G1 X49.260 Y110.360
G1 X48.940 Y110.500
G1 X48.600 Y110.600
G1 X48.240 Y110.660
G1 X47.880 Y110.680
G1 X47.540 Y110.660
G1 X47.180 Y110.580
G1 X46.840 Y110.480
G1 X46.520 Y110.340
G1 X46.220 Y110.140
G1 X45.940 Y109.920
G1 X45.680 Y109.680
G1 X45.460 Y109.400
G1 X45.280 Y109.100
G1 X45.120 Y108.780
G1 X45.020 Y108.440
G1 X44.940 Y108.080
G1 X44.920 Y107.720
G1 X44.940 Y107.380
G1 X45.000 Y107.020
G1 X45.100 Y106.680
G1 X47.100 Y101.020
G1 X47.240 Y100.700
G1 X47.400 Y100.380
G1 X47.620 Y100.100
G1 X47.860 Y99.840
G1 X48.140 Y99.620
G1 X48.440 Y99.420
G1 X48.760 Y99.260
G1 X49.100 Y99.140
G1 X49.440 Y99.060
G1 X49.800 Y99.020
G1 X50.160 Y99.040
G1 X50.500 Y99.080
G1 X50.840 Y99.180
G1 X51.180 Y99.300
G1 X51.500 Y99.460
G1 X51.780 Y99.680
G1 X52.060 Y99.920
G1 X52.280 Y100.180
G1 X52.480 Y100.480
G1 X52.660 Y100.780
G1 X52.780 Y101.120
G1 X52.860 Y101.460
G1 X52.920 Y101.820
G1 X52.920 Y102.180
G1 X52.960 Y102.560
G1 X53.120 Y102.900
G1 X53.380 Y103.180
G1 X53.720 Y103.360
G1 X54.160 Y103.520
G1 X54.740 Y103.600
G1 X55.040 Y103.560
G1 X55.560 Y103.320
G1 X55.960 Y102.880
G1 X57.080 Y99.780
G1 X57.680 Y99.060
G1 X58.520 Y97.140
G1 X59.220 Y95.580
G1 X60.340 Y96.410
G1 X61.240 Y96.400
G1 X63.040 Y94.420
G1 X63.000 Y93.070
G1 X62.980 Y92.140
G1 X61.800 Y90.040
G1 X61.020 Y89.390
G1 X59.180 Y87.860
G1 X58.840 Y87.210
G1 X58.740 Y85.070
G1 X59.010 Y84.570
G1 X59.420 Y83.820
G1 X63.200 Y78.660
G1 X69.760 Y83.230
G1 X70.550 Y83.360
G1 X70.850 Y83.310
G1 X71.320 Y83.140
G1 X72.390 Y81.680
G1 X72.400 Y80.850
G1 X72.420 Y79.960
G1 X65.550 Y74.830
G1 X54.310 Y66.430
G1 X55.300 Y65.120
G1 X56.600 Y63.520
G1 X57.940 Y61.980
G1 X59.360 Y60.500
G1 X60.840 Y59.080
G1 X62.400 Y57.720
G1 X64.020 Y56.460
G1 X65.680 Y55.280
G1 X67.400 Y54.160
G1 X69.160 Y53.120
G1 X69.240 Y52.800
G1 X72.060 Y51.480
G1 X72.320 Y51.320
G1 X72.560 Y51.100
G1 X72.740 Y50.860
G1 X72.880 Y50.580
G1 X72.960 Y50.280
G1 X72.960 Y49.960
G1 X72.920 Y49.640
G1 X72.600 Y48.900
G1 X72.380 Y48.560
G1 X72.040 Y48.300
G1 X71.660 Y48.180
G1 X71.260 Y48.180
G1 X70.880 Y48.200
G1 X70.500 Y48.200
G1 X70.120 Y48.140
G1 X69.740 Y48.040
G1 X69.400 Y47.900
G1 X69.060 Y47.720
G1 X68.760 Y47.500
G1 X68.480 Y47.240
G1 X68.220 Y46.960
G1 X68.020 Y46.640
G1 X67.840 Y46.300
G1 X67.700 Y45.940
G1 X67.620 Y45.580
G1 X67.580 Y45.200
G1 X67.580 Y44.820
G1 X67.620 Y44.440
G1 X67.700 Y44.080
G1 X67.840 Y43.720
G1 X68.020 Y43.380
G1 X68.240 Y43.060
G1 X68.480 Y42.780
G1 X68.760 Y42.520
G1 X69.060 Y42.300
G1 X69.400 Y42.120
G1 X75.380 Y39.300
G1 X75.720 Y39.160
G1 X76.100 Y39.060
G1 X76.460 Y39.000
G1 X76.840 Y39.000
G1 X77.220 Y39.040
G1 X77.600 Y39.120
G1 X77.960 Y39.240
G1 X78.300 Y39.400
G1 X78.620 Y39.600
G1 X78.920 Y39.840
G1 X79.180 Y40.120
G1 X79.400 Y40.420
G1 X79.600 Y40.760
G1 X79.740 Y41.100
G1 X79.860 Y41.460
G1 X79.920 Y41.840
G1 X79.940 Y42.220
G1 X79.920 Y42.600
G1 X79.840 Y42.980
G1 X79.720 Y43.340
G1 X79.580 Y43.680
G1 X79.380 Y44.000
G1 X79.140 Y44.300
G1 X78.880 Y44.580
G1 X78.620 Y44.900
G1 X78.480 Y45.280
G1 X78.460 Y45.680
G1 X78.560 Y46.080
G1 X78.780 Y46.540
G1 X78.940 Y46.800
G1 X79.160 Y47.040
G1 X79.700 Y47.360
G1 X80.000 Y47.440
G1 X80.300 Y47.460
G1 X80.620 Y47.400
G1 X80.920 Y47.300
G1 X83.720 Y45.980
G1 X85.400 Y45.200
G1 X85.260 Y42.600
G1 X85.390 Y42.240
G1 X85.910 Y40.730
G1 X88.290 Y38.170
G1 X88.540 Y37.900
G1 X88.850 Y37.760
G1 X91.020 Y36.750
G1 X97.400 Y33.780
G1 X99.600 Y32.760
G1 X101.040 Y33.400
M5

; --- path 9/70 (15 pts) ---
G0 X91.080 Y43.120
M3 S1000
F350
; warmup: fwd half / back to start, then cut at full power
G1 X91.410 Y44.120
G1 X91.590 Y44.650
G1 X92.470 Y45.550
G1 X92.513 Y45.565
G1 X92.470 Y45.550
G1 X91.590 Y44.650
G1 X91.410 Y44.120
G1 X91.080 Y43.120
G1 X91.410 Y44.120
G1 X91.590 Y44.650
G1 X92.470 Y45.550
G1 X93.810 Y46.020
G1 X94.130 Y45.960
G1 X95.240 Y45.760
G1 X98.960 Y43.970
G1 X100.460 Y43.240
G1 X97.840 Y37.840
G1 X96.730 Y38.370
G1 X92.800 Y40.280
G1 X92.120 Y40.850
G1 X91.540 Y41.340
G1 X91.080 Y43.120
M5

; --- path 10/70 (11 pts) ---
G0 X95.880 Y52.580
M3 S1000
F350
; warmup: fwd half / back to start, then cut at full power
G1 X96.300 Y54.360
G1 X96.620 Y54.730
G1 X97.021 Y55.174
G1 X96.620 Y54.730
G1 X96.300 Y54.360
G1 X95.880 Y52.580
G1 X96.300 Y54.360
G1 X96.620 Y54.730
G1 X97.270 Y55.450
G1 X99.230 Y55.830
G1 X105.260 Y53.140
G1 X102.900 Y47.830
G1 X97.420 Y50.270
G1 X96.850 Y50.780
G1 X96.340 Y51.240
G1 X95.880 Y52.580
M5

; --- path 11/70 (79 pts) ---
G0 X93.100 Y59.700
M3 S1000
F350
; warmup: fwd half / back to start, then cut at full power
G1 X91.740 Y60.780
G1 X90.816 Y61.514
G1 X91.740 Y60.780
G1 X93.100 Y59.700
G1 X91.740 Y60.780
G1 X90.080 Y62.100
G1 X88.440 Y63.460
G1 X87.440 Y63.900
G1 X85.300 Y66.000
G1 X84.980 Y66.480
G1 X84.860 Y67.060
G1 X84.960 Y67.620
G1 X85.280 Y68.120
G1 X85.620 Y68.460
G1 X85.920 Y68.680
G1 X86.280 Y68.800
G1 X86.660 Y68.800
G1 X87.040 Y68.680
G1 X87.360 Y68.540
G1 X87.700 Y68.420
G1 X88.040 Y68.360
G1 X88.400 Y68.340
G1 X88.760 Y68.360
G1 X89.100 Y68.420
G1 X89.440 Y68.520
G1 X89.780 Y68.660
G1 X90.080 Y68.840
G1 X90.360 Y69.040
G1 X90.620 Y69.280
G1 X90.860 Y69.560
G1 X91.040 Y69.860
G1 X91.200 Y70.180
G1 X91.320 Y70.520
G1 X91.400 Y70.860
G1 X91.420 Y71.220
G1 X91.420 Y71.580
G1 X91.360 Y71.940
G1 X91.280 Y72.280
G1 X91.140 Y72.600
G1 X90.980 Y72.920
G1 X90.760 Y73.220
G1 X90.520 Y73.480
G1 X86.240 Y77.680
G1 X85.980 Y77.900
G1 X85.680 Y78.100
G1 X85.360 Y78.280
G1 X85.020 Y78.400
G1 X84.680 Y78.480
G1 X84.320 Y78.520
G1 X83.980 Y78.520
G1 X83.620 Y78.480
G1 X83.280 Y78.400
G1 X82.940 Y78.280
G1 X82.620 Y78.120
G1 X82.320 Y77.920
G1 X82.060 Y77.680
G1 X81.820 Y77.420
G1 X81.600 Y77.140
G1 X81.440 Y76.820
G1 X81.300 Y76.500
G1 X81.200 Y76.140
G1 X81.160 Y75.800
G1 X81.140 Y75.440
G1 X81.180 Y75.080
G1 X81.260 Y74.740
G1 X81.360 Y74.400
G1 X81.520 Y74.080
G1 X81.640 Y73.720
G1 X81.660 Y73.340
G1 X81.540 Y72.960
G1 X81.320 Y72.660
G1 X81.000 Y72.320
G1 X80.760 Y72.120
G1 X80.240 Y71.900
G1 X79.940 Y71.860
G1 X79.640 Y71.900
G1 X79.100 Y72.120
G1 X76.740 Y74.400
G1 X76.280 Y75.380
G1 X74.880 Y77.000
G1 X73.520 Y78.640
G1 X72.420 Y79.960
M5

; --- path 12/70 (626 pts) ---
G0 X92.420 Y82.340
M3 S1000
F350
; warmup: fwd half / back to start, then cut at full power
G1 X93.760 Y83.860
G1 X94.367 Y84.511
G1 X93.760 Y83.860
G1 X92.420 Y82.340
G1 X93.760 Y83.860
G1 X95.120 Y85.320
G1 X96.540 Y86.760
G1 X98.020 Y88.140
G1 X99.540 Y89.480
G1 X101.100 Y90.760
G1 X102.700 Y91.980
G1 X104.340 Y93.160
G1 X106.020 Y94.300
G1 X107.720 Y95.380
G1 X109.440 Y96.420
G1 X111.200 Y97.400
G1 X112.980 Y98.360
G1 X114.780 Y99.280
G1 X116.600 Y100.180
G1 X118.420 Y101.040
G1 X120.240 Y101.900
G1 X120.800 Y102.060
G1 X123.520 Y103.320
G1 X124.080 Y103.460
G1 X124.660 Y103.380
G1 X124.940 Y103.260
G1 X125.360 Y102.860
G1 X125.520 Y102.600
G1 X125.720 Y102.180
G1 X125.820 Y101.800
G1 X125.800 Y101.420
G1 X125.680 Y101.060
G1 X125.420 Y100.780
G1 X125.180 Y100.520
G1 X124.960 Y100.240
G1 X124.780 Y99.940
G1 X124.620 Y99.620
G1 X124.520 Y99.280
G1 X124.460 Y98.920
G1 X124.420 Y98.560
G1 X124.440 Y98.220
G1 X124.500 Y97.860
G1 X124.600 Y97.520
G1 X124.740 Y97.180
G1 X124.920 Y96.880
G1 X125.140 Y96.600
G1 X125.380 Y96.340
G1 X125.660 Y96.120
G1 X125.960 Y95.920
G1 X126.280 Y95.760
G1 X126.620 Y95.640
G1 X126.960 Y95.560
G1 X127.320 Y95.540
G1 X127.680 Y95.540
G1 X128.020 Y95.600
G1 X128.360 Y95.680
G1 X128.700 Y95.820
G1 X134.140 Y98.360
G1 X134.440 Y98.540
G1 X134.740 Y98.740
G1 X135.000 Y98.980
G1 X135.240 Y99.240
G1 X135.440 Y99.540
G1 X135.600 Y99.860
G1 X135.720 Y100.200
G1 X135.800 Y100.540
G1 X135.860 Y100.900
G1 X135.860 Y101.240
G1 X135.820 Y101.600
G1 X135.740 Y101.940
G1 X135.600 Y102.280
G1 X135.440 Y102.600
G1 X135.240 Y102.900
G1 X135.020 Y103.160
G1 X134.760 Y103.400
G1 X134.460 Y103.620
G1 X134.160 Y103.780
G1 X133.820 Y103.920
G1 X133.480 Y104.020
G1 X133.120 Y104.060
G1 X132.760 Y104.080
G1 X132.420 Y104.040
G1 X132.040 Y104.060
G1 X131.680 Y104.180
G1 X131.360 Y104.400
G1 X131.160 Y104.720
G1 X130.940 Y105.160
G1 X130.800 Y105.720
G1 X130.820 Y106.020
G1 X131.020 Y106.560
G1 X131.420 Y107.000
G1 X134.380 Y108.420
G1 X134.760 Y108.960
G1 X136.460 Y110.060
G1 X138.100 Y111.240
G1 X139.640 Y112.540
G1 X141.080 Y113.960
G1 X142.380 Y115.500
G1 X143.500 Y117.160
G1 X144.440 Y118.960
G1 X145.180 Y120.820
G1 X145.740 Y122.760
G1 X146.120 Y124.740
G1 X146.340 Y126.760
G1 X146.420 Y128.760
G1 X146.380 Y130.700
G1 X146.140 Y130.500
G1 X145.740 Y130.500
G1 X145.340 Y130.300
G1 X144.940 Y130.300
G1 X144.540 Y130.300
G1 X144.140 Y130.300
G1 X143.740 Y130.300
G1 X143.340 Y130.300
G1 X142.940 Y130.300
G1 X142.540 Y130.300
G1 X142.140 Y130.300
G1 X141.860 Y130.500
G1 X141.540 Y130.500
G1 X141.140 Y130.700
G1 X140.740 Y130.900
G1 X140.340 Y131.100
G1 X139.940 Y131.300
G1 X139.540 Y131.500
G1 X139.140 Y131.900
G1 X138.740 Y132.300
G1 X138.340 Y132.700
G1 X138.140 Y133.100
G1 X137.940 Y133.500
G1 X137.740 Y133.900
G1 X137.540 Y134.300
G1 X137.340 Y134.700
G1 X137.180 Y135.060
G1 X135.180 Y134.960
G1 X133.180 Y135.000
G1 X132.220 Y135.100
G1 X132.020 Y135.340
G1 X132.020 Y135.700
G1 X131.820 Y135.940
G1 X131.670 Y136.260
G1 X131.620 Y136.700
G1 X131.420 Y137.100
G1 X131.220 Y137.340
G1 X131.070 Y137.660
G1 X131.020 Y138.100
G1 X130.820 Y138.340
G1 X130.670 Y138.660
G1 X130.470 Y139.060
G1 X130.420 Y139.500
G1 X130.220 Y139.740
G1 X130.070 Y140.060
G1 X129.870 Y140.460
G1 X129.820 Y140.900
G1 X129.620 Y141.140
G1 X129.470 Y141.460
G1 X129.270 Y141.860
G1 X129.220 Y142.300
G1 X129.020 Y142.540
G1 X128.870 Y142.860
G1 X128.670 Y143.100
G1 X128.420 Y143.300
G1 X128.070 Y143.300
G1 X127.820 Y143.500
G1 X127.470 Y143.300
G1 X127.020 Y143.100
G1 X126.820 Y142.860
G1 X126.660 Y142.540
G1 X126.460 Y142.300
G1 X126.460 Y141.940
G1 X126.260 Y141.700
G1 X126.060 Y141.300
G1 X125.860 Y140.900
G1 X125.860 Y140.540
G1 X125.660 Y140.300
G1 X125.460 Y139.900
G1 X125.260 Y139.500
G1 X125.260 Y139.140
G1 X125.060 Y138.900
G1 X124.860 Y138.500
G1 X124.660 Y138.100
G1 X124.660 Y137.740
G1 X124.460 Y137.500
G1 X123.580 Y137.720
G1 X121.840 Y138.720
G1 X120.180 Y139.840
G1 X118.580 Y141.040
G1 X118.680 Y141.500
G1 X118.680 Y141.900
G1 X118.880 Y142.300
G1 X118.880 Y142.700
G1 X118.480 Y143.100
G1 X118.080 Y143.300
G1 X117.680 Y143.300
G1 X117.280 Y143.300
G1 X116.880 Y143.100
G1 X116.680 Y142.700
G1 X116.880 Y143.100
G1 X117.280 Y143.300
G1 X117.680 Y143.300
G1 X118.080 Y143.300
G1 X118.480 Y143.100
G1 X118.880 Y142.700
G1 X118.880 Y142.300
G1 X118.680 Y141.900
G1 X118.680 Y141.500
G1 X118.480 Y141.140
G1 X118.280 Y140.900
G1 X118.280 Y140.500
G1 X118.080 Y140.100
G1 X117.880 Y139.700
G1 X117.680 Y139.300
G1 X117.480 Y138.900
G1 X117.280 Y138.500
G1 X117.080 Y138.100
G1 X117.080 Y137.700
G1 X116.880 Y137.300
G1 X116.680 Y136.900
G1 X116.480 Y136.500
G1 X116.280 Y136.100
G1 X116.080 Y135.700
G1 X115.880 Y135.300
G1 X115.880 Y134.900
G1 X115.680 Y134.500
G1 X115.480 Y134.100
G1 X115.280 Y133.700
G1 X115.080 Y133.300
G1 X114.880 Y132.900
G1 X114.680 Y132.500
G1 X114.680 Y132.100
G1 X114.480 Y131.700
G1 X114.280 Y131.300
G1 X114.080 Y130.900
G1 X113.680 Y130.500
G1 X113.280 Y130.500
G1 X112.880 Y130.500
G1 X112.480 Y130.500
G1 X112.080 Y130.900
G1 X111.880 Y131.300
G1 X111.680 Y131.700
G1 X111.480 Y132.100
G1 X111.480 Y132.500
G1 X111.280 Y132.900
G1 X111.080 Y133.300
G1 X110.880 Y133.700
G1 X110.680 Y134.100
G1 X110.480 Y134.500
G1 X110.280 Y134.900
G1 X110.280 Y135.300
G1 X110.080 Y135.700
G1 X109.880 Y136.100
G1 X109.680 Y136.500
G1 X109.480 Y136.900
G1 X109.280 Y137.300
G1 X109.080 Y137.700
G1 X109.080 Y138.100
G1 X108.880 Y138.500
G1 X108.680 Y138.900
G1 X108.480 Y139.300
G1 X108.280 Y139.700
G1 X108.080 Y140.100
G1 X107.880 Y140.500
G1 X107.880 Y140.900
G1 X107.680 Y141.300
G1 X107.480 Y141.700
G1 X107.280 Y142.100
G1 X107.280 Y142.500
G1 X107.480 Y142.900
G1 X107.880 Y143.300
G1 X108.280 Y143.300
G1 X108.680 Y143.300
G1 X109.080 Y143.300
G1 X109.480 Y142.900
G1 X109.680 Y142.500
G1 X109.680 Y142.100
G1 X109.880 Y141.700
G1 X110.080 Y141.300
G1 X110.280 Y140.900
G1 X110.480 Y140.500
G1 X110.680 Y140.100
G1 X110.880 Y139.700
G1 X110.880 Y139.300
G1 X111.080 Y138.900
G1 X111.280 Y138.500
G1 X111.480 Y138.100
G1 X111.680 Y137.700
G1 X111.880 Y137.300
G1 X112.080 Y136.900
G1 X112.080 Y136.500
G1 X112.280 Y136.100
G1 X112.480 Y135.700
G1 X112.680 Y135.300
G1 X112.880 Y134.900
G1 X113.080 Y134.500
G1 X113.280 Y134.900
G1 X113.480 Y135.300
G1 X113.680 Y135.700
G1 X113.880 Y136.100
G1 X114.080 Y136.500
G1 X114.080 Y136.900
G1 X114.280 Y137.300
G1 X114.480 Y137.700
G1 X114.680 Y138.100
G1 X114.880 Y138.500
G1 X115.080 Y138.900
G1 X115.280 Y139.300
G1 X115.280 Y139.700
G1 X115.480 Y140.100
G1 X115.680 Y140.500
G1 X115.880 Y140.900
G1 X116.080 Y141.300
G1 X116.280 Y141.700
G1 X116.480 Y142.100
G1 X116.480 Y142.500
G1 X115.600 Y143.720
G1 X114.180 Y145.160
G1 X112.840 Y146.640
G1 X112.620 Y146.900
G1 X112.200 Y146.900
G1 X111.990 Y147.300
G1 X111.790 Y147.700
G1 X111.790 Y148.100
G1 X111.790 Y148.500
G1 X111.790 Y148.900
G1 X111.790 Y149.300
G1 X111.790 Y149.700
G1 X111.790 Y150.100
G1 X111.790 Y150.500
G1 X111.790 Y150.900
G1 X111.790 Y151.300
G1 X111.790 Y151.700
G1 X111.790 Y152.100
G1 X111.790 Y152.500
G1 X111.790 Y152.900
G1 X111.790 Y153.300
G1 X111.790 Y153.700
G1 X111.790 Y154.100
G1 X111.790 Y154.500
G1 X111.790 Y154.900
G1 X111.790 Y155.300
G1 X111.790 Y155.700
G1 X111.790 Y156.100
G1 X111.790 Y156.500
G1 X111.790 Y156.900
G1 X111.790 Y157.300
G1 X111.790 Y157.700
G1 X111.790 Y158.100
G1 X111.790 Y158.500
G1 X111.790 Y158.900
G1 X111.990 Y159.300
G1 X112.190 Y159.700
G1 X112.590 Y159.700
G1 X112.990 Y159.700
G1 X113.390 Y159.700
G1 X113.790 Y159.700
G1 X114.000 Y159.300
G1 X114.200 Y158.900
G1 X114.200 Y158.500
G1 X114.200 Y158.100
G1 X114.200 Y157.700
G1 X114.200 Y157.300
G1 X114.200 Y156.900
G1 X114.200 Y156.500
G1 X114.200 Y156.100
G1 X114.200 Y155.700
G1 X114.200 Y155.300
G1 X114.200 Y154.900
G1 X114.200 Y154.500
G1 X114.200 Y154.100
G1 X114.200 Y153.700
G1 X114.200 Y153.300
G1 X114.200 Y152.900
G1 X114.200 Y152.500
G1 X114.200 Y152.100
G1 X114.200 Y151.700
G1 X114.200 Y151.300
G1 X114.200 Y150.900
G1 X114.200 Y150.500
G1 X114.200 Y150.100
G1 X114.200 Y149.700
G1 X114.200 Y149.300
G1 X114.200 Y148.900
G1 X114.200 Y148.500
G1 X114.200 Y148.100
G1 X114.200 Y147.700
G1 X114.000 Y147.300
G1 X113.800 Y146.900
G1 X113.400 Y146.900
G1 X113.000 Y146.900
G1 X112.620 Y146.900
G1 X112.200 Y146.900
G1 X111.990 Y147.300
G1 X111.790 Y147.700
G1 X111.520 Y148.160
G1 X110.240 Y149.720
G1 X109.000 Y151.300
G1 X107.780 Y152.900
G1 X106.580 Y154.500
G1 X106.750 Y154.900
G1 X106.750 Y155.300
G1 X106.750 Y155.700
G1 X106.750 Y156.100
G1 X106.750 Y156.500
G1 X106.750 Y156.900
G1 X106.550 Y157.300
G1 X106.350 Y157.700
G1 X106.150 Y158.100
G1 X105.950 Y158.500
G1 X105.550 Y158.900
G1 X105.150 Y159.300
G1 X104.750 Y159.500
G1 X104.350 Y159.500
G1 X103.950 Y159.700
G1 X103.550 Y159.700
G1 X103.150 Y159.700
G1 X102.840 Y159.700
G1 X102.350 Y159.700
G1 X101.950 Y159.700
G1 X101.550 Y159.700
G1 X101.150 Y159.700
G1 X100.750 Y159.700
G1 X100.350 Y159.700
G1 X99.950 Y159.700
G1 X99.550 Y159.700
G1 X99.150 Y159.700
G1 X98.750 Y159.700
G1 X98.350 Y159.700
G1 X97.950 Y159.700
G1 X97.550 Y159.700
G1 X97.150 Y159.700
G1 X96.740 Y159.300
G1 X96.740 Y158.900
G1 X96.540 Y158.500
G1 X96.540 Y158.100
G1 X96.540 Y157.700
G1 X96.540 Y157.300
G1 X96.540 Y156.900
G1 X96.540 Y156.500
G1 X96.540 Y156.100
G1 X96.540 Y155.700
G1 X96.540 Y155.300
G1 X96.540 Y154.900
G1 X96.540 Y154.500
G1 X96.540 Y154.100
G1 X96.540 Y153.700
G1 X96.540 Y153.300
G1 X96.540 Y152.900
G1 X96.540 Y152.500
G1 X96.540 Y152.100
G1 X96.540 Y151.700
G1 X96.540 Y151.300
G1 X96.540 Y150.900
G1 X96.540 Y150.500
G1 X96.540 Y150.100
G1 X96.540 Y149.700
G1 X96.540 Y149.300
G1 X96.540 Y148.900
G1 X96.540 Y148.500
G1 X96.540 Y148.100
G1 X96.740 Y147.700
G1 X96.740 Y147.300
G1 X97.140 Y146.900
G1 X97.540 Y146.900
G1 X97.940 Y146.900
G1 X98.340 Y146.900
G1 X98.750 Y147.100
G1 X98.950 Y147.500
G1 X98.950 Y147.900
G1 X98.950 Y148.300
G1 X98.950 Y148.700
G1 X98.950 Y149.100
G1 X98.950 Y149.500
G1 X98.950 Y149.900
G1 X98.950 Y150.300
G1 X98.950 Y150.700
G1 X98.950 Y151.100
G1 X98.950 Y151.500
G1 X99.340 Y151.700
G1 X99.740 Y151.700
G1 X100.140 Y151.700
G1 X100.540 Y151.700
G1 X100.940 Y151.700
G1 X101.340 Y151.700
G1 X101.740 Y151.700
G1 X102.140 Y151.700
G1 X102.540 Y151.500
G1 X102.940 Y151.500
G1 X103.340 Y151.300
G1 X103.740 Y151.100
G1 X103.940 Y150.700
G1 X104.140 Y150.300
G1 X104.140 Y149.900
G1 X104.140 Y149.500
G1 X104.140 Y149.100
G1 X104.340 Y148.700
G1 X104.340 Y148.300
G1 X104.540 Y147.900
G1 X104.740 Y147.500
G1 X105.140 Y147.100
G1 X105.540 Y146.900
G1 X105.940 Y146.900
G1 X106.340 Y146.900
G1 X106.740 Y146.900
G1 X107.150 Y147.100
G1 X107.350 Y147.500
G1 X107.350 Y147.900
G1 X107.150 Y148.300
G1 X106.950 Y148.700
G1 X106.550 Y148.900
G1 X106.550 Y149.300
G1 X106.350 Y149.700
G1 X106.350 Y150.100
G1 X106.350 Y150.500
G1 X106.350 Y150.900
G1 X106.150 Y151.300
G1 X105.950 Y151.700
G1 X105.750 Y152.100
G1 X105.350 Y152.500
G1 X105.350 Y152.900
G1 X105.750 Y153.300
G1 X106.150 Y153.700
G1 X106.350 Y154.100
G1 X106.550 Y154.500
G1 X106.750 Y154.900
G1 X106.750 Y155.300
G1 X106.750 Y155.700
G1 X106.750 Y156.100
G1 X106.750 Y156.500
G1 X106.750 Y156.900
G1 X106.550 Y157.300
G1 X106.350 Y157.700
G1 X106.150 Y158.100
G1 X105.950 Y158.500
G1 X105.550 Y158.900
G1 X105.150 Y159.300
G1 X104.750 Y159.500
G1 X104.350 Y159.500
G1 X103.950 Y159.700
G1 X103.550 Y159.700
G1 X103.150 Y159.700
G1 X102.840 Y159.700
G1 X101.880 Y161.020
G1 X101.440 Y161.980
G1 X99.220 Y164.820
G1 X99.040 Y165.120
G1 X98.900 Y165.460
G1 X98.840 Y165.800
G1 X98.860 Y166.160
G1 X98.940 Y166.500
G1 X99.080 Y166.820
G1 X99.280 Y167.100
G1 X99.540 Y167.340
G1 X99.980 Y167.700
G1 X100.380 Y167.920
G1 X100.840 Y168.000
G1 X101.300 Y167.940
G1 X101.700 Y167.740
G1 X102.060 Y167.500
G1 X102.460 Y167.320
G1 X102.860 Y167.180
G1 X103.280 Y167.100
G1 X103.700 Y167.060
G1 X104.140 Y167.080
G1 X104.560 Y167.140
G1 X104.960 Y167.260
G1 X105.360 Y167.420
G1 X105.740 Y167.640
G1 X106.080 Y167.880
G1 X106.400 Y168.180
G1 X106.680 Y168.500
G1 X106.900 Y168.860
G1 X107.100 Y169.240
G1 X107.240 Y169.640
G1 X107.340 Y170.060
G1 X107.400 Y170.480
G1 X107.380 Y170.900
G1 X107.340 Y171.340
G1 X107.240 Y171.740
G1 X107.080 Y172.140
G1 X106.880 Y172.520
G1 X106.640 Y172.880
G1 X102.220 Y178.560
G1 X101.940 Y178.880
G1 X101.620 Y179.160
G1 X101.260 Y179.420
G1 X100.880 Y179.620
G1 X100.500 Y179.760
G1 X100.080 Y179.880
G1 X99.660 Y179.940
G1 X99.220 Y179.940
G1 X98.800 Y179.900
G1 X98.380 Y179.800
G1 X97.980 Y179.660
G1 X97.600 Y179.480
G1 X97.240 Y179.240
G1 X96.920 Y178.980
G1 X96.620 Y178.660
G1 X96.360 Y178.320
G1 X96.140 Y177.940
G1 X95.980 Y177.560
G1 X95.860 Y177.140
G1 X95.800 Y176.720
G1 X95.780 Y176.300
G1 X95.800 Y175.860
G1 X95.880 Y175.440
G1 X96.020 Y175.040
G1 X96.120 Y174.600
G1 X96.060 Y174.140
G1 X95.880 Y173.720
G1 X95.560 Y173.380
G1 X95.120 Y173.040
G1 X94.820 Y172.840
G1 X94.480 Y172.720
G1 X94.140 Y172.660
G1 X93.780 Y172.660
G1 X93.440 Y172.740
G1 X93.120 Y172.880
G1 X92.840 Y173.080
G1 X92.580 Y173.340
G1 X90.380 Y176.180
G1 X89.420 Y176.740
G1 X88.040 Y178.200
G1 X86.620 Y179.620
G1 X85.160 Y181.000
G1 X83.660 Y182.340
G1 X82.140 Y183.640
G1 X80.560 Y184.900
G1 X78.960 Y186.100
G1 X77.300 Y187.240
G1 X75.620 Y188.340
M5

; --- path 13/70 (15 pts) ---
G0 X65.260 Y201.600
M3 S1000
F350
; warmup: fwd half / back to start, then cut at full power
G1 X66.140 Y201.360
G1 X67.120 Y201.560
G1 X67.785 Y202.313
G1 X67.120 Y201.560
G1 X66.140 Y201.360
G1 X65.260 Y201.600
G1 X66.140 Y201.360
G1 X67.120 Y201.560
G1 X68.180 Y202.760
G1 X68.060 Y203.580
G1 X67.920 Y204.590
G1 X62.090 Y209.900
G1 X56.410 Y215.090
G1 X69.090 Y214.270
G1 X76.880 Y213.760
G1 X78.140 Y213.980
G1 X79.120 Y215.090
G1 X79.460 Y215.480
G1 X79.560 Y216.190
G1 X79.210 Y217.310
M5

; --- path 14/70 (14 pts) ---
G0 X61.590 Y232.400
M3 S1000
F350
; warmup: fwd half / back to start, then cut at full power
G1 X60.610 Y232.200
G1 X59.550 Y231.010
G1 X59.595 Y230.690
G1 X59.550 Y231.010
G1 X60.610 Y232.200
G1 X61.590 Y232.400
G1 X60.610 Y232.200
G1 X59.550 Y231.010
G1 X59.730 Y229.730
G1 X59.800 Y229.180
G1 X64.000 Y225.360
G1 X71.330 Y218.680
G1 X64.310 Y219.130
G1 X50.860 Y220.010
G1 X50.280 Y219.910
G1 X49.600 Y219.800
G1 X48.280 Y218.020
G1 X48.430 Y217.020
G1 X48.520 Y216.460
M5

; --- path 15/70 (72 pts) ---
G0 X40.500 Y204.540
M3 S1000
F350
; warmup: fwd half / back to start, then cut at full power
G1 X38.880 Y204.800
G1 X37.622 Y205.014
G1 X38.880 Y204.800
G1 X40.500 Y204.540
G1 X38.880 Y204.800
G1 X36.880 Y205.140
G1 X34.900 Y205.540
G1 X32.940 Y206.060
G1 X30.900 Y205.760
G1 X28.800 Y207.360
G1 X28.340 Y207.580
G1 X27.820 Y207.620
G1 X27.340 Y207.460
G1 X26.960 Y207.120
G1 X26.720 Y206.800
G1 X26.560 Y206.500
G1 X26.500 Y206.180
G1 X26.560 Y205.840
G1 X26.700 Y205.540
G1 X26.880 Y205.280
G1 X27.000 Y205.000
G1 X27.180 Y204.420
G1 X27.200 Y204.100
G1 X27.140 Y203.500
G1 X27.060 Y203.200
G1 X26.960 Y202.900
G1 X26.800 Y202.640
G1 X26.620 Y202.380
G1 X26.180 Y201.960
G1 X25.920 Y201.780
G1 X25.360 Y201.540
G1 X25.060 Y201.460
G1 X24.760 Y201.420
G1 X24.460 Y201.420
G1 X24.140 Y201.460
G1 X23.840 Y201.540
G1 X23.280 Y201.780
G1 X23.020 Y201.960
G1 X18.980 Y205.040
G1 X18.740 Y205.260
G1 X18.520 Y205.480
G1 X18.340 Y205.720
G1 X18.200 Y206.000
G1 X18.080 Y206.280
G1 X18.000 Y206.580
G1 X17.960 Y206.900
G1 X17.940 Y207.200
G1 X17.980 Y207.500
G1 X18.040 Y207.800
G1 X18.140 Y208.100
G1 X18.280 Y208.380
G1 X18.440 Y208.640
G1 X18.640 Y208.880
G1 X18.860 Y209.100
G1 X19.100 Y209.280
G1 X19.380 Y209.440
G1 X19.660 Y209.560
G1 X19.960 Y209.640
G1 X20.260 Y209.700
G1 X20.560 Y209.720
G1 X20.880 Y209.700
G1 X21.180 Y209.640
G1 X21.480 Y209.540
G1 X21.800 Y209.480
G1 X22.120 Y209.520
G1 X22.420 Y209.660
G1 X22.660 Y209.880
G1 X22.920 Y210.220
G1 X23.140 Y210.660
G1 X23.180 Y211.180
G1 X23.000 Y211.660
G1 X22.680 Y212.040
G1 X20.560 Y213.640
G1 X20.000 Y215.440
G1 X18.960 Y216.680
M5

; --- path 16/70 (364 pts) ---
G0 X40.880 Y245.900
M3 S1000
F350
; warmup: fwd half / back to start, then cut at full power
G1 X42.220 Y244.820
G1 X42.840 Y243.920
G1 X42.925 Y243.862
G1 X42.840 Y243.920
G1 X42.220 Y244.820
G1 X40.880 Y245.900
G1 X42.220 Y244.820
G1 X42.840 Y243.920
G1 X45.320 Y242.220
G1 X45.860 Y241.980
G1 X46.440 Y241.980
G1 X46.980 Y242.200
G1 X47.220 Y242.380
G1 X47.680 Y242.980
G1 X47.840 Y243.340
G1 X47.880 Y243.720
G1 X47.800 Y244.080
G1 X47.620 Y244.420
G1 X47.420 Y244.720
G1 X47.240 Y245.020
G1 X47.120 Y245.360
G1 X47.020 Y245.700
G1 X46.980 Y246.060
G1 X46.960 Y246.400
G1 X47.000 Y246.760
G1 X47.080 Y247.120
G1 X47.200 Y247.440
G1 X47.340 Y247.760
G1 X47.540 Y248.060
G1 X47.760 Y248.340
G1 X48.020 Y248.580
G1 X48.320 Y248.800
G1 X48.620 Y248.980
G1 X48.940 Y249.120
G1 X49.280 Y249.220
G1 X49.640 Y249.280
G1 X50.000 Y249.300
G1 X50.360 Y249.280
G1 X50.700 Y249.200
G1 X51.040 Y249.100
G1 X51.360 Y248.940
G1 X51.680 Y248.760
G1 X56.600 Y245.340
G1 X56.880 Y245.120
G1 X57.140 Y244.880
G1 X57.360 Y244.600
G1 X57.540 Y244.300
G1 X57.700 Y243.980
G1 X57.800 Y243.640
G1 X57.860 Y243.280
G1 X57.900 Y242.920
G1 X57.880 Y242.580
G1 X57.820 Y242.220
G1 X57.720 Y241.880
G1 X57.580 Y241.540
G1 X57.400 Y241.240
G1 X57.200 Y240.960
G1 X56.940 Y240.700
G1 X56.680 Y240.460
G1 X56.380 Y240.280
G1 X56.060 Y240.120
G1 X55.720 Y240.000
G1 X55.380 Y239.920
G1 X55.020 Y239.880
G1 X54.660 Y239.900
G1 X54.300 Y239.940
G1 X53.960 Y240.040
G1 X53.580 Y240.080
G1 X53.200 Y240.020
G1 X52.860 Y239.840
G1 X52.600 Y239.580
G1 X52.340 Y239.180
G1 X52.100 Y238.640
G1 X52.100 Y238.060
G1 X52.300 Y237.520
G1 X52.480 Y237.280
G1 X52.720 Y237.100
G1 X55.180 Y235.380
G1 X56.280 Y235.200
G1 X58.160 Y234.180
G1 X60.060 Y233.200
G1 X61.590 Y232.400
G1 X62.460 Y232.180
G1 X69.410 Y226.000
G1 X79.210 Y217.310
G1 X80.260 Y218.540
G1 X81.480 Y220.140
G1 X82.600 Y221.820
G1 X83.660 Y223.540
G1 X84.640 Y225.300
G1 X85.960 Y228.180
G1 X86.080 Y228.460
G1 X86.140 Y228.760
G1 X86.160 Y229.080
G1 X86.100 Y229.380
G1 X85.980 Y229.680
G1 X85.820 Y229.940
G1 X85.600 Y230.160
G1 X85.340 Y230.340
G1 X84.900 Y230.600
G1 X84.500 Y230.740
G1 X84.100 Y230.740
G1 X83.720 Y230.640
G1 X83.380 Y230.400
G1 X83.080 Y230.140
G1 X82.780 Y229.940
G1 X82.440 Y229.760
G1 X82.080 Y229.620
G1 X81.720 Y229.540
G1 X81.340 Y229.500
G1 X80.960 Y229.500
G1 X80.580 Y229.540
G1 X80.200 Y229.640
G1 X79.860 Y229.760
G1 X79.520 Y229.940
G1 X79.200 Y230.160
G1 X78.920 Y230.400
G1 X78.660 Y230.680
G1 X78.440 Y230.980
G1 X78.260 Y231.320
G1 X78.100 Y231.680
G1 X78.020 Y232.040
G1 X77.960 Y232.420
G1 X77.940 Y232.800
G1 X77.980 Y233.180
G1 X78.060 Y233.540
G1 X78.180 Y233.900
G1 X78.360 Y234.260
G1 X81.580 Y240.020
G1 X81.780 Y240.340
G1 X82.020 Y240.620
G1 X82.300 Y240.880
G1 X82.600 Y241.120
G1 X82.920 Y241.300
G1 X83.280 Y241.460
G1 X83.640 Y241.560
G1 X84.020 Y241.640
G1 X84.380 Y241.660
G1 X84.760 Y241.620
G1 X85.140 Y241.560
G1 X85.500 Y241.440
G1 X85.860 Y241.280
G1 X86.180 Y241.080
G1 X86.480 Y240.860
G1 X86.740 Y240.580
G1 X86.980 Y240.300
G1 X87.180 Y239.960
G1 X87.340 Y239.620
G1 X87.460 Y239.260
G1 X87.540 Y238.880
G1 X87.560 Y238.500
G1 X87.540 Y238.120
G1 X87.480 Y237.760
G1 X87.460 Y237.340
G1 X87.560 Y236.960
G1 X87.800 Y236.620
G1 X88.120 Y236.360
G1 X88.560 Y236.120
G1 X88.840 Y235.980
G1 X89.140 Y235.920
G1 X89.460 Y235.920
G1 X89.780 Y235.960
G1 X90.060 Y236.080
G1 X90.320 Y236.260
G1 X90.560 Y236.460
G1 X90.740 Y236.720
G1 X92.240 Y239.440
G1 X94.640 Y240.220
G1 X96.320 Y241.340
G1 X98.080 Y242.300
G1 X99.560 Y242.960
G1 X99.030 Y243.220
G1 X98.540 Y243.500
G1 X98.080 Y243.800
G1 X97.660 Y244.140
G1 X97.410 Y244.380
G1 X96.960 Y244.880
G1 X96.700 Y245.290
G1 X96.490 Y245.730
G1 X96.340 Y246.180
G1 X96.260 Y246.640
G1 X96.240 Y247.120
G1 X96.280 Y247.590
G1 X96.380 Y248.060
G1 X96.530 Y248.520
G1 X96.740 Y248.960
G1 X97.000 Y249.360
G1 X97.300 Y249.740
G1 X97.540 Y249.950
G1 X98.030 Y250.350
G1 X98.440 Y250.580
G1 X98.780 Y250.730
G1 X99.300 Y250.880
G1 X99.740 Y250.960
G1 X100.180 Y250.970
G1 X100.610 Y250.930
G1 X101.030 Y250.840
G1 X101.340 Y250.740
G1 X101.790 Y250.560
G1 X102.120 Y250.380
G1 X102.420 Y250.170
G1 X102.680 Y249.960
G1 X103.080 Y249.560
G1 X103.260 Y249.310
G1 X103.320 Y249.660
G1 X103.340 Y250.220
G1 X103.380 Y250.550
G1 X103.450 Y250.900
G1 X103.560 Y251.260
G1 X103.720 Y251.640
G1 X103.920 Y252.000
G1 X104.120 Y252.280
G1 X104.450 Y252.670
G1 X104.780 Y252.960
G1 X105.140 Y253.220
G1 X105.540 Y253.440
G1 X105.980 Y253.600
G1 X106.430 Y253.700
G1 X106.820 Y253.750
G1 X107.380 Y253.760
G1 X107.860 Y253.700
G1 X108.280 Y253.600
G1 X108.780 Y253.420
G1 X109.210 Y253.190
G1 X109.610 Y252.920
G1 X109.960 Y252.600
G1 X110.280 Y252.240
G1 X110.540 Y251.840
G1 X110.740 Y251.420
G1 X110.880 Y250.960
G1 X110.980 Y250.480
G1 X111.010 Y249.980
G1 X110.990 Y249.460
G1 X110.920 Y248.940
G1 X110.790 Y248.400
G1 X110.620 Y247.850
G1 X110.420 Y247.300
G1 X110.190 Y246.750
G1 X109.930 Y246.190
G1 X109.740 Y245.820
G1 X109.380 Y245.100
G1 X109.100 Y244.560
G1 X108.820 Y244.040
G1 X108.560 Y243.520
G1 X108.360 Y243.130
G1 X108.150 Y242.700
G1 X107.880 Y242.080
G1 X107.720 Y241.660
G1 X107.580 Y241.240
G1 X107.460 Y240.870
G1 X107.380 Y240.530
G1 X107.330 Y240.230
G1 X107.290 Y239.730
G1 X107.310 Y239.410
G1 X107.040 Y239.630
G1 X106.670 Y239.960
G1 X106.420 Y240.140
G1 X106.130 Y240.340
G1 X105.790 Y240.540
G1 X105.410 Y240.730
G1 X104.990 Y240.930
G1 X104.610 Y241.090
G1 X104.200 Y241.260
G1 X103.520 Y241.510
G1 X102.970 Y241.700
G1 X102.410 Y241.890
G1 X102.050 Y242.010
G1 X101.260 Y242.280
G1 X100.980 Y242.390
G1 X100.680 Y242.500
G1 X100.110 Y242.720
G1 X99.560 Y242.960
G1 X99.030 Y243.220
G1 X98.540 Y243.500
G1 X98.080 Y243.800
G1 X97.660 Y244.140
G1 X97.410 Y244.380
G1 X96.960 Y244.880
G1 X96.700 Y245.290
G1 X96.490 Y245.730
G1 X96.340 Y246.180
G1 X96.260 Y246.640
G1 X96.240 Y247.120
G1 X96.280 Y247.590
G1 X96.380 Y248.060
G1 X96.530 Y248.520
G1 X96.740 Y248.960
G1 X97.000 Y249.360
G1 X97.300 Y249.740
G1 X97.540 Y249.950
G1 X97.180 Y251.680
G1 X96.600 Y253.700
G1 X96.040 Y255.700
G1 X95.520 Y257.720
G1 X95.000 Y259.760
G1 X94.540 Y260.540
G1 X94.100 Y263.520
G1 X94.120 Y264.100
G1 X94.380 Y264.620
G1 X94.800 Y265.020
G1 X95.360 Y265.220
G1 X95.820 Y265.280
G1 X96.200 Y265.280
G1 X96.560 Y265.160
G1 X96.880 Y264.920
G1 X97.080 Y264.620
G1 X97.260 Y264.300
G1 X97.460 Y264.020
G1 X97.700 Y263.740
G1 X97.980 Y263.520
G1 X98.260 Y263.320
G1 X98.580 Y263.140
G1 X98.920 Y263.020
G1 X99.260 Y262.940
G1 X99.620 Y262.900
G1 X99.980 Y262.900
G1 X100.320 Y262.940
G1 X100.680 Y263.020
G1 X101.000 Y263.140
G1 X101.320 Y263.300
G1 X101.620 Y263.500
G1 X101.900 Y263.740
G1 X102.140 Y264.000
G1 X102.340 Y264.280
G1 X102.520 Y264.600
G1 X102.640 Y264.920
G1 X102.740 Y265.280
G1 X102.800 Y265.620
G1 X102.800 Y265.980
G1 X102.780 Y266.340
G1 X101.880 Y272.260
G1 X101.800 Y272.620
G1 X101.680 Y272.960
G1 X101.540 Y273.280
G1 X101.340 Y273.580
G1 X101.120 Y273.860
G1 X100.860 Y274.100
G1 X100.580 Y274.320
G1 X100.280 Y274.500
G1 X99.940 Y274.640
G1 X99.600 Y274.740
G1 X99.260 Y274.800
G1 X98.900 Y274.820
G1 X98.540 Y274.800
G1 X98.200 Y274.740
G1 X97.860 Y274.620
G1 X97.520 Y274.480
G1 X97.220 Y274.300
G1 X96.940 Y274.080
G1 X96.680 Y273.840
G1 X96.460 Y273.560
G1 X96.280 Y273.260
G1 X96.120 Y272.920
G1 X96.020 Y272.600
G1 X95.940 Y272.240
G1 X95.820 Y271.880
G1 X95.600 Y271.560
G1 X95.300 Y271.340
G1 X94.940 Y271.220
G1 X94.460 Y271.160
G1 X94.160 Y271.140
G1 X93.600 Y271.280
G1 X93.120 Y271.620
G1 X92.820 Y272.120
G1 X92.760 Y272.420
G1 X92.300 Y275.380
G1 X92.480 Y276.260
G1 X92.320 Y278.340
G1 X92.180 Y280.040
M5

; --- path 17/70 (147 pts) ---
G0 X110.420 Y247.300
M3 S1000
F350
; warmup: fwd half / back to start, then cut at full power
G1 X111.980 Y247.880
G1 X113.174 Y248.258
G1 X111.980 Y247.880
G1 X110.420 Y247.300
G1 X111.980 Y247.880
G1 X113.940 Y248.500
G1 X115.940 Y249.000
G1 X117.960 Y249.340
G1 X120.020 Y249.560
G1 X120.300 Y250.260
G1 X123.380 Y249.840
G1 X123.680 Y249.760
G1 X123.960 Y249.640
G1 X124.220 Y249.440
G1 X124.440 Y249.220
G1 X124.600 Y248.960
G1 X124.700 Y248.660
G1 X124.760 Y248.340
G1 X124.740 Y248.040
G1 X124.680 Y247.540
G1 X124.560 Y247.140
G1 X124.320 Y246.800
G1 X124.000 Y246.560
G1 X123.600 Y246.440
G1 X123.240 Y246.360
G1 X122.880 Y246.240
G1 X122.540 Y246.080
G1 X122.220 Y245.860
G1 X121.920 Y245.620
G1 X121.660 Y245.360
G1 X121.420 Y245.040
G1 X121.240 Y244.720
G1 X121.080 Y244.380
G1 X120.980 Y244.000
G1 X120.920 Y243.640
G1 X120.900 Y243.260
G1 X120.920 Y242.880
G1 X120.980 Y242.500
G1 X121.100 Y242.140
G1 X121.260 Y241.800
G1 X121.460 Y241.460
G1 X121.680 Y241.160
G1 X121.960 Y240.900
G1 X122.260 Y240.660
G1 X122.580 Y240.460
G1 X122.920 Y240.300
G1 X123.280 Y240.180
G1 X123.660 Y240.100
G1 X130.200 Y239.200
G1 X130.580 Y239.180
G1 X130.960 Y239.200
G1 X131.320 Y239.260
G1 X131.700 Y239.360
G1 X132.040 Y239.500
G1 X132.380 Y239.700
G1 X132.680 Y239.920
G1 X132.960 Y240.180
G1 X133.200 Y240.480
G1 X133.400 Y240.780
G1 X133.580 Y241.120
G1 X133.700 Y241.480
G1 X133.780 Y241.860
G1 X133.820 Y242.240
G1 X133.820 Y242.620
G1 X133.760 Y243.000
G1 X133.680 Y243.360
G1 X133.540 Y243.720
G1 X133.360 Y244.040
G1 X133.140 Y244.360
G1 X132.880 Y244.640
G1 X132.600 Y244.900
G1 X132.280 Y245.120
G1 X131.960 Y245.300
G1 X131.620 Y245.520
G1 X131.360 Y245.840
G1 X131.220 Y246.220
G1 X131.220 Y246.640
G1 X131.280 Y247.140
G1 X131.360 Y247.440
G1 X131.480 Y247.720
G1 X131.680 Y247.980
G1 X132.180 Y248.360
G1 X132.780 Y248.520
G1 X133.080 Y248.500
G1 X136.160 Y248.080
G1 X136.360 Y247.800
G1 X138.400 Y247.480
G1 X140.440 Y247.200
G1 X142.480 Y246.960
G1 X144.140 Y246.800
G1 X143.590 Y248.340
G1 X142.660 Y250.940
G1 X142.880 Y256.140
G1 X143.380 Y257.450
G1 X143.910 Y258.860
G1 X144.720 Y260.090
G1 X145.280 Y260.960
G1 X146.050 Y261.650
G1 X148.320 Y263.720
G1 X149.580 Y264.420
G1 X151.200 Y265.070
G1 X152.060 Y265.420
G1 X154.510 Y265.830
G1 X155.480 Y265.750
G1 X157.540 Y265.580
G1 X159.100 Y265.460
G1 X161.040 Y264.800
G1 X161.440 Y264.660
G1 X163.520 Y263.090
G1 X163.430 Y261.960
G1 X163.320 Y260.700
G1 X161.850 Y259.810
G1 X158.140 Y261.120
G1 X154.750 Y261.390
G1 X153.610 Y261.060
G1 X152.080 Y260.600
G1 X149.300 Y258.420
G1 X148.830 Y257.800
G1 X148.170 Y256.910
G1 X147.410 Y254.970
G1 X147.260 Y253.100
G1 X147.200 Y252.380
G1 X147.480 Y251.310
G1 X147.970 Y249.500
G1 X149.600 Y247.580
G1 X150.900 Y246.060
G1 X151.870 Y245.580
G1 X153.410 Y244.850
G1 X156.830 Y244.570
G1 X157.200 Y244.540
G1 X157.660 Y244.680
G1 X159.250 Y245.180
G1 X159.590 Y249.360
G1 X158.970 Y249.440
G1 X155.220 Y249.920
G1 X154.140 Y251.400
G1 X154.480 Y253.180
G1 X155.230 Y253.820
G1 X155.560 Y254.100
G1 X163.720 Y253.240
G1 X164.420 Y251.980
G1 X164.300 Y250.520
G1 X163.700 Y243.000
G1 X162.230 Y241.580
G1 X158.940 Y240.530
G1 X158.050 Y240.260
G1 X152.450 Y240.510
G1 X150.110 Y241.300
G1 X147.440 Y242.920
G1 X144.140 Y246.800
M5

; --- path 18/70 (258 pts) ---
G0 X163.700 Y243.000
M3 S1000
F350
; warmup: fwd half / back to start, then cut at full power
G1 X165.160 Y242.160
G1 X166.230 Y241.549
G1 X165.160 Y242.160
G1 X163.700 Y243.000
G1 X165.160 Y242.160
G1 X166.980 Y241.120
G1 X167.200 Y240.660
G1 X170.000 Y239.320
G1 X170.260 Y239.160
G1 X170.500 Y238.940
G1 X170.680 Y238.680
G1 X170.820 Y238.400
G1 X170.880 Y238.100
G1 X170.900 Y237.780
G1 X170.860 Y237.480
G1 X170.740 Y237.180
G1 X170.540 Y236.720
G1 X170.300 Y236.380
G1 X169.980 Y236.140
G1 X169.580 Y236.020
G1 X169.180 Y236.020
G1 X168.800 Y236.040
G1 X168.420 Y236.040
G1 X168.040 Y235.980
G1 X167.680 Y235.880
G1 X167.320 Y235.740
G1 X166.980 Y235.560
G1 X166.680 Y235.340
G1 X166.400 Y235.100
G1 X166.140 Y234.800
G1 X165.940 Y234.500
G1 X165.760 Y234.160
G1 X165.620 Y233.800
G1 X165.520 Y233.440
G1 X165.480 Y233.060
G1 X165.480 Y232.680
G1 X165.520 Y232.300
G1 X165.620 Y231.920
G1 X165.740 Y231.580
G1 X165.920 Y231.240
G1 X166.120 Y230.920
G1 X166.380 Y230.620
G1 X166.660 Y230.380
G1 X166.960 Y230.140
G1 X167.300 Y229.960
G1 X173.240 Y227.120
G1 X173.600 Y226.980
G1 X173.960 Y226.880
G1 X174.340 Y226.820
G1 X174.720 Y226.800
G1 X175.100 Y226.840
G1 X175.480 Y226.920
G1 X175.840 Y227.040
G1 X176.180 Y227.200
G1 X176.500 Y227.400
G1 X176.800 Y227.640
G1 X177.060 Y227.920
G1 X177.280 Y228.220
G1 X177.480 Y228.540
G1 X177.640 Y228.900
G1 X177.740 Y229.260
G1 X177.800 Y229.640
G1 X177.820 Y230.000
G1 X177.800 Y230.380
G1 X177.740 Y230.760
G1 X177.620 Y231.120
G1 X177.480 Y231.480
G1 X177.280 Y231.800
G1 X177.040 Y232.100
G1 X176.780 Y232.380
G1 X176.520 Y232.700
G1 X176.380 Y233.080
G1 X176.360 Y233.480
G1 X176.480 Y233.880
G1 X176.700 Y234.340
G1 X176.860 Y234.600
G1 X177.080 Y234.840
G1 X177.320 Y235.020
G1 X177.620 Y235.140
G1 X177.920 Y235.220
G1 X178.240 Y235.240
G1 X178.540 Y235.180
G1 X178.840 Y235.080
G1 X181.640 Y233.740
G1 X182.160 Y233.940
G1 X184.120 Y233.220
G1 X186.120 Y232.540
G1 X188.100 Y231.860
G1 X189.720 Y231.340
G1 X190.190 Y229.700
G1 X191.940 Y228.740
G1 X192.450 Y228.890
G1 X193.580 Y229.220
G1 X197.180 Y235.790
G1 X204.440 Y249.030
G1 X203.970 Y250.660
G1 X202.210 Y251.620
G1 X201.700 Y251.540
G1 X201.350 Y251.470
G1 X200.950 Y251.400
G1 X198.350 Y246.760
G1 X196.880 Y247.600
G1 X195.080 Y248.640
G1 X193.440 Y249.580
G1 X191.240 Y251.040
G1 X190.880 Y251.400
G1 X190.680 Y251.860
G1 X190.680 Y252.360
G1 X190.860 Y252.840
G1 X191.100 Y253.180
G1 X191.320 Y253.420
G1 X191.600 Y253.580
G1 X191.940 Y253.640
G1 X192.260 Y253.600
G1 X192.560 Y253.520
G1 X192.880 Y253.500
G1 X193.480 Y253.540
G1 X193.780 Y253.600
G1 X194.080 Y253.720
G1 X194.600 Y254.040
G1 X194.840 Y254.240
G1 X195.220 Y254.720
G1 X195.480 Y255.280
G1 X195.600 Y255.880
G1 X195.620 Y256.180
G1 X195.580 Y256.500
G1 X195.520 Y256.800
G1 X195.280 Y257.360
G1 X195.120 Y257.620
G1 X194.920 Y257.860
G1 X194.700 Y258.080
G1 X194.440 Y258.260
G1 X190.200 Y261.060
G1 X189.920 Y261.220
G1 X189.640 Y261.340
G1 X189.340 Y261.440
G1 X189.040 Y261.480
G1 X188.740 Y261.500
G1 X188.420 Y261.480
G1 X188.120 Y261.420
G1 X187.820 Y261.320
G1 X187.540 Y261.200
G1 X187.280 Y261.040
G1 X187.040 Y260.840
G1 X186.620 Y260.380
G1 X186.460 Y260.120
G1 X186.340 Y259.840
G1 X186.180 Y259.240
G1 X186.160 Y258.940
G1 X186.180 Y258.640
G1 X186.220 Y258.320
G1 X186.440 Y257.740
G1 X186.760 Y257.240
G1 X186.940 Y256.940
G1 X187.000 Y256.620
G1 X186.980 Y256.300
G1 X186.840 Y255.980
G1 X186.620 Y255.640
G1 X186.260 Y255.280
G1 X185.780 Y255.080
G1 X185.280 Y255.080
G1 X184.820 Y255.280
G1 X182.600 Y256.740
G1 X180.940 Y257.620
G1 X179.120 Y258.620
G1 X178.520 Y258.920
G1 X177.240 Y259.560
G1 X175.320 Y260.380
G1 X173.360 Y261.120
G1 X171.360 Y261.720
G1 X169.320 Y262.240
G1 X167.280 Y262.620
G1 X165.200 Y262.920
G1 X163.520 Y263.080
G1 X161.440 Y264.660
G1 X161.040 Y264.800
G1 X159.100 Y265.460
G1 X157.540 Y265.580
G1 X155.480 Y265.750
G1 X154.840 Y267.240
G1 X153.980 Y268.100
G1 X152.840 Y271.520
G1 X152.700 Y271.840
G1 X152.500 Y272.140
G1 X152.240 Y272.380
G1 X151.940 Y272.560
G1 X151.620 Y272.680
G1 X151.260 Y272.740
G1 X150.920 Y272.740
G1 X150.560 Y272.660
G1 X150.020 Y272.480
G1 X149.620 Y272.260
G1 X149.300 Y271.940
G1 X149.100 Y271.520
G1 X149.040 Y271.060
G1 X149.020 Y270.640
G1 X148.960 Y270.220
G1 X148.860 Y269.800
G1 X148.700 Y269.420
G1 X148.480 Y269.040
G1 X148.240 Y268.680
G1 X147.960 Y268.380
G1 X147.620 Y268.100
G1 X147.280 Y267.860
G1 X146.900 Y267.660
G1 X146.500 Y267.520
G1 X146.080 Y267.420
G1 X145.660 Y267.360
G1 X145.220 Y267.360
G1 X144.800 Y267.420
G1 X144.380 Y267.520
G1 X143.980 Y267.660
G1 X143.600 Y267.860
G1 X143.240 Y268.100
G1 X142.920 Y268.380
G1 X142.640 Y268.700
G1 X142.400 Y269.040
G1 X142.180 Y269.420
G1 X142.020 Y269.820
G1 X139.760 Y276.640
G1 X139.640 Y277.060
G1 X139.580 Y277.480
G1 X139.560 Y277.920
G1 X139.620 Y278.340
G1 X139.700 Y278.760
G1 X139.840 Y279.160
G1 X140.020 Y279.540
G1 X140.260 Y279.900
G1 X140.520 Y280.240
G1 X140.840 Y280.540
G1 X141.180 Y280.780
G1 X141.540 Y281.000
G1 X141.940 Y281.180
G1 X142.360 Y281.300
G1 X142.780 Y281.360
G1 X143.200 Y281.380
G1 X143.620 Y281.360
G1 X144.040 Y281.280
G1 X144.460 Y281.140
G1 X144.840 Y280.980
G1 X145.200 Y280.760
G1 X145.540 Y280.480
G1 X145.860 Y280.180
G1 X146.120 Y279.860
G1 X146.440 Y279.520
G1 X146.840 Y279.320
G1 X147.300 Y279.240
G1 X147.760 Y279.320
G1 X148.300 Y279.500
G1 X148.620 Y279.640
G1 X148.900 Y279.840
G1 X149.140 Y280.100
G1 X149.340 Y280.400
G1 X149.460 Y280.720
G1 X149.520 Y281.080
G1 X149.500 Y281.420
G1 X149.440 Y281.760
G1 X148.300 Y285.180
G1 X148.500 Y286.400
G1 X148.080 Y288.380
G1 X147.760 Y289.980
M5

; --- path 19/70 (84 pts) ---
G0 X183.240 Y284.860
M3 S1000
F350
; warmup: fwd half / back to start, then cut at full power
G1 X183.520 Y283.280
G1 X184.287 Y282.215
G1 X183.520 Y283.280
G1 X183.240 Y284.860
G1 X183.520 Y283.280
G1 X184.960 Y281.280
G1 X184.700 Y278.200
G1 X184.640 Y277.900
G1 X184.520 Y277.600
G1 X184.340 Y277.340
G1 X184.120 Y277.120
G1 X183.860 Y276.940
G1 X183.580 Y276.820
G1 X183.280 Y276.740
G1 X182.960 Y276.740
G1 X182.460 Y276.800
G1 X182.060 Y276.900
G1 X181.720 Y277.120
G1 X181.460 Y277.420
G1 X181.320 Y277.820
G1 X181.220 Y278.180
G1 X181.080 Y278.540
G1 X180.900 Y278.860
G1 X180.680 Y279.180
G1 X180.420 Y279.460
G1 X180.120 Y279.700
G1 X179.820 Y279.920
G1 X179.480 Y280.100
G1 X179.120 Y280.220
G1 X178.760 Y280.320
G1 X178.380 Y280.360
G1 X178.000 Y280.360
G1 X177.620 Y280.320
G1 X177.240 Y280.240
G1 X176.900 Y280.100
G1 X176.560 Y279.940
G1 X176.240 Y279.720
G1 X175.960 Y279.480
G1 X175.700 Y279.200
G1 X175.480 Y278.880
G1 X175.280 Y278.560
G1 X175.140 Y278.200
G1 X175.040 Y277.840
G1 X174.980 Y277.460
G1 X174.400 Y270.880
G1 X174.400 Y270.500
G1 X174.420 Y270.120
G1 X174.500 Y269.760
G1 X174.620 Y269.400
G1 X174.780 Y269.060
G1 X175.000 Y268.720
G1 X175.240 Y268.440
G1 X175.500 Y268.180
G1 X175.800 Y267.940
G1 X176.140 Y267.740
G1 X176.480 Y267.600
G1 X176.840 Y267.480
G1 X177.220 Y267.420
G1 X177.600 Y267.400
G1 X177.980 Y267.420
G1 X178.360 Y267.500
G1 X178.720 Y267.600
G1 X179.060 Y267.760
G1 X179.400 Y267.960
G1 X179.700 Y268.180
G1 X179.960 Y268.460
G1 X180.200 Y268.740
G1 X180.400 Y269.080
G1 X180.560 Y269.420
G1 X180.780 Y269.760
G1 X181.080 Y270.040
G1 X181.460 Y270.180
G1 X181.860 Y270.220
G1 X182.380 Y270.180
G1 X182.680 Y270.120
G1 X182.960 Y270.000
G1 X183.240 Y269.820
G1 X183.460 Y269.600
G1 X183.640 Y269.340
G1 X183.760 Y269.060
G1 X183.820 Y268.760
G1 X183.820 Y268.440
G1 X183.540 Y265.340
G1 X181.300 Y263.820
G1 X180.340 Y262.060
G1 X179.340 Y260.320
G1 X178.520 Y258.920
M5

; --- path 20/70 (858 pts) ---
G0 X198.350 Y246.760
M3 S1000
F350
; warmup: fwd half / back to start, then cut at full power
G1 X196.927 Y244.214
G1 X198.350 Y246.760
G1 X191.340 Y234.220
G1 X189.720 Y231.340
G1 X190.190 Y229.700
G1 X191.940 Y228.740
G1 X192.450 Y228.890
G1 X193.580 Y229.220
G1 X194.800 Y228.080
G1 X196.320 Y226.660
G1 X197.840 Y225.260
G1 X198.220 Y224.500
G1 X200.620 Y222.680
G1 X201.140 Y222.420
G1 X201.720 Y222.400
G1 X202.280 Y222.580
G1 X202.720 Y222.960
G1 X203.000 Y223.340
G1 X203.180 Y223.680
G1 X203.240 Y224.060
G1 X203.200 Y224.440
G1 X203.020 Y224.780
G1 X202.820 Y225.080
G1 X202.680 Y225.400
G1 X202.560 Y225.740
G1 X202.480 Y226.080
G1 X202.440 Y226.440
G1 X202.460 Y226.800
G1 X202.500 Y227.140
G1 X202.600 Y227.500
G1 X202.740 Y227.820
G1 X202.900 Y228.140
G1 X203.100 Y228.420
G1 X203.340 Y228.700
G1 X203.620 Y228.920
G1 X203.920 Y229.120
G1 X204.220 Y229.280
G1 X204.560 Y229.420
G1 X204.900 Y229.500
G1 X205.260 Y229.540
G1 X205.620 Y229.540
G1 X205.980 Y229.500
G1 X206.320 Y229.420
G1 X206.660 Y229.300
G1 X206.960 Y229.140
G1 X207.260 Y228.940
G1 X212.040 Y225.300
G1 X212.300 Y225.060
G1 X212.540 Y224.800
G1 X212.760 Y224.500
G1 X212.920 Y224.200
G1 X213.060 Y223.860
G1 X213.160 Y223.520
G1 X213.200 Y223.180
G1 X213.220 Y222.820
G1 X213.180 Y222.460
G1 X213.100 Y222.120
G1 X213.000 Y221.780
G1 X212.840 Y221.460
G1 X212.640 Y221.160
G1 X212.420 Y220.880
G1 X212.160 Y220.620
G1 X211.880 Y220.420
G1 X211.580 Y220.240
G1 X211.240 Y220.100
G1 X210.900 Y219.980
G1 X210.560 Y219.920
G1 X210.200 Y219.900
G1 X209.840 Y219.940
G1 X209.500 Y220.000
G1 X209.160 Y220.100
G1 X208.780 Y220.180
G1 X208.400 Y220.140
G1 X208.060 Y219.980
G1 X207.780 Y219.700
G1 X207.480 Y219.340
G1 X207.220 Y218.800
G1 X207.200 Y218.220
G1 X207.380 Y217.660
G1 X207.780 Y217.220
G1 X210.160 Y215.400
G1 X211.000 Y215.240
G1 X212.740 Y214.140
G1 X214.500 Y213.040
G1 X215.930 Y212.170
G1 X229.200 Y222.930
G1 X233.180 Y226.160
G1 X234.320 Y226.320
G1 X235.140 Y225.950
G1 X235.370 Y225.670
G1 X235.680 Y225.300
G1 X236.130 Y224.730
G1 X236.170 Y223.550
G1 X236.100 Y222.860
G1 X235.620 Y222.470
G1 X233.940 Y221.100
G1 X234.960 Y219.840
G1 X236.240 Y218.280
G1 X237.540 Y216.740
G1 X238.840 Y215.180
G1 X240.160 Y213.660
G1 X241.480 Y212.120
G1 X242.780 Y210.580
G1 X244.080 Y209.020
G1 X244.380 Y209.140
G1 X246.200 Y206.640
G1 X246.420 Y206.400
G1 X246.660 Y206.220
G1 X246.960 Y206.080
G1 X247.260 Y206.000
G1 X247.560 Y205.980
G1 X247.880 Y206.040
G1 X248.180 Y206.140
G1 X248.440 Y206.300
G1 X248.860 Y206.600
G1 X249.140 Y206.880
G1 X249.320 Y207.260
G1 X249.380 Y207.660
G1 X249.300 Y208.060
G1 X249.200 Y208.420
G1 X249.140 Y208.800
G1 X249.120 Y209.180
G1 X249.140 Y209.560
G1 X249.220 Y209.920
G1 X249.340 Y210.300
G1 X249.500 Y210.640
G1 X249.680 Y210.960
G1 X249.920 Y211.260
G1 X250.200 Y211.520
G1 X250.500 Y211.760
G1 X250.820 Y211.960
G1 X251.160 Y212.120
G1 X251.520 Y212.240
G1 X251.900 Y212.300
G1 X252.280 Y212.340
G1 X252.660 Y212.320
G1 X253.020 Y212.260
G1 X253.400 Y212.140
G1 X253.740 Y212.000
G1 X254.080 Y211.800
G1 X254.380 Y211.580
G1 X254.660 Y211.320
G1 X254.900 Y211.020
G1 X258.800 Y205.700
G1 X259.000 Y205.380
G1 X259.180 Y205.040
G1 X259.300 Y204.680
G1 X259.380 Y204.320
G1 X259.420 Y203.940
G1 X259.400 Y203.560
G1 X259.360 Y203.180
G1 X259.260 Y202.820
G1 X259.120 Y202.460
G1 X258.940 Y202.120
G1 X258.720 Y201.820
G1 X258.460 Y201.540
G1 X258.180 Y201.280
G1 X257.860 Y201.060
G1 X257.520 Y200.900
G1 X257.180 Y200.760
G1 X256.800 Y200.660
G1 X256.420 Y200.620
G1 X256.040 Y200.620
G1 X255.660 Y200.660
G1 X255.300 Y200.740
G1 X254.940 Y200.880
G1 X254.600 Y201.060
G1 X254.280 Y201.260
G1 X253.920 Y201.460
G1 X253.520 Y201.520
G1 X253.120 Y201.460
G1 X252.760 Y201.280
G1 X252.340 Y200.980
G1 X252.120 Y200.760
G1 X251.920 Y200.520
G1 X251.800 Y200.240
G1 X251.720 Y199.920
G1 X251.700 Y199.620
G1 X251.740 Y199.300
G1 X251.840 Y199.000
G1 X252.000 Y198.740
G1 X253.840 Y196.240
G1 X253.520 Y195.920
G1 X254.480 Y194.140
G1 X255.380 Y192.320
G1 X256.220 Y190.480
G1 X256.980 Y188.620
G1 X257.680 Y186.720
G1 X258.320 Y184.800
G1 X258.900 Y182.860
G1 X259.420 Y180.920
G1 X259.820 Y179.340
G1 X260.920 Y178.980
G1 X261.500 Y178.280
G1 X261.900 Y176.540
G1 X261.000 Y175.090
G1 X258.240 Y174.450
G1 X258.620 Y172.840
G1 X259.100 Y170.820
G1 X259.600 Y168.820
G1 X260.100 Y166.820
G1 X260.620 Y164.820
G1 X261.120 Y162.820
G1 X261.640 Y160.820
G1 X262.120 Y158.800
G1 X262.600 Y156.800
G1 X263.080 Y156.100
G1 X263.520 Y153.140
G1 X263.540 Y152.840
G1 X263.400 Y152.280
G1 X263.240 Y152.020
G1 X262.820 Y151.640
G1 X262.540 Y151.500
G1 X261.800 Y151.360
G1 X261.400 Y151.380
G1 X261.040 Y151.500
G1 X260.740 Y151.720
G1 X260.520 Y152.040
G1 X260.360 Y152.360
G1 X260.160 Y152.660
G1 X259.920 Y152.920
G1 X259.640 Y153.140
G1 X259.360 Y153.360
G1 X259.040 Y153.520
G1 X258.700 Y153.640
G1 X258.360 Y153.720
G1 X258.000 Y153.780
G1 X257.640 Y153.780
G1 X257.300 Y153.740
G1 X256.940 Y153.660
G1 X256.620 Y153.520
G1 X256.300 Y153.360
G1 X256.000 Y153.160
G1 X255.720 Y152.940
G1 X255.480 Y152.680
G1 X255.280 Y152.380
G1 X255.100 Y152.080
G1 X254.980 Y151.740
G1 X254.880 Y151.400
G1 X254.820 Y151.040
G1 X254.820 Y150.700
G1 X254.840 Y150.340
G1 X255.720 Y144.400
G1 X255.800 Y144.060
G1 X255.900 Y143.720
G1 X256.060 Y143.400
G1 X256.260 Y143.100
G1 X256.480 Y142.820
G1 X256.740 Y142.560
G1 X257.020 Y142.360
G1 X257.320 Y142.180
G1 X257.640 Y142.020
G1 X257.980 Y141.920
G1 X258.340 Y141.860
G1 X258.700 Y141.840
G1 X259.060 Y141.860
G1 X259.400 Y141.920
G1 X259.740 Y142.040
G1 X260.060 Y142.180
G1 X260.380 Y142.360
G1 X260.660 Y142.580
G1 X260.920 Y142.820
G1 X261.140 Y143.100
G1 X261.320 Y143.400
G1 X261.480 Y143.720
G1 X261.580 Y144.060
G1 X261.660 Y144.420
G1 X261.780 Y144.780
G1 X262.000 Y145.100
G1 X262.300 Y145.320
G1 X262.680 Y145.440
G1 X263.140 Y145.500
G1 X263.440 Y145.520
G1 X264.000 Y145.380
G1 X264.260 Y145.220
G1 X264.640 Y144.780
G1 X264.840 Y144.240
G1 X265.280 Y141.260
G1 X264.900 Y140.460
G1 X264.920 Y138.400
G1 X264.880 Y136.340
G1 X264.760 Y134.280
G1 X264.580 Y132.220
G1 X264.340 Y130.160
G1 X264.060 Y128.120
G1 X263.780 Y126.480
G1 X264.400 Y125.360
G1 X264.350 Y125.040
G1 X264.080 Y123.500
G1 X263.380 Y122.900
G1 X262.670 Y122.400
G1 X262.360 Y120.800
G1 X261.940 Y118.820
G1 X261.460 Y116.860
G1 X260.900 Y114.920
G1 X260.260 Y113.000
G1 X259.540 Y111.100
G1 X258.760 Y109.240
G1 X258.900 Y108.460
G1 X257.320 Y105.920
G1 X257.120 Y105.380
G1 X257.100 Y105.080
G1 X257.140 Y104.780
G1 X257.380 Y104.260
G1 X257.800 Y103.860
G1 X258.200 Y103.600
G1 X258.560 Y103.460
G1 X258.940 Y103.420
G1 X259.300 Y103.520
G1 X259.640 Y103.720
G1 X259.920 Y103.940
G1 X260.220 Y104.120
G1 X260.540 Y104.280
G1 X260.880 Y104.380
G1 X261.240 Y104.460
G1 X261.580 Y104.480
G1 X261.940 Y104.460
G1 X262.300 Y104.400
G1 X262.640 Y104.300
G1 X262.960 Y104.160
G1 X263.280 Y103.980
G1 X263.560 Y103.760
G1 X263.820 Y103.520
G1 X264.040 Y103.240
G1 X264.240 Y102.940
G1 X264.380 Y102.620
G1 X264.500 Y102.300
G1 X264.580 Y101.940
G1 X264.620 Y101.580
G1 X264.600 Y101.240
G1 X264.560 Y100.880
G1 X264.460 Y100.540
G1 X264.340 Y100.200
G1 X264.160 Y99.900
G1 X261.000 Y94.800
G1 X260.800 Y94.500
G1 X260.560 Y94.240
G1 X260.280 Y94.000
G1 X259.980 Y93.800
G1 X259.680 Y93.640
G1 X259.340 Y93.520
G1 X259.000 Y93.440
G1 X258.640 Y93.380
G1 X258.280 Y93.380
G1 X257.920 Y93.420
G1 X257.580 Y93.500
G1 X257.240 Y93.640
G1 X256.940 Y93.800
G1 X256.640 Y94.000
G1 X256.360 Y94.220
G1 X256.120 Y94.480
G1 X255.920 Y94.780
G1 X255.740 Y95.080
G1 X255.600 Y95.420
G1 X255.520 Y95.760
G1 X255.460 Y96.120
G1 X255.460 Y96.460
G1 X255.480 Y96.820
G1 X255.560 Y97.180
G1 X255.600 Y97.560
G1 X255.520 Y97.920
G1 X255.320 Y98.260
G1 X255.040 Y98.500
G1 X254.620 Y98.760
G1 X254.080 Y98.960
G1 X253.780 Y98.980
G1 X253.220 Y98.860
G1 X252.960 Y98.700
G1 X252.560 Y98.280
G1 X250.980 Y95.740
G1 X250.380 Y95.400
G1 X249.200 Y93.760
G1 X248.000 Y92.140
G1 X246.800 Y90.500
G1 X245.620 Y88.860
G1 X244.460 Y87.200
G1 X243.300 Y85.540
G1 X242.380 Y84.200
G1 X245.500 Y79.380
G1 X245.740 Y78.300
G1 X244.640 Y76.340
G1 X245.740 Y78.300
G1 X245.500 Y79.380
G1 X242.380 Y84.200
G1 X238.000 Y90.950
G1 X233.230 Y98.340
G1 X232.030 Y99.190
G1 X231.260 Y99.740
G1 X230.160 Y99.520
G1 X229.060 Y97.550
G1 X229.440 Y96.320
G1 X231.230 Y93.490
G1 X232.120 Y92.080
G1 X226.420 Y83.680
G1 X220.770 Y84.620
G1 X219.820 Y84.300
G1 X219.030 Y83.140
G1 X218.780 Y82.770
G1 X218.860 Y82.340
G1 X219.000 Y81.650
G1 X220.400 Y80.520
G1 X219.180 Y79.340
G1 X217.660 Y77.880
G1 X217.580 Y77.380
G1 X215.200 Y75.400
G1 X214.980 Y75.180
G1 X214.800 Y74.920
G1 X214.680 Y74.620
G1 X214.620 Y74.320
G1 X214.620 Y74.000
G1 X214.700 Y73.700
G1 X214.820 Y73.420
G1 X214.980 Y73.160
G1 X215.320 Y72.760
G1 X215.620 Y72.500
G1 X216.000 Y72.340
G1 X216.400 Y72.300
G1 X216.800 Y72.400
G1 X217.160 Y72.540
G1 X217.520 Y72.620
G1 X217.900 Y72.660
G1 X218.280 Y72.660
G1 X218.660 Y72.600
G1 X219.040 Y72.500
G1 X219.380 Y72.380
G1 X219.720 Y72.200
G1 X220.040 Y71.980
G1 X220.320 Y71.720
G1 X220.580 Y71.440
G1 X220.780 Y71.120
G1 X220.960 Y70.800
G1 X221.100 Y70.440
G1 X221.200 Y70.060
G1 X221.240 Y69.700
G1 X221.260 Y69.320
G1 X221.220 Y68.940
G1 X221.120 Y68.560
G1 X221.000 Y68.200
G1 X220.840 Y67.860
G1 X220.620 Y67.540
G1 X220.380 Y67.260
G1 X220.100 Y67.000
G1 X215.020 Y62.780
G1 X214.720 Y62.560
G1 X214.380 Y62.360
G1 X214.040 Y62.220
G1 X213.680 Y62.120
G1 X213.300 Y62.060
G1 X212.920 Y62.040
G1 X212.540 Y62.080
G1 X212.160 Y62.140
G1 X211.800 Y62.260
G1 X211.460 Y62.420
G1 X211.140 Y62.620
G1 X210.840 Y62.860
G1 X210.580 Y63.140
G1 X210.340 Y63.440
G1 X210.140 Y63.760
G1 X209.980 Y64.100
G1 X209.880 Y64.460
G1 X209.800 Y64.840
G1 X209.780 Y65.220
G1 X209.800 Y65.600
G1 X209.860 Y65.980
G1 X209.980 Y66.340
G1 X210.120 Y66.680
G1 X210.320 Y67.020
G1 X210.480 Y67.380
G1 X210.540 Y67.800
G1 X210.440 Y68.200
G1 X210.240 Y68.540
G1 X209.920 Y68.940
G1 X209.680 Y69.160
G1 X209.420 Y69.320
G1 X209.140 Y69.440
G1 X208.820 Y69.500
G1 X208.520 Y69.500
G1 X208.200 Y69.440
G1 X207.920 Y69.320
G1 X207.660 Y69.140
G1 X205.280 Y67.160
G1 X204.720 Y67.220
G1 X202.980 Y66.060
G1 X201.240 Y64.900
G1 X199.460 Y63.760
G1 X198.040 Y62.860
G1 X208.080 Y42.840
G1 X207.850 Y41.860
G1 X207.720 Y41.310
G1 X206.740 Y40.700
G1 X205.840 Y40.140
G1 X205.150 Y40.290
G1 X204.590 Y40.420
G1 X196.600 Y44.220
G1 X186.070 Y49.230
G1 X191.190 Y38.700
G1 X192.880 Y35.220
G1 X192.440 Y33.420
G1 X191.000 Y32.700
G1 X190.020 Y32.880
G1 X189.300 Y33.420
G1 X179.260 Y53.440
G1 X177.840 Y52.680
G1 X176.120 Y51.640
G1 X174.440 Y50.520
G1 X172.820 Y49.320
G1 X170.420 Y47.260
G1 X170.160 Y47.080
G1 X169.880 Y46.960
G1 X169.580 Y46.880
G1 X169.260 Y46.880
G1 X168.940 Y46.940
G1 X168.400 Y47.220
G1 X168.160 Y47.440
G1 X167.840 Y47.820
G1 X167.620 Y48.160
G1 X167.520 Y48.560
G1 X167.560 Y48.980
G1 X167.720 Y49.340
G1 X167.920 Y49.680
G1 X168.060 Y50.020
G1 X168.160 Y50.400
G1 X168.220 Y50.760
G1 X168.240 Y51.140
G1 X168.200 Y51.520
G1 X168.120 Y51.900
G1 X168.000 Y52.260
G1 X167.840 Y52.600
G1 X167.640 Y52.920
G1 X167.400 Y53.220
G1 X167.140 Y53.480
G1 X166.840 Y53.720
G1 X166.500 Y53.920
G1 X166.160 Y54.060
G1 X165.800 Y54.180
G1 X165.420 Y54.240
G1 X165.040 Y54.280
G1 X164.660 Y54.260
G1 X164.280 Y54.180
G1 X163.920 Y54.080
G1 X163.580 Y53.920
G1 X163.240 Y53.720
G1 X162.940 Y53.500
G1 X157.940 Y49.200
G1 X157.680 Y48.940
G1 X157.440 Y48.640
G1 X157.220 Y48.320
G1 X157.060 Y47.980
G1 X156.940 Y47.620
G1 X156.860 Y47.240
G1 X156.840 Y46.860
G1 X156.840 Y46.480
G1 X156.900 Y46.100
G1 X157.000 Y45.740
G1 X157.140 Y45.380
G1 X157.320 Y45.060
G1 X157.560 Y44.740
G1 X157.800 Y44.460
G1 X158.100 Y44.220
G1 X158.420 Y44.000
G1 X158.760 Y43.840
G1 X159.100 Y43.700
G1 X159.480 Y43.620
G1 X159.860 Y43.580
G1 X160.240 Y43.580
G1 X160.620 Y43.620
G1 X160.980 Y43.720
G1 X161.340 Y43.840
G1 X161.740 Y43.960
G1 X162.140 Y43.920
G1 X162.520 Y43.780
G1 X162.820 Y43.520
G1 X163.160 Y43.140
G1 X163.340 Y42.880
G1 X163.460 Y42.580
G1 X163.540 Y42.280
G1 X163.540 Y41.960
G1 X163.480 Y41.660
G1 X163.380 Y41.360
G1 X163.200 Y41.100
G1 X160.640 Y38.860
G1 X160.160 Y39.380
G1 X158.340 Y38.540
G1 X156.420 Y37.900
G1 X154.460 Y37.460
G1 X152.460 Y37.240
G1 X150.840 Y37.180
G1 X151.240 Y36.740
G1 X151.600 Y36.300
G1 X151.920 Y35.840
G1 X152.180 Y35.380
G1 X152.390 Y34.900
G1 X152.540 Y34.420
G1 X152.610 Y34.090
G1 X152.670 Y33.460
G1 X152.640 Y33.080
G1 X152.540 Y32.530
G1 X152.390 Y32.080
G1 X152.180 Y31.650
G1 X151.920 Y31.260
G1 X151.600 Y30.880
G1 X151.240 Y30.560
G1 X150.850 Y30.280
G1 X150.420 Y30.040
G1 X149.980 Y29.860
G1 X149.520 Y29.740
G1 X149.140 Y29.690
G1 X148.600 Y29.660
G1 X148.210 Y29.710
G1 X147.710 Y29.820
G1 X147.300 Y29.960
G1 X146.920 Y30.160
G1 X146.560 Y30.400
G1 X146.240 Y30.660
G1 X145.960 Y30.940
G1 X145.720 Y31.240
G1 X145.520 Y31.540
G1 X145.350 Y31.830
G1 X145.180 Y32.230
G1 X145.060 Y32.580
G1 X145.000 Y32.880
G1 X144.940 Y32.580
G1 X144.820 Y32.230
G1 X144.650 Y31.830
G1 X144.480 Y31.540
G1 X144.280 Y31.240
G1 X144.040 Y30.940
G1 X143.760 Y30.660
G1 X143.440 Y30.400
G1 X143.090 Y30.160
G1 X142.700 Y29.960
G1 X142.290 Y29.820
G1 X141.850 Y29.720
G1 X141.400 Y29.660
G1 X140.980 Y29.680
G1 X140.480 Y29.740
G1 X140.020 Y29.860
G1 X139.580 Y30.040
G1 X139.260 Y30.220
G1 X138.970 Y30.410
G1 X138.400 Y30.880
G1 X138.080 Y31.260
G1 X137.870 Y31.590
G1 X137.610 Y32.080
G1 X137.460 Y32.530
G1 X137.380 Y32.890
G1 X137.330 Y33.460
G1 X137.360 Y33.850
G1 X137.460 Y34.420
G1 X137.610 Y34.900
G1 X137.740 Y35.180
G1 X138.080 Y35.840
G1 X138.400 Y36.300
G1 X138.760 Y36.740
G1 X138.970 Y36.970
G1 X138.760 Y36.740
G1 X138.400 Y36.300
G1 X138.080 Y35.840
G1 X137.820 Y35.380
G1 X137.610 Y34.900
G1 X137.460 Y34.420
G1 X137.390 Y34.090
G1 X137.330 Y33.460
G1 X135.640 Y33.440
G1 X133.540 Y33.320
G1 X131.460 Y33.120
G1 X129.380 Y32.860
G1 X127.300 Y32.560
G1 X126.960 Y32.280
G1 X123.880 Y31.840
G1 X123.580 Y31.760
G1 X123.300 Y31.620
G1 X123.040 Y31.440
G1 X122.840 Y31.200
G1 X122.680 Y30.940
G1 X122.560 Y30.640
G1 X122.520 Y30.340
G1 X122.540 Y30.020
G1 X122.600 Y29.520
G1 X122.740 Y29.120
G1 X122.980 Y28.800
G1 X123.300 Y28.560
G1 X123.700 Y28.440
G1 X124.060 Y28.360
G1 X124.420 Y28.240
G1 X124.760 Y28.080
G1 X125.100 Y27.880
G1 X125.380 Y27.640
G1 X125.660 Y27.360
G1 X125.880 Y27.060
G1 X126.080 Y26.740
G1 X126.240 Y26.380
G1 X126.340 Y26.020
G1 X126.420 Y25.660
G1 X126.440 Y25.280
G1 X126.420 Y24.900
G1 X126.340 Y24.520
G1 X126.240 Y24.160
G1 X126.080 Y23.800
G1 X125.880 Y23.480
G1 X125.660 Y23.180
G1 X125.400 Y22.900
G1 X125.100 Y22.660
G1 X124.780 Y22.460
G1 X124.440 Y22.300
G1 X124.080 Y22.180
G1 X123.700 Y22.100
G1 X117.180 Y21.140
G1 X116.800 Y21.100
G1 X116.420 Y21.120
G1 X116.040 Y21.180
G1 X115.660 Y21.280
G1 X115.320 Y21.420
G1 X114.980 Y21.600
G1 X114.680 Y21.840
G1 X114.400 Y22.080
G1 X114.160 Y22.380
G1 X113.940 Y22.700
G1 X113.760 Y23.040
G1 X113.640 Y23.380
G1 X113.560 Y23.760
G1 X113.500 Y24.140
G1 X113.520 Y24.520
G1 X113.560 Y24.900
G1 X113.660 Y25.260
G1 X113.780 Y25.620
G1 X113.960 Y25.960
G1 X114.180 Y26.260
G1 X114.420 Y26.560
G1 X114.700 Y26.800
G1 X115.020 Y27.020
G1 X115.360 Y27.200
G1 X115.700 Y27.440
G1 X115.940 Y27.760
G1 X116.080 Y28.140
G1 X116.080 Y28.560
G1 X116.000 Y29.060
G1 X115.940 Y29.360
G1 X115.800 Y29.640
G1 X115.600 Y29.900
G1 X115.100 Y30.260
G1 X114.820 Y30.380
G1 X114.500 Y30.420
G1 X114.200 Y30.400
G1 X111.120 Y29.960
G1 X110.680 Y30.700
G1 X108.600 Y30.960
G1 X106.540 Y31.380
G1 X104.540 Y31.960
G1 X102.580 Y32.700
G1 X101.040 Y33.400
G1 X106.260 Y44.200
G1 X110.710 Y53.380
G1 X110.700 Y54.240
G1 X110.240 Y55.170
G1 X99.440 Y60.400
G1 X98.940 Y60.440
G1 X95.590 Y60.710
G1 X94.020 Y60.070
G1 X93.100 Y59.700
G1 X90.720 Y56.620
G1 X89.860 Y53.920
G1 X89.880 Y52.720
G1 X90.320 Y51.310
G1 X90.480 Y50.860
G1 X89.380 Y50.470
G1 X88.750 Y50.250
G1 X87.680 Y49.430
G1 X86.360 Y47.620
G1 X85.400 Y45.200
G1 X85.260 Y42.600
G1 X85.390 Y42.240
G1 X85.910 Y40.730
G1 X88.290 Y38.170
G1 X88.540 Y37.900
G1 X88.850 Y37.760
G1 X91.020 Y36.750
G1 X90.680 Y35.080
G1 X90.280 Y33.020
G1 X90.580 Y32.540
G1 X89.680 Y29.580
G1 X89.560 Y29.280
G1 X89.380 Y29.020
G1 X89.160 Y28.800
G1 X88.900 Y28.620
G1 X88.620 Y28.500
G1 X88.300 Y28.440
G1 X87.680 Y28.500
G1 X87.200 Y28.660
G1 X86.840 Y28.840
G1 X86.540 Y29.120
G1 X86.360 Y29.480
G1 X86.300 Y29.880
G1 X86.280 Y30.260
G1 X86.200 Y30.640
G1 X86.100 Y31.000
G1 X85.940 Y31.360
G1 X85.760 Y31.680
G1 X85.520 Y31.980
G1 X85.260 Y32.260
G1 X84.980 Y32.500
G1 X84.640 Y32.700
G1 X84.300 Y32.880
G1 X83.940 Y33.000
G1 X83.580 Y33.080
G1 X83.200 Y33.100
G1 X82.820 Y33.100
G1 X82.440 Y33.040
G1 X82.080 Y32.940
G1 X81.720 Y32.800
G1 X81.380 Y32.620
G1 X81.080 Y32.400
G1 X80.800 Y32.140
G1 X80.560 Y31.860
G1 X80.340 Y31.540
G1 X80.160 Y31.200
G1 X80.040 Y30.840
G1 X78.100 Y24.540
G1 X78.020 Y24.160
G1 X77.980 Y23.780
G1 X77.980 Y23.400
G1 X78.020 Y23.020
G1 X78.100 Y22.660
G1 X78.240 Y22.300
G1 X78.420 Y21.960
G1 X78.620 Y21.640
G1 X78.880 Y21.360
G1 X79.160 Y21.100
G1 X79.460 Y20.880
G1 X79.800 Y20.700
G1 X80.160 Y20.560
G1 X80.520 Y20.460
G1 X80.900 Y20.400
G1 X81.280 Y20.400
G1 X81.660 Y20.440
G1 X82.020 Y20.520
G1 X82.380 Y20.640
G1 X82.720 Y20.800
G1 X83.040 Y21.000
G1 X83.340 Y21.240
G1 X83.600 Y21.520
G1 X83.840 Y21.820
G1 X84.120 Y22.120
G1 X84.460 Y22.320
G1 X84.880 Y22.400
G1 X85.280 Y22.340
G1 X85.760 Y22.200
G1 X86.040 Y22.080
G1 X86.300 Y21.900
G1 X86.540 Y21.680
G1 X86.700 Y21.420
G1 X86.820 Y21.120
G1 X86.880 Y20.820
G1 X86.880 Y20.500
G1 X86.820 Y20.200
G1 X85.920 Y17.240
G1 X85.380 Y17.000
G1 X84.580 Y15.060
G1 X83.920 Y13.500
M5

; --- path 21/70 (123 pts) ---
G0 X110.720 Y53.380
M3 S1000
F350
; warmup: fwd half / back to start, then cut at full power
G1 X112.140 Y52.640
G1 X113.275 Y51.975
G1 X112.140 Y52.640
G1 X110.720 Y53.380
G1 X112.140 Y52.640
G1 X113.880 Y51.620
G1 X115.560 Y50.520
G1 X116.500 Y49.960
G1 X119.220 Y47.620
G1 X119.520 Y47.420
G1 X119.840 Y47.260
G1 X120.180 Y47.200
G1 X120.540 Y47.180
G1 X120.880 Y47.240
G1 X121.200 Y47.380
G1 X121.500 Y47.560
G1 X121.760 Y47.800
G1 X122.140 Y48.240
G1 X122.380 Y48.620
G1 X122.480 Y49.080
G1 X122.440 Y49.540
G1 X122.260 Y49.960
G1 X122.040 Y50.320
G1 X121.880 Y50.720
G1 X121.760 Y51.140
G1 X121.700 Y51.560
G1 X121.680 Y51.980
G1 X121.720 Y52.400
G1 X121.800 Y52.820
G1 X121.940 Y53.240
G1 X122.120 Y53.620
G1 X122.340 Y53.980
G1 X122.620 Y54.320
G1 X122.920 Y54.620
G1 X123.260 Y54.880
G1 X123.620 Y55.100
G1 X124.020 Y55.260
G1 X124.420 Y55.400
G1 X124.840 Y55.480
G1 X125.280 Y55.500
G1 X125.700 Y55.480
G1 X126.120 Y55.400
G1 X126.540 Y55.280
G1 X126.920 Y55.100
G1 X127.300 Y54.880
G1 X127.640 Y54.620
G1 X133.080 Y49.940
G1 X133.400 Y49.640
G1 X133.660 Y49.300
G1 X133.900 Y48.940
G1 X134.080 Y48.560
G1 X134.220 Y48.160
G1 X134.300 Y47.740
G1 X134.340 Y47.300
G1 X134.320 Y46.880
G1 X134.260 Y46.460
G1 X134.160 Y46.040
G1 X133.980 Y45.640
G1 X133.780 Y45.280
G1 X133.540 Y44.920
G1 X133.240 Y44.620
G1 X132.920 Y44.340
G1 X132.560 Y44.100
G1 X132.180 Y43.900
G1 X131.780 Y43.760
G1 X131.360 Y43.660
G1 X130.940 Y43.600
G1 X130.520 Y43.620
G1 X130.080 Y43.660
G1 X129.680 Y43.760
G1 X129.280 Y43.920
G1 X128.820 Y44.040
G1 X128.380 Y44.000
G1 X127.940 Y43.840
G1 X127.600 Y43.540
G1 X127.220 Y43.120
G1 X127.020 Y42.820
G1 X126.880 Y42.500
G1 X126.800 Y42.160
G1 X126.800 Y41.800
G1 X126.860 Y41.460
G1 X126.980 Y41.120
G1 X127.160 Y40.820
G1 X127.420 Y40.580
G1 X130.140 Y38.220
G1 X131.660 Y38.560
G1 X133.580 Y37.900
G1 X135.540 Y37.460
G1 X137.540 Y37.240
G1 X139.160 Y37.180
G1 X139.580 Y37.600
G1 X139.950 Y37.950
G1 X140.480 Y38.430
G1 X140.940 Y38.830
G1 X141.400 Y39.220
G1 X141.850 Y39.610
G1 X142.250 Y39.950
G1 X142.700 Y40.360
G1 X143.080 Y40.720
G1 X143.440 Y41.080
G1 X143.760 Y41.420
G1 X144.040 Y41.740
G1 X144.240 Y41.990
G1 X144.480 Y42.340
G1 X144.640 Y42.600
G1 X144.800 Y42.890
G1 X144.930 Y43.210
G1 X145.000 Y43.510
G1 X145.070 Y43.210
G1 X145.200 Y42.890
G1 X145.360 Y42.600
G1 X145.520 Y42.340
G1 X145.710 Y42.060
G1 X145.960 Y41.740
G1 X146.240 Y41.420
G1 X146.560 Y41.080
G1 X146.920 Y40.720
G1 X147.300 Y40.360
G1 X147.720 Y39.980
G1 X148.150 Y39.610
G1 X148.600 Y39.220
G1 X149.060 Y38.830
G1 X149.520 Y38.430
G1 X149.940 Y38.060
G1 X150.420 Y37.600
G1 X150.840 Y37.180
M5

; --- path 22/70 (104 pts) ---
G0 X154.960 Y63.800
M3 S1000
F350
; warmup: fwd half / back to start, then cut at full power
G1 X154.760 Y65.840
G1 X154.692 Y66.704
G1 X154.760 Y65.840
G1 X154.960 Y63.800
G1 X154.760 Y65.840
G1 X154.600 Y67.880
G1 X154.500 Y69.920
G1 X154.440 Y71.960
G1 X154.460 Y74.000
G1 X154.520 Y76.040
G1 X154.660 Y78.080
G1 X154.840 Y80.100
G1 X155.060 Y82.140
G1 X155.340 Y84.160
G1 X155.680 Y86.180
G1 X156.040 Y88.180
G1 X156.440 Y90.180
G1 X156.880 Y92.180
G1 X157.340 Y94.160
G1 X157.820 Y95.300
G1 X158.580 Y98.820
G1 X158.700 Y99.160
G1 X158.860 Y99.460
G1 X159.100 Y99.720
G1 X159.380 Y99.940
G1 X159.680 Y100.100
G1 X160.020 Y100.200
G1 X160.380 Y100.240
G1 X160.720 Y100.200
G1 X161.280 Y100.080
G1 X161.720 Y99.900
G1 X162.060 Y99.620
G1 X162.300 Y99.220
G1 X162.420 Y98.780
G1 X162.480 Y98.360
G1 X162.580 Y97.940
G1 X162.740 Y97.540
G1 X162.940 Y97.160
G1 X163.180 Y96.820
G1 X163.460 Y96.500
G1 X163.780 Y96.220
G1 X164.140 Y95.960
G1 X164.520 Y95.760
G1 X164.920 Y95.620
G1 X165.340 Y95.520
G1 X165.760 Y95.460
G1 X166.180 Y95.460
G1 X166.600 Y95.500
G1 X167.020 Y95.600
G1 X167.420 Y95.740
G1 X167.800 Y95.940
G1 X168.160 Y96.180
G1 X168.500 Y96.440
G1 X168.780 Y96.760
G1 X169.040 Y97.100
G1 X169.240 Y97.480
G1 X169.400 Y97.880
G1 X169.520 Y98.280
G1 X171.040 Y105.320
G1 X171.120 Y105.740
G1 X171.120 Y106.180
G1 X171.100 Y106.600
G1 X171.000 Y107.020
G1 X170.880 Y107.420
G1 X170.700 Y107.800
G1 X170.460 Y108.180
G1 X170.200 Y108.500
G1 X169.900 Y108.800
G1 X169.560 Y109.060
G1 X169.180 Y109.280
G1 X168.800 Y109.460
G1 X168.380 Y109.580
G1 X167.960 Y109.660
G1 X167.540 Y109.680
G1 X167.120 Y109.660
G1 X166.700 Y109.580
G1 X166.280 Y109.460
G1 X165.900 Y109.280
G1 X165.520 Y109.080
G1 X165.180 Y108.820
G1 X164.880 Y108.520
G1 X164.600 Y108.180
G1 X164.380 Y107.820
G1 X164.100 Y107.460
G1 X163.720 Y107.200
G1 X163.260 Y107.080
G1 X162.820 Y107.100
G1 X162.260 Y107.220
G1 X161.920 Y107.340
G1 X161.600 Y107.500
G1 X161.340 Y107.740
G1 X161.120 Y108.020
G1 X160.960 Y108.320
G1 X160.860 Y108.660
G1 X160.840 Y109.020
G1 X160.880 Y109.380
G1 X161.640 Y112.880
G1 X161.000 Y114.200
G1 X160.900 Y116.240
G1 X160.620 Y118.260
G1 X160.160 Y120.240
G1 X159.480 Y122.180
G1 X158.620 Y124.020
G1 X157.580 Y125.780
G1 X156.400 Y127.440
G1 X155.100 Y129.020
G1 X153.700 Y130.500
M5

; --- path 23/70 (49 pts) ---
G0 X147.300 Y142.700
M3 S1000
F350
; warmup: fwd half / back to start, then cut at full power
G1 X146.940 Y142.900
G1 X146.540 Y143.100
G1 X146.140 Y143.300
G1 X145.740 Y143.300
G1 X145.340 Y143.500
G1 X144.940 Y143.500
G1 X144.577 Y143.500
G1 X144.940 Y143.500
G1 X145.340 Y143.500
G1 X145.740 Y143.300
G1 X146.140 Y143.300
G1 X146.540 Y143.100
G1 X146.940 Y142.900
G1 X147.300 Y142.700
G1 X146.940 Y142.900
G1 X146.540 Y143.100
G1 X146.140 Y143.300
G1 X145.740 Y143.300
G1 X145.340 Y143.500
G1 X144.940 Y143.500
G1 X144.540 Y143.500
G1 X144.140 Y143.500
G1 X143.740 Y143.500
G1 X143.340 Y143.500
G1 X142.940 Y143.500
G1 X142.540 Y143.500
G1 X142.140 Y143.500
G1 X141.740 Y143.300
G1 X141.340 Y143.100
G1 X140.280 Y144.900
G1 X139.440 Y146.740
G1 X139.320 Y147.030
G1 X138.860 Y147.100
G1 X138.460 Y147.300
G1 X138.060 Y147.500
G1 X137.660 Y147.700
G1 X137.250 Y148.100
G1 X136.850 Y148.500
G1 X136.450 Y148.900
G1 X136.250 Y149.300
G1 X135.850 Y149.700
G1 X135.650 Y150.100
G1 X135.450 Y150.500
G1 X135.450 Y150.900
G1 X135.250 Y151.300
G1 X135.250 Y151.700
G1 X135.250 Y152.100
G1 X135.050 Y152.500
G1 X135.050 Y152.900
G1 X135.050 Y153.300
G1 X135.050 Y153.700
G1 X135.050 Y154.100
G1 X135.250 Y154.500
G1 X135.250 Y154.900
G1 X135.450 Y155.300
G1 X135.450 Y155.700
G1 X135.650 Y156.100
G1 X135.850 Y156.500
G1 X136.050 Y156.900
G1 X136.250 Y157.300
G1 X136.650 Y157.700
G1 X136.920 Y157.980
M5

; --- path 24/70 (134 pts) ---
G0 X128.280 Y157.900
M3 S1000
F350
; warmup: fwd half / back to start, then cut at full power
G1 X128.280 Y157.500
G1 X128.280 Y157.100
G1 X128.280 Y156.700
G1 X128.280 Y156.300
G1 X128.280 Y155.900
G1 X128.280 Y155.500
G1 X128.280 Y155.100
G1 X128.280 Y154.983
G1 X128.280 Y155.100
G1 X128.280 Y155.500
G1 X128.280 Y155.900
G1 X128.280 Y156.300
G1 X128.280 Y156.700
G1 X128.280 Y157.100
G1 X128.280 Y157.500
G1 X128.280 Y157.900
G1 X128.280 Y157.500
G1 X128.280 Y157.100
G1 X128.280 Y156.700
G1 X128.280 Y156.300
G1 X128.280 Y155.900
G1 X128.280 Y155.500
G1 X128.280 Y155.100
G1 X128.280 Y154.700
G1 X128.280 Y154.300
G1 X128.280 Y153.900
G1 X128.280 Y153.500
G1 X128.280 Y153.100
G1 X128.280 Y152.700
G1 X128.280 Y152.300
G1 X128.280 Y151.900
G1 X128.280 Y151.500
G1 X127.890 Y151.500
G1 X127.690 Y151.900
G1 X127.290 Y152.300
G1 X126.890 Y152.700
G1 X126.690 Y153.100
G1 X126.290 Y153.500
G1 X126.090 Y153.900
G1 X125.690 Y154.300
G1 X125.490 Y154.700
G1 X125.090 Y155.100
G1 X124.690 Y155.500
G1 X124.490 Y155.900
G1 X124.090 Y156.300
G1 X123.890 Y156.700
G1 X123.490 Y157.100
G1 X123.290 Y157.500
G1 X122.890 Y157.900
G1 X122.490 Y158.300
G1 X122.290 Y158.700
G1 X121.890 Y159.100
G1 X121.690 Y159.500
G1 X121.290 Y159.700
G1 X120.890 Y159.700
G1 X120.490 Y159.700
G1 X120.090 Y159.700
G1 X119.680 Y159.300
G1 X119.480 Y158.900
G1 X119.480 Y158.500
G1 X119.480 Y158.100
G1 X119.480 Y157.700
G1 X119.480 Y157.300
G1 X119.480 Y156.900
G1 X119.480 Y156.500
G1 X119.480 Y156.100
G1 X119.480 Y155.700
G1 X119.480 Y155.300
G1 X119.480 Y154.900
G1 X119.480 Y154.500
G1 X119.480 Y154.100
G1 X119.480 Y153.700
G1 X119.480 Y153.300
G1 X119.480 Y152.900
G1 X119.480 Y152.500
G1 X119.480 Y152.100
G1 X119.480 Y151.700
G1 X119.480 Y151.300
G1 X119.480 Y150.900
G1 X119.480 Y150.500
G1 X119.480 Y150.100
G1 X119.480 Y149.700
G1 X119.480 Y149.300
G1 X119.480 Y148.900
G1 X119.480 Y148.500
G1 X119.480 Y148.100
G1 X119.480 Y147.700
G1 X119.680 Y147.300
G1 X119.880 Y146.900
G1 X120.280 Y146.900
G1 X120.680 Y146.900
G1 X121.080 Y146.900
G1 X121.490 Y147.100
G1 X121.690 Y147.500
G1 X121.690 Y147.900
G1 X121.690 Y148.300
G1 X121.690 Y148.700
G1 X121.690 Y149.100
G1 X121.690 Y149.500
G1 X121.690 Y149.900
G1 X121.690 Y150.300
G1 X121.690 Y150.700
G1 X121.690 Y151.100
G1 X121.690 Y151.500
G1 X121.690 Y151.900
G1 X121.690 Y152.300
G1 X121.690 Y152.700
G1 X121.690 Y153.100
G1 X121.690 Y153.500
G1 X121.690 Y153.900
G1 X121.690 Y154.300
G1 X121.690 Y154.700
G1 X121.690 Y155.100
G1 X122.080 Y155.100
G1 X122.280 Y154.700
G1 X122.680 Y154.300
G1 X123.080 Y153.900
G1 X123.280 Y153.500
G1 X123.680 Y153.100
G1 X123.880 Y152.700
G1 X124.280 Y152.300
G1 X124.480 Y151.900
G1 X124.880 Y151.500
G1 X125.280 Y151.100
G1 X125.480 Y150.700
G1 X125.880 Y150.300
G1 X126.080 Y149.900
G1 X126.480 Y149.500
G1 X126.680 Y149.100
G1 X127.080 Y148.700
G1 X127.480 Y148.300
G1 X127.680 Y147.900
G1 X128.080 Y147.500
G1 X128.280 Y147.100
G1 X128.680 Y146.900
G1 X129.080 Y146.900
G1 X129.480 Y146.900
G1 X129.880 Y146.900
G1 X130.290 Y147.300
G1 X130.490 Y147.700
G1 X130.490 Y148.100
G1 X130.490 Y148.500
G1 X130.490 Y148.900
G1 X130.490 Y149.300
G1 X130.490 Y149.700
G1 X130.490 Y150.100
G1 X130.490 Y150.500
G1 X130.490 Y150.900
G1 X130.490 Y151.560
M5

; --- path 25/70 (231 pts) ---
G0 X124.440 Y137.320
M3 S1000
F350
; warmup: fwd half / back to start, then cut at full power
G1 X124.260 Y136.900
G1 X124.060 Y136.500
G1 X123.860 Y136.100
G1 X123.660 Y135.700
G1 X123.660 Y135.340
G1 X123.460 Y135.100
G1 X123.261 Y134.701
G1 X123.460 Y135.100
G1 X123.660 Y135.340
G1 X123.660 Y135.700
G1 X123.860 Y136.100
G1 X124.060 Y136.500
G1 X124.260 Y136.900
G1 X124.440 Y137.320
G1 X124.260 Y136.900
G1 X124.060 Y136.500
G1 X123.860 Y136.100
G1 X123.660 Y135.700
G1 X123.660 Y135.340
G1 X123.460 Y135.100
G1 X123.260 Y134.700
G1 X123.060 Y134.300
G1 X123.060 Y133.940
G1 X122.860 Y133.700
G1 X122.660 Y133.300
G1 X122.460 Y132.900
G1 X122.460 Y132.540
G1 X122.260 Y132.300
G1 X122.060 Y131.900
G1 X122.060 Y131.540
G1 X122.060 Y131.100
G1 X122.220 Y130.700
G1 X122.460 Y130.500
G1 X122.820 Y130.500
G1 X123.220 Y130.500
G1 X123.620 Y130.500
G1 X123.870 Y130.700
G1 X124.070 Y131.100
G1 X124.270 Y131.500
G1 X124.470 Y131.900
G1 X124.670 Y132.300
G1 X124.870 Y132.700
G1 X124.870 Y133.100
G1 X125.270 Y133.500
G1 X125.620 Y133.500
G1 X126.020 Y133.500
G1 X126.420 Y133.500
G1 X126.820 Y133.500
G1 X127.220 Y133.500
G1 X127.620 Y133.500
G1 X128.020 Y133.500
G1 X128.420 Y133.500
G1 X128.820 Y133.500
G1 X129.220 Y133.500
G1 X129.620 Y133.500
G1 X130.020 Y133.500
G1 X130.420 Y133.500
G1 X130.820 Y133.100
G1 X130.820 Y132.700
G1 X131.020 Y132.300
G1 X131.220 Y131.900
G1 X131.420 Y131.500
G1 X131.620 Y131.100
G1 X131.820 Y130.700
G1 X132.060 Y130.500
G1 X132.420 Y130.500
G1 X132.820 Y130.500
G1 X133.220 Y130.500
G1 X133.470 Y130.700
G1 X133.620 Y131.100
G1 X133.670 Y131.500
G1 X133.620 Y131.900
G1 X133.420 Y132.140
G1 X133.270 Y132.460
G1 X133.220 Y132.900
G1 X133.020 Y133.300
G1 X132.820 Y133.540
G1 X132.670 Y133.860
G1 X132.620 Y134.300
G1 X132.420 Y134.540
G1 X132.270 Y134.860
G1 X133.180 Y135.000
G1 X135.180 Y134.960
G1 X137.180 Y135.060
G1 X137.140 Y135.500
G1 X137.140 Y135.900
G1 X136.940 Y136.300
G1 X136.940 Y136.700
G1 X136.940 Y137.100
G1 X136.940 Y137.500
G1 X137.140 Y137.900
G1 X137.140 Y138.300
G1 X137.140 Y138.700
G1 X137.340 Y139.100
G1 X137.540 Y139.500
G1 X137.740 Y139.900
G1 X137.940 Y140.300
G1 X138.140 Y140.700
G1 X138.340 Y141.100
G1 X138.600 Y141.360
G1 X138.940 Y141.700
G1 X139.340 Y142.100
G1 X139.740 Y142.300
G1 X140.140 Y142.500
G1 X140.540 Y142.900
G1 X140.940 Y143.100
G1 X140.540 Y142.900
G1 X140.140 Y142.500
G1 X139.740 Y142.300
G1 X139.340 Y142.100
G1 X138.940 Y141.700
G1 X138.600 Y141.360
G1 X137.060 Y142.680
G1 X135.620 Y144.100
G1 X134.280 Y145.600
G1 X133.040 Y147.200
G1 X131.920 Y148.880
G1 X130.920 Y150.660
G1 X130.490 Y151.560
G1 X130.490 Y151.900
G1 X130.490 Y152.300
G1 X130.490 Y152.700
G1 X130.490 Y153.100
G1 X130.490 Y153.500
G1 X130.490 Y153.900
G1 X130.490 Y154.300
G1 X130.490 Y154.700
G1 X130.490 Y155.100
G1 X130.490 Y155.500
G1 X130.490 Y155.900
G1 X130.490 Y156.300
G1 X130.490 Y156.700
G1 X130.490 Y157.100
G1 X130.490 Y157.500
G1 X130.490 Y157.900
G1 X130.490 Y158.300
G1 X130.490 Y158.700
G1 X130.490 Y159.100
G1 X130.290 Y159.500
G1 X129.890 Y159.700
G1 X129.490 Y159.700
G1 X129.090 Y159.700
G1 X128.690 Y159.700
G1 X128.480 Y159.300
G1 X128.280 Y158.900
G1 X128.280 Y158.500
G1 X128.280 Y158.100
G1 X127.780 Y160.220
G1 X127.460 Y162.220
G1 X127.220 Y164.220
G1 X127.060 Y166.240
G1 X126.980 Y168.260
G1 X126.920 Y170.280
G1 X126.940 Y172.320
G1 X126.980 Y174.340
G1 X126.880 Y174.940
G1 X127.100 Y177.920
G1 X127.080 Y178.220
G1 X126.900 Y178.780
G1 X126.720 Y179.020
G1 X126.260 Y179.360
G1 X125.980 Y179.480
G1 X125.220 Y179.560
G1 X124.840 Y179.520
G1 X124.500 Y179.360
G1 X124.200 Y179.120
G1 X124.020 Y178.780
G1 X123.880 Y178.460
G1 X123.700 Y178.140
G1 X123.480 Y177.860
G1 X123.220 Y177.620
G1 X122.940 Y177.380
G1 X122.640 Y177.200
G1 X122.320 Y177.040
G1 X121.980 Y176.940
G1 X121.640 Y176.860
G1 X121.280 Y176.840
G1 X120.920 Y176.840
G1 X120.580 Y176.900
G1 X120.220 Y177.000
G1 X119.900 Y177.140
G1 X119.580 Y177.320
G1 X119.300 Y177.520
G1 X119.040 Y177.760
G1 X118.820 Y178.040
G1 X118.620 Y178.340
G1 X118.460 Y178.660
G1 X118.340 Y178.980
G1 X118.260 Y179.340
G1 X118.220 Y179.680
G1 X118.220 Y180.040
G1 X118.640 Y186.020
G1 X118.680 Y186.380
G1 X118.760 Y186.720
G1 X118.900 Y187.060
G1 X119.060 Y187.380
G1 X119.260 Y187.660
G1 X119.500 Y187.940
G1 X119.760 Y188.180
G1 X120.060 Y188.380
G1 X120.380 Y188.540
G1 X120.700 Y188.680
G1 X121.040 Y188.760
G1 X121.400 Y188.820
G1 X121.760 Y188.820
G1 X122.120 Y188.780
G1 X122.460 Y188.700
G1 X122.800 Y188.580
G1 X123.120 Y188.420
G1 X123.420 Y188.240
G1 X123.680 Y188.000
G1 X123.920 Y187.740
G1 X124.140 Y187.460
G1 X124.320 Y187.140
G1 X124.460 Y186.820
G1 X124.560 Y186.480
G1 X124.700 Y186.120
G1 X124.940 Y185.820
G1 X125.260 Y185.620
G1 X125.640 Y185.540
G1 X126.120 Y185.500
G1 X126.700 Y185.580
G1 X127.200 Y185.880
G1 X127.560 Y186.340
G1 X127.720 Y186.900
G1 X127.920 Y189.900
G1 X128.000 Y190.480
G1 X128.140 Y192.500
G1 X128.260 Y194.520
G1 X128.380 Y196.540
G1 X128.480 Y198.560
G1 X128.560 Y200.580
G1 X128.600 Y202.600
G1 X128.620 Y204.620
G1 X128.600 Y206.640
G1 X128.560 Y208.660
G1 X128.480 Y210.680
G1 X128.360 Y212.700
G1 X128.180 Y214.720
G1 X127.980 Y216.740
G1 X127.700 Y218.740
G1 X127.380 Y220.740
G1 X127.020 Y222.720
G1 X126.600 Y224.700
M5

; --- path 26/70 (752 pts) ---
G0 X159.200 Y225.560
M3 S1000
F350
; warmup: fwd half / back to start, then cut at full power
G1 X158.820 Y223.560
G1 X158.629 Y222.700
G1 X158.820 Y223.560
G1 X159.200 Y225.560
G1 X158.820 Y223.560
G1 X158.380 Y221.580
G1 X157.920 Y219.620
G1 X157.400 Y217.640
G1 X156.840 Y215.700
G1 X156.220 Y213.760
G1 X155.580 Y211.840
G1 X154.920 Y209.920
G1 X154.200 Y208.020
G1 X153.480 Y206.120
G1 X152.720 Y204.240
G1 X151.940 Y202.380
G1 X151.140 Y200.500
G1 X150.320 Y198.660
G1 X149.480 Y196.800
G1 X148.640 Y194.960
G1 X147.780 Y193.100
G1 X147.200 Y192.120
G1 X145.760 Y188.820
G1 X145.580 Y188.520
G1 X145.340 Y188.240
G1 X145.080 Y188.020
G1 X144.760 Y187.860
G1 X144.420 Y187.780
G1 X144.060 Y187.740
G1 X143.720 Y187.780
G1 X143.380 Y187.900
G1 X142.860 Y188.120
G1 X142.480 Y188.380
G1 X142.180 Y188.740
G1 X142.020 Y189.160
G1 X142.000 Y189.620
G1 X142.040 Y190.060
G1 X142.020 Y190.480
G1 X141.940 Y190.900
G1 X141.820 Y191.300
G1 X141.640 Y191.700
G1 X141.440 Y192.080
G1 X141.180 Y192.420
G1 X140.880 Y192.720
G1 X140.540 Y193.000
G1 X140.180 Y193.220
G1 X139.800 Y193.400
G1 X139.400 Y193.540
G1 X138.980 Y193.640
G1 X138.560 Y193.680
G1 X138.120 Y193.660
G1 X137.700 Y193.600
G1 X137.280 Y193.480
G1 X136.900 Y193.320
G1 X136.520 Y193.120
G1 X136.180 Y192.880
G1 X135.860 Y192.580
G1 X135.580 Y192.260
G1 X135.340 Y191.900
G1 X135.140 Y191.520
G1 X132.240 Y184.940
G1 X132.100 Y184.540
G1 X132.000 Y184.120
G1 X131.940 Y183.700
G1 X131.940 Y183.260
G1 X132.000 Y182.840
G1 X132.100 Y182.420
G1 X132.240 Y182.020
G1 X132.440 Y181.640
G1 X132.680 Y181.300
G1 X132.960 Y180.960
G1 X133.280 Y180.680
G1 X133.620 Y180.440
G1 X134.000 Y180.220
G1 X134.400 Y180.060
G1 X134.800 Y179.960
G1 X135.240 Y179.900
G1 X135.660 Y179.880
G1 X136.080 Y179.920
G1 X136.500 Y180.020
G1 X136.900 Y180.160
G1 X137.300 Y180.340
G1 X137.660 Y180.580
G1 X137.980 Y180.840
G1 X138.280 Y181.160
G1 X138.620 Y181.460
G1 X139.060 Y181.620
G1 X139.520 Y181.660
G1 X139.960 Y181.540
G1 X140.480 Y181.300
G1 X140.780 Y181.140
G1 X141.060 Y180.900
G1 X141.260 Y180.620
G1 X141.420 Y180.320
G1 X141.520 Y179.980
G1 X141.560 Y179.620
G1 X141.500 Y179.280
G1 X141.400 Y178.940
G1 X139.940 Y175.640
G1 X139.820 Y174.460
G1 X139.180 Y172.520
G1 X138.600 Y170.580
G1 X138.100 Y168.620
G1 X137.660 Y166.640
G1 X137.320 Y164.640
G1 X137.060 Y162.620
G1 X136.920 Y160.600
G1 X136.900 Y158.560
G1 X136.920 Y157.980
G1 X137.250 Y158.300
G1 X137.650 Y158.700
G1 X138.050 Y158.900
G1 X138.450 Y159.100
G1 X138.850 Y159.300
G1 X139.250 Y159.300
G1 X139.650 Y159.500
G1 X140.050 Y159.700
G1 X140.450 Y159.700
G1 X140.850 Y159.700
G1 X141.250 Y159.700
G1 X141.650 Y159.700
G1 X142.050 Y159.700
G1 X142.450 Y159.700
G1 X142.850 Y159.700
G1 X143.250 Y159.700
G1 X143.660 Y159.500
G1 X144.050 Y159.500
G1 X144.450 Y159.300
G1 X144.860 Y159.100
G1 X145.260 Y158.900
G1 X145.460 Y158.500
G1 X145.460 Y158.100
G1 X145.460 Y157.700
G1 X145.060 Y157.300
G1 X144.660 Y157.100
G1 X144.260 Y157.100
G1 X143.860 Y157.100
G1 X143.450 Y157.300
G1 X143.050 Y157.500
G1 X142.660 Y157.500
G1 X142.260 Y157.500
G1 X141.860 Y157.500
G1 X141.460 Y157.500
G1 X141.060 Y157.500
G1 X140.660 Y157.500
G1 X140.260 Y157.300
G1 X139.860 Y157.100
G1 X139.460 Y156.900
G1 X139.060 Y156.700
G1 X138.660 Y156.300
G1 X138.260 Y155.900
G1 X138.060 Y155.500
G1 X137.860 Y155.100
G1 X137.660 Y154.700
G1 X137.660 Y154.300
G1 X137.660 Y153.900
G1 X137.460 Y153.500
G1 X137.580 Y152.580
G1 X137.660 Y152.240
G1 X137.840 Y151.520
G1 X138.060 Y151.100
G1 X138.260 Y150.700
G1 X138.460 Y150.300
G1 X138.860 Y149.900
G1 X139.260 Y149.500
G1 X139.660 Y149.300
G1 X140.060 Y149.100
G1 X140.460 Y148.900
G1 X140.850 Y148.900
G1 X141.250 Y148.900
G1 X141.650 Y148.900
G1 X142.050 Y148.900
G1 X142.450 Y148.900
G1 X142.850 Y148.900
G1 X143.250 Y149.100
G1 X143.650 Y149.300
G1 X144.050 Y149.300
G1 X144.450 Y149.300
G1 X144.850 Y149.300
G1 X145.260 Y148.900
G1 X145.460 Y148.500
G1 X145.460 Y148.100
G1 X145.260 Y147.700
G1 X145.060 Y147.300
G1 X144.660 Y147.100
G1 X144.260 Y147.100
G1 X143.860 Y146.900
G1 X143.460 Y146.700
G1 X143.060 Y146.700
G1 X142.660 Y146.700
G1 X142.260 Y146.700
G1 X141.860 Y146.700
G1 X141.460 Y146.700
G1 X141.060 Y146.700
G1 X140.660 Y146.700
G1 X140.260 Y146.700
G1 X139.850 Y146.900
G1 X139.460 Y146.900
G1 X140.280 Y144.900
G1 X141.200 Y143.100
G1 X141.540 Y143.300
G1 X141.940 Y143.300
G1 X142.340 Y143.500
G1 X142.740 Y143.500
G1 X143.140 Y143.500
G1 X143.540 Y143.500
G1 X143.940 Y143.500
G1 X144.340 Y143.500
G1 X144.740 Y143.500
G1 X145.140 Y143.500
G1 X145.540 Y143.500
G1 X145.940 Y143.300
G1 X146.340 Y143.100
G1 X146.740 Y143.100
G1 X147.140 Y142.700
G1 X147.540 Y142.300
G1 X147.540 Y141.900
G1 X147.540 Y141.500
G1 X147.340 Y141.100
G1 X146.940 Y140.900
G1 X146.540 Y140.900
G1 X146.140 Y140.900
G1 X145.740 Y140.900
G1 X145.340 Y141.100
G1 X144.940 Y141.300
G1 X144.540 Y141.300
G1 X144.140 Y141.300
G1 X143.740 Y141.300
G1 X143.340 Y141.300
G1 X142.940 Y141.300
G1 X142.540 Y141.100
G1 X142.140 Y141.100
G1 X141.740 Y140.900
G1 X141.340 Y140.500
G1 X140.940 Y140.300
G1 X140.540 Y139.900
G1 X140.340 Y139.500
G1 X139.940 Y139.100
G1 X139.740 Y138.700
G1 X139.740 Y138.300
G1 X139.540 Y137.900
G1 X139.540 Y137.500
G1 X139.340 Y137.100
G1 X139.340 Y136.700
G1 X139.540 Y136.300
G1 X139.540 Y135.900
G1 X139.740 Y135.500
G1 X139.740 Y135.100
G1 X139.940 Y134.700
G1 X140.340 Y134.300
G1 X140.540 Y133.900
G1 X140.940 Y133.500
G1 X141.340 Y133.300
G1 X141.740 Y132.900
G1 X142.140 Y132.700
G1 X142.540 Y132.700
G1 X142.940 Y132.500
G1 X143.340 Y132.500
G1 X143.740 Y132.500
G1 X144.140 Y132.500
G1 X144.540 Y132.500
G1 X144.940 Y132.500
G1 X145.340 Y132.500
G1 X145.740 Y132.700
G1 X145.940 Y133.100
G1 X145.940 Y133.500
G1 X145.940 Y133.900
G1 X145.940 Y134.300
G1 X145.940 Y134.700
G1 X145.940 Y135.100
G1 X145.540 Y135.300
G1 X145.140 Y135.300
G1 X144.740 Y135.300
G1 X144.340 Y135.300
G1 X143.940 Y135.300
G1 X143.540 Y135.300
G1 X143.140 Y135.700
G1 X143.140 Y136.100
G1 X143.140 Y136.500
G1 X143.140 Y136.900
G1 X143.540 Y137.300
G1 X143.940 Y137.300
G1 X144.340 Y137.300
G1 X144.740 Y137.300
G1 X145.140 Y137.300
G1 X145.540 Y137.300
G1 X145.940 Y137.300
G1 X146.340 Y137.300
G1 X146.740 Y137.300
G1 X147.140 Y137.300
G1 X147.540 Y137.300
G1 X147.940 Y137.300
G1 X148.360 Y137.720
G1 X148.600 Y137.480
G1 X148.740 Y137.160
G1 X148.910 Y136.870
G1 X148.940 Y134.531
G1 X150.640 Y133.200
G1 X152.200 Y131.900
G1 X153.040 Y131.100
G1 X153.240 Y130.700
G1 X153.640 Y130.500
G1 X154.040 Y130.500
G1 X154.440 Y130.500
G1 X154.840 Y130.500
G1 X155.050 Y130.900
G1 X155.250 Y131.300
G1 X155.250 Y131.700
G1 X155.250 Y132.100
G1 X155.250 Y132.500
G1 X155.250 Y132.900
G1 X155.250 Y133.300
G1 X155.250 Y133.700
G1 X155.250 Y134.100
G1 X155.250 Y134.500
G1 X155.250 Y134.900
G1 X155.250 Y135.300
G1 X155.250 Y135.700
G1 X155.250 Y136.100
G1 X155.250 Y136.500
G1 X155.250 Y136.900
G1 X155.250 Y137.300
G1 X155.250 Y137.700
G1 X155.250 Y138.100
G1 X155.250 Y138.500
G1 X155.440 Y138.900
G1 X155.840 Y138.500
G1 X156.040 Y138.100
G1 X156.440 Y137.700
G1 X156.640 Y137.300
G1 X156.920 Y137.020
G1 X157.240 Y136.700
G1 X157.440 Y136.300
G1 X157.840 Y135.900
G1 X158.040 Y135.500
G1 X158.440 Y135.100
G1 X158.840 Y134.700
G1 X159.040 Y134.300
G1 X159.440 Y133.900
G1 X159.640 Y133.500
G1 X160.040 Y133.100
G1 X160.240 Y132.700
G1 X160.640 Y132.300
G1 X161.040 Y131.900
G1 X161.240 Y131.500
G1 X161.640 Y131.100
G1 X161.840 Y130.700
G1 X162.240 Y130.500
G1 X162.640 Y130.500
G1 X163.040 Y130.500
G1 X163.440 Y130.500
G1 X163.850 Y130.900
G1 X164.050 Y131.300
G1 X164.050 Y131.700
G1 X164.050 Y132.100
G1 X164.050 Y132.500
G1 X164.050 Y132.900
G1 X164.050 Y133.300
G1 X164.050 Y133.700
G1 X164.050 Y134.100
G1 X164.050 Y134.500
G1 X164.050 Y134.900
G1 X164.050 Y135.300
G1 X164.050 Y135.700
G1 X164.050 Y136.100
G1 X164.050 Y136.500
G1 X164.050 Y136.900
G1 X164.050 Y137.300
G1 X164.050 Y137.700
G1 X164.050 Y138.100
G1 X164.050 Y138.500
G1 X164.050 Y138.900
G1 X164.050 Y139.300
G1 X164.050 Y139.700
G1 X164.050 Y140.100
G1 X164.050 Y140.500
G1 X164.050 Y140.900
G1 X164.050 Y141.300
G1 X164.050 Y141.700
G1 X164.050 Y142.100
G1 X164.050 Y142.500
G1 X163.950 Y142.800
G1 X164.920 Y142.860
G1 X166.960 Y142.840
G1 X169.000 Y142.680
G1 X171.020 Y142.380
G1 X171.410 Y142.700
G1 X171.740 Y142.900
G1 X172.140 Y143.100
G1 X172.610 Y143.300
G1 X172.940 Y143.300
G1 X173.210 Y143.500
G1 X173.540 Y143.500
G1 X173.940 Y143.500
G1 X174.340 Y143.500
G1 X174.740 Y143.500
G1 X175.140 Y143.500
G1 X175.540 Y143.500
G1 X175.940 Y143.500
G1 X176.340 Y143.500
G1 X176.740 Y143.300
G1 X177.140 Y143.300
G1 X177.410 Y143.100
G1 X177.820 Y142.900
G1 X178.220 Y142.700
G1 X178.540 Y142.500
G1 X178.820 Y142.300
G1 X179.220 Y141.900
G1 X179.540 Y141.700
G1 X179.820 Y141.300
G1 X180.140 Y140.900
G1 X180.340 Y140.500
G1 X180.540 Y140.100
G1 X180.740 Y139.700
G1 X180.940 Y139.300
G1 X180.940 Y138.980
G1 X182.440 Y138.040
G1 X184.220 Y137.020
G1 X185.820 Y136.060
G1 X185.820 Y136.500
G1 X185.820 Y136.900
G1 X185.820 Y137.300
G1 X185.820 Y137.700
G1 X185.820 Y138.100
G1 X185.820 Y138.500
G1 X185.820 Y138.900
G1 X185.820 Y139.300
G1 X185.820 Y139.700
G1 X185.820 Y140.100
G1 X185.820 Y140.500
G1 X185.820 Y140.900
G1 X185.820 Y141.300
G1 X185.820 Y141.700
G1 X185.820 Y142.100
G1 X186.020 Y142.500
G1 X186.020 Y142.900
G1 X186.420 Y143.300
G1 X186.820 Y143.300
G1 X187.220 Y143.300
G1 X187.620 Y143.300
G1 X188.030 Y143.100
G1 X188.230 Y142.700
G1 X188.230 Y142.300
G1 X188.230 Y141.900
G1 X188.230 Y141.500
G1 X188.230 Y141.100
G1 X188.230 Y140.700
G1 X188.230 Y140.300
G1 X188.230 Y139.900
G1 X188.230 Y139.500
G1 X188.230 Y139.100
G1 X188.230 Y138.700
G1 X188.230 Y138.300
G1 X188.230 Y137.900
G1 X188.230 Y137.500
G1 X188.230 Y137.100
G1 X188.230 Y136.700
G1 X188.230 Y136.300
G1 X188.230 Y135.900
G1 X188.230 Y135.500
G1 X188.230 Y135.100
G1 X188.230 Y134.700
G1 X189.420 Y133.780
G1 X191.120 Y132.660
G1 X191.420 Y132.500
G1 X191.820 Y132.500
G1 X192.220 Y132.500
G1 X192.620 Y132.500
G1 X193.020 Y132.500
G1 X193.420 Y132.500
G1 X193.820 Y132.500
G1 X194.030 Y132.100
G1 X194.230 Y131.700
G1 X194.230 Y131.300
G1 X194.030 Y130.900
G1 X193.830 Y130.500
G1 X193.430 Y130.500
G1 X193.030 Y130.500
G1 X192.630 Y130.500
G1 X192.230 Y130.500
G1 X191.830 Y130.500
G1 X191.430 Y130.500
G1 X191.030 Y130.500
G1 X190.630 Y130.500
G1 X190.230 Y130.500
G1 X189.830 Y130.500
G1 X189.430 Y130.500
G1 X189.030 Y130.500
G1 X188.630 Y130.500
G1 X188.230 Y130.500
G1 X187.830 Y130.500
G1 X187.430 Y130.500
G1 X187.030 Y130.500
G1 X186.630 Y130.500
G1 X186.220 Y130.700
G1 X186.020 Y131.100
G1 X185.820 Y131.500
G1 X185.820 Y131.900
G1 X185.820 Y132.300
G1 X185.820 Y132.700
G1 X185.820 Y133.100
G1 X185.820 Y133.500
G1 X185.820 Y133.900
G1 X185.820 Y134.300
G1 X185.820 Y134.700
G1 X185.820 Y135.100
G1 X185.820 Y135.500
G1 X185.820 Y135.900
G1 X184.220 Y137.020
G1 X182.440 Y138.040
G1 X181.020 Y138.780
G1 X181.140 Y138.500
G1 X181.140 Y138.100
G1 X181.140 Y137.780
G1 X181.220 Y137.300
G1 X181.220 Y136.900
G1 X181.220 Y136.500
G1 X181.220 Y136.100
G1 X181.140 Y135.700
G1 X181.140 Y135.300
G1 X181.020 Y134.900
G1 X180.940 Y134.500
G1 X180.740 Y134.220
G1 X180.620 Y133.900
G1 X180.420 Y133.580
G1 X180.220 Y133.180
G1 X179.940 Y132.700
G1 X179.620 Y132.300
G1 X179.340 Y131.900
G1 X179.020 Y131.700
G1 X178.620 Y131.300
G1 X178.340 Y131.100
G1 X178.020 Y130.900
G1 X177.620 Y130.700
G1 X177.140 Y130.500
G1 X176.820 Y130.500
G1 X176.540 Y130.300
G1 X176.220 Y130.300
G1 X175.820 Y130.300
G1 X175.420 Y130.300
G1 X175.020 Y130.300
G1 X174.620 Y130.300
G1 X174.220 Y130.300
G1 X173.820 Y130.300
G1 X173.420 Y130.300
G1 X173.010 Y130.500
G1 X172.620 Y130.500
G1 X172.340 Y130.700
G1 X171.940 Y130.900
G1 X171.540 Y131.100
G1 X171.210 Y131.300
G1 X170.940 Y131.500
G1 X170.540 Y131.900
G1 X170.210 Y132.100
G1 X169.940 Y132.500
G1 X169.610 Y132.900
G1 X169.410 Y133.300
G1 X169.210 Y133.700
G1 X169.010 Y134.100
G1 X168.810 Y134.500
G1 X168.810 Y134.830
G1 X168.740 Y135.170
G1 X168.610 Y135.500
G1 X168.610 Y135.900
G1 X168.540 Y136.300
G1 X168.540 Y136.700
G1 X168.540 Y137.100
G1 X168.540 Y137.500
G1 X168.610 Y137.900
G1 X168.610 Y138.300
G1 X168.740 Y138.630
G1 X168.810 Y138.970
G1 X168.810 Y139.300
G1 X169.010 Y139.570
G1 X169.140 Y139.900
G1 X169.340 Y140.230
G1 X169.540 Y140.630
G1 X169.810 Y141.100
G1 X170.140 Y141.500
G1 X170.410 Y141.900
G1 X170.740 Y142.100
G1 X171.020 Y142.380
G1 X169.000 Y142.680
G1 X166.960 Y142.840
G1 X164.920 Y142.860
G1 X163.950 Y142.800
G1 X163.850 Y143.100
G1 X163.450 Y143.300
G1 X163.050 Y143.300
G1 X162.650 Y143.300
G1 X162.250 Y143.300
G1 X162.040 Y142.900
G1 X161.840 Y142.600
G1 X160.840 Y142.480
G1 X158.840 Y142.080
G1 X156.860 Y141.580
G1 X156.490 Y141.460
G1 X156.250 Y141.700
G1 X156.050 Y142.100
G1 X155.650 Y142.500
G1 X155.450 Y142.900
G1 X155.050 Y143.300
G1 X154.650 Y143.300
G1 X154.250 Y143.300
G1 X153.850 Y143.300
G1 X153.440 Y143.100
G1 X153.040 Y142.700
G1 X153.040 Y142.300
G1 X153.040 Y141.900
G1 X153.040 Y141.500
G1 X153.040 Y141.100
G1 X153.040 Y140.700
G1 X153.040 Y140.300
G1 X151.100 Y139.480
G1 X149.240 Y138.620
G1 X147.940 Y137.300
G1 X147.540 Y137.300
G1 X147.410 Y137.020
G1 X147.570 Y136.730
G1 X147.740 Y136.460
G1 X147.740 Y134.960
G1 X147.830 Y134.640
G1 X148.340 Y134.220
G1 X148.340 Y134.700
G1 X148.940 Y134.530
G1 X148.340 Y134.960
G1 X148.340 Y134.500
G1 X148.340 Y134.100
G1 X148.340 Y133.700
G1 X148.340 Y133.300
G1 X148.340 Y132.900
G1 X148.340 Y132.500
G1 X148.340 Y132.100
G1 X148.140 Y131.700
G1 X147.940 Y131.300
G1 X147.540 Y131.100
G1 X147.140 Y130.900
G1 X146.740 Y130.700
G1 X146.380 Y130.700
G1 X146.140 Y130.500
G1 X145.740 Y130.500
G1 X145.340 Y130.300
G1 X144.940 Y130.300
G1 X144.540 Y130.300
G1 X144.140 Y130.300
G1 X143.740 Y130.300
G1 X143.340 Y130.300
G1 X142.940 Y130.300
G1 X142.540 Y130.300
G1 X142.140 Y130.300
G1 X141.860 Y130.500
G1 X140.680 Y128.920
G1 X139.320 Y127.440
G1 X137.860 Y126.060
G1 X136.300 Y124.840
G1 X134.600 Y123.760
G1 X132.820 Y122.860
G1 X130.940 Y122.140
G1 X129.020 Y121.620
G1 X127.060 Y121.240
G1 X125.060 Y121.020
G1 X123.060 Y120.960
G1 X121.060 Y120.980
G1 X119.060 Y121.120
G1 X117.080 Y121.320
G1 X115.080 Y121.600
G1 X114.560 Y121.540
G1 X111.620 Y122.160
G1 X111.320 Y122.180
G1 X110.760 Y122.080
G1 X110.260 Y121.760
G1 X109.940 Y121.260
G1 X109.760 Y120.520
G1 X109.740 Y120.140
G1 X109.840 Y119.760
G1 X110.060 Y119.460
G1 X110.360 Y119.220
G1 X110.660 Y119.040
G1 X110.940 Y118.820
G1 X111.200 Y118.560
G1 X111.420 Y118.280
G1 X111.600 Y117.980
G1 X111.740 Y117.640
G1 X111.840 Y117.300
G1 X111.920 Y116.960
G1 X111.940 Y116.600
G1 X111.920 Y116.240
G1 X111.860 Y115.900
G1 X111.760 Y115.560
G1 X111.620 Y115.220
G1 X111.440 Y114.920
G1 X111.220 Y114.640
G1 X110.980 Y114.380
G1 X110.700 Y114.160
G1 X110.400 Y113.960
G1 X110.080 Y113.800
G1 X109.740 Y113.680
G1 X109.400 Y113.620
G1 X109.040 Y113.580
G1 X108.680 Y113.580
G1 X108.340 Y113.640
G1 X102.460 Y114.860
G1 X102.120 Y114.940
G1 X101.780 Y115.080
G1 X101.460 Y115.240
G1 X101.180 Y115.460
G1 X100.920 Y115.700
G1 X100.680 Y115.960
G1 X100.480 Y116.260
G1 X100.320 Y116.580
G1 X100.200 Y116.920
G1 X100.120 Y117.260
G1 X100.060 Y117.620
G1 X100.060 Y117.960
G1 X100.120 Y118.320
G1 X100.200 Y118.660
G1 X100.320 Y119.000
G1 X100.480 Y119.320
G1 X100.680 Y119.620
G1 X100.920 Y119.880
G1 X101.180 Y120.120
G1 X101.460 Y120.320
G1 X101.780 Y120.500
G1 X102.100 Y120.640
G1 X102.460 Y120.720
G1 X102.800 Y120.780
G1 X103.180 Y120.880
G1 X103.500 Y121.080
G1 X103.740 Y121.380
G1 X103.880 Y121.740
G1 X103.980 Y122.200
G1 X104.000 Y122.500
G1 X103.900 Y123.060
G1 X103.580 Y123.560
G1 X103.340 Y123.740
G1 X102.800 Y123.960
G1 X99.860 Y124.580
G1 X99.360 Y124.680
G1 X97.400 Y125.060
G1 X95.440 Y125.420
G1 X93.460 Y125.760
G1 X91.480 Y126.040
G1 X89.500 Y126.300
G1 X87.500 Y126.520
G1 X85.500 Y126.700
G1 X83.520 Y126.840
G1 X81.500 Y126.900
G1 X79.500 Y126.900
G1 X77.500 Y126.860
G1 X75.500 Y126.760
G1 X73.520 Y126.600
G1 X71.520 Y126.340
G1 X69.540 Y126.020
G1 X67.580 Y125.640
G1 X65.620 Y125.220
M5

; --- path 27/70 (122 pts) ---
G0 X78.960 Y137.700
M3 S1000
F350
; warmup: fwd half / back to start, then cut at full power
G1 X79.160 Y138.100
G1 X79.160 Y138.500
G1 X79.360 Y138.900
G1 X79.360 Y139.300
G1 X79.560 Y139.700
G1 X79.760 Y140.100
G1 X79.907 Y140.393
G1 X79.760 Y140.100
G1 X79.560 Y139.700
G1 X79.360 Y139.300
G1 X79.360 Y138.900
G1 X79.160 Y138.500
G1 X79.160 Y138.100
G1 X78.960 Y137.700
G1 X79.160 Y138.100
G1 X79.160 Y138.500
G1 X79.360 Y138.900
G1 X79.360 Y139.300
G1 X79.560 Y139.700
G1 X79.760 Y140.100
G1 X79.960 Y140.500
G1 X80.160 Y140.900
G1 X80.560 Y141.300
G1 X80.960 Y141.700
G1 X81.360 Y142.100
G1 X81.760 Y142.300
G1 X82.160 Y142.500
G1 X82.560 Y142.700
G1 X82.960 Y142.900
G1 X83.360 Y143.100
G1 X83.760 Y143.100
G1 X84.160 Y143.300
G1 X84.560 Y143.300
G1 X84.960 Y143.300
G1 X85.360 Y143.300
G1 X85.760 Y143.300
G1 X86.160 Y143.300
G1 X86.560 Y143.300
G1 X86.960 Y143.300
G1 X87.360 Y143.300
G1 X87.760 Y143.100
G1 X88.160 Y142.900
G1 X88.560 Y142.900
G1 X88.960 Y142.700
G1 X89.160 Y142.300
G1 X89.360 Y141.900
G1 X89.360 Y141.500
G1 X89.160 Y141.100
G1 X88.760 Y140.700
G1 X88.360 Y140.700
G1 X87.960 Y140.700
G1 X87.560 Y140.700
G1 X87.160 Y140.900
G1 X86.760 Y141.100
G1 X86.360 Y141.100
G1 X85.960 Y141.100
G1 X85.560 Y141.100
G1 X85.160 Y141.100
G1 X84.760 Y141.100
G1 X84.360 Y141.100
G1 X83.960 Y140.900
G1 X83.560 Y140.700
G1 X83.160 Y140.500
G1 X82.760 Y140.100
G1 X82.360 Y139.700
G1 X82.160 Y139.300
G1 X81.960 Y138.900
G1 X81.760 Y138.500
G1 X81.560 Y138.100
G1 X81.560 Y137.700
G1 X81.360 Y137.300
G1 X81.360 Y136.900
G1 X81.360 Y136.500
G1 X81.560 Y136.100
G1 X81.560 Y135.700
G1 X81.560 Y135.300
G1 X81.760 Y134.900
G1 X81.960 Y134.500
G1 X82.160 Y134.100
G1 X82.560 Y133.700
G1 X82.960 Y133.300
G1 X83.360 Y133.100
G1 X83.760 Y132.900
G1 X84.160 Y132.700
G1 X84.560 Y132.500
G1 X84.960 Y132.500
G1 X85.360 Y132.500
G1 X85.760 Y132.500
G1 X86.160 Y132.500
G1 X86.560 Y132.500
G1 X86.960 Y132.500
G1 X87.360 Y132.700
G1 X87.760 Y132.900
G1 X88.160 Y132.900
G1 X88.560 Y132.900
G1 X88.960 Y132.700
G1 X89.360 Y132.300
G1 X89.360 Y131.900
G1 X89.360 Y131.500
G1 X89.160 Y131.100
G1 X88.760 Y130.900
G1 X88.360 Y130.700
G1 X87.960 Y130.500
G1 X87.560 Y130.500
G1 X87.160 Y130.300
G1 X86.760 Y130.300
G1 X86.360 Y130.300
G1 X85.960 Y130.300
G1 X85.560 Y130.300
G1 X85.160 Y130.300
G1 X84.760 Y130.300
G1 X84.360 Y130.300
G1 X83.960 Y130.300
G1 X83.560 Y130.500
G1 X83.160 Y130.700
G1 X82.760 Y130.700
G1 X82.360 Y130.900
G1 X81.960 Y131.100
G1 X81.560 Y131.300
G1 X81.160 Y131.700
G1 X80.760 Y132.100
G1 X80.360 Y132.500
G1 X80.160 Y132.900
G1 X79.760 Y133.300
G1 X79.560 Y133.700
G1 X79.360 Y134.100
G1 X79.360 Y134.500
G1 X79.160 Y134.900
G1 X79.160 Y135.300
G1 X79.160 Y135.700
G1 X78.960 Y136.100
G1 X78.960 Y136.500
G1 X78.960 Y136.900
G1 X78.960 Y137.300
G1 X78.960 Y137.700
M5

; --- path 28/70 (119 pts) ---
G0 X92.520 Y131.500
M3 S1000
F350
; warmup: fwd half / back to start, then cut at full power
G1 X92.570 Y131.900
G1 X92.770 Y132.140
G1 X92.920 Y132.460
G1 X92.970 Y132.900
G1 X93.170 Y133.300
G1 X93.370 Y133.540
G1 X93.520 Y133.860
G1 X93.553 Y134.150
G1 X93.520 Y133.860
G1 X93.370 Y133.540
G1 X93.170 Y133.300
G1 X92.970 Y132.900
G1 X92.920 Y132.460
G1 X92.770 Y132.140
G1 X92.570 Y131.900
G1 X92.520 Y131.500
G1 X92.570 Y131.900
G1 X92.770 Y132.140
G1 X92.920 Y132.460
G1 X92.970 Y132.900
G1 X93.170 Y133.300
G1 X93.370 Y133.540
G1 X93.520 Y133.860
G1 X93.570 Y134.300
G1 X93.770 Y134.540
G1 X93.920 Y134.860
G1 X94.030 Y135.160
G1 X94.170 Y135.500
G1 X94.320 Y135.860
G1 X94.430 Y136.160
G1 X94.570 Y136.500
G1 X94.770 Y136.900
G1 X94.920 Y137.260
G1 X95.030 Y137.560
G1 X95.170 Y137.900
G1 X95.320 Y138.260
G1 X95.430 Y138.560
G1 X95.570 Y138.900
G1 X95.770 Y139.140
G1 X95.770 Y139.500
G1 X95.970 Y139.740
G1 X96.120 Y140.060
G1 X96.230 Y140.360
G1 X96.370 Y140.700
G1 X96.520 Y141.060
G1 X96.630 Y141.360
G1 X96.770 Y141.700
G1 X96.970 Y141.940
G1 X96.970 Y142.300
G1 X97.170 Y142.540
G1 X97.320 Y142.860
G1 X97.520 Y143.100
G1 X97.770 Y143.300
G1 X98.120 Y143.300
G1 X98.370 Y143.500
G1 X98.720 Y143.300
G1 X99.180 Y143.100
G1 X99.380 Y142.860
G1 X99.530 Y142.540
G1 X99.730 Y142.300
G1 X99.730 Y141.940
G1 X99.930 Y141.700
G1 X100.050 Y141.380
G1 X100.180 Y141.100
G1 X100.330 Y140.700
G1 X100.450 Y140.380
G1 X100.580 Y140.100
G1 X100.730 Y139.740
G1 X100.930 Y139.500
G1 X100.930 Y139.140
G1 X101.130 Y138.900
G1 X101.250 Y138.580
G1 X101.380 Y138.300
G1 X101.530 Y137.900
G1 X101.650 Y137.580
G1 X101.780 Y137.300
G1 X101.930 Y136.900
G1 X102.130 Y136.500
G1 X102.250 Y136.180
G1 X102.380 Y135.900
G1 X102.530 Y135.500
G1 X102.650 Y135.180
G1 X102.780 Y134.900
G1 X102.930 Y134.540
G1 X103.130 Y134.300
G1 X103.130 Y133.940
G1 X103.330 Y133.700
G1 X103.450 Y133.380
G1 X103.730 Y132.900
G1 X103.730 Y132.540
G1 X103.930 Y132.300
G1 X104.050 Y131.980
G1 X104.130 Y131.540
G1 X104.130 Y131.100
G1 X103.980 Y130.700
G1 X103.730 Y130.500
G1 X103.380 Y130.500
G1 X102.980 Y130.500
G1 X102.580 Y130.500
G1 X102.320 Y130.700
G1 X102.120 Y131.100
G1 X101.920 Y131.500
G1 X101.720 Y131.900
G1 X101.520 Y132.300
G1 X101.320 Y132.700
G1 X101.320 Y133.100
G1 X100.920 Y133.500
G1 X100.580 Y133.500
G1 X100.180 Y133.500
G1 X99.780 Y133.500
G1 X99.380 Y133.500
G1 X98.980 Y133.500
G1 X98.580 Y133.500
G1 X98.180 Y133.500
G1 X97.780 Y133.500
G1 X97.380 Y133.500
G1 X96.980 Y133.500
G1 X96.580 Y133.500
G1 X96.180 Y133.500
G1 X95.780 Y133.500
G1 X95.380 Y133.100
G1 X95.380 Y132.700
G1 X95.180 Y132.300
G1 X94.980 Y131.900
G1 X94.780 Y131.500
G1 X94.580 Y131.100
G1 X94.380 Y130.700
G1 X94.130 Y130.500
G1 X93.780 Y130.500
G1 X93.380 Y130.500
G1 X92.980 Y130.500
G1 X92.720 Y130.700
G1 X92.630 Y131.040
G1 X92.520 Y131.500
M5

; --- path 29/70 (29 pts) ---
G0 X96.580 Y135.700
M3 S1000
F350
; warmup: fwd half / back to start, then cut at full power
G1 X96.780 Y136.100
G1 X96.980 Y136.500
G1 X97.180 Y136.900
G1 X97.380 Y137.300
G1 X97.580 Y137.700
G1 X97.780 Y138.100
G1 X97.780 Y138.333
G1 X97.780 Y138.100
G1 X97.580 Y137.700
G1 X97.380 Y137.300
G1 X97.180 Y136.900
G1 X96.980 Y136.500
G1 X96.780 Y136.100
G1 X96.580 Y135.700
G1 X96.780 Y136.100
G1 X96.980 Y136.500
G1 X97.180 Y136.900
G1 X97.380 Y137.300
G1 X97.580 Y137.700
G1 X97.780 Y138.100
G1 X97.780 Y138.500
G1 X97.980 Y138.900
G1 X98.180 Y139.300
G1 X98.520 Y139.300
G1 X98.720 Y138.900
G1 X98.920 Y138.500
G1 X98.920 Y138.100
G1 X99.120 Y137.700
G1 X99.320 Y137.300
G1 X99.520 Y136.900
G1 X99.720 Y136.500
G1 X99.920 Y136.100
G1 X100.120 Y135.700
G1 X99.780 Y135.500
G1 X99.380 Y135.500
G1 X98.980 Y135.500
G1 X98.580 Y135.500
G1 X98.180 Y135.500
G1 X97.780 Y135.500
G1 X97.380 Y135.500
G1 X96.980 Y135.500
G1 X96.580 Y135.700
M5

; --- path 30/70 (42 pts) ---
G0 X98.950 Y157.500
M3 S1000
F350
; warmup: fwd half / back to start, then cut at full power
G1 X99.340 Y157.700
G1 X99.740 Y157.700
G1 X100.140 Y157.700
G1 X100.540 Y157.700
G1 X100.940 Y157.700
G1 X101.340 Y157.700
G1 X101.740 Y157.700
G1 X101.818 Y157.700
G1 X101.740 Y157.700
G1 X101.340 Y157.700
G1 X100.940 Y157.700
G1 X100.540 Y157.700
G1 X100.140 Y157.700
G1 X99.740 Y157.700
G1 X99.340 Y157.700
G1 X98.950 Y157.500
G1 X99.340 Y157.700
G1 X99.740 Y157.700
G1 X100.140 Y157.700
G1 X100.540 Y157.700
G1 X100.940 Y157.700
G1 X101.340 Y157.700
G1 X101.740 Y157.700
G1 X102.140 Y157.700
G1 X102.540 Y157.700
G1 X102.940 Y157.700
G1 X103.340 Y157.700
G1 X103.740 Y157.300
G1 X104.140 Y156.900
G1 X104.340 Y156.500
G1 X104.340 Y156.100
G1 X104.340 Y155.700
G1 X104.340 Y155.300
G1 X104.140 Y154.900
G1 X104.140 Y154.500
G1 X103.740 Y154.100
G1 X103.340 Y153.700
G1 X102.940 Y153.500
G1 X102.550 Y153.500
G1 X102.150 Y153.500
G1 X101.750 Y153.500
G1 X101.350 Y153.500
G1 X100.950 Y153.500
G1 X100.550 Y153.500
G1 X100.150 Y153.500
G1 X99.750 Y153.500
G1 X99.350 Y153.500
G1 X98.950 Y153.700
G1 X98.950 Y154.100
G1 X98.950 Y154.500
G1 X98.950 Y154.900
G1 X98.950 Y155.300
G1 X98.950 Y155.700
G1 X98.950 Y156.100
G1 X98.950 Y156.500
G1 X98.950 Y156.900
G1 X98.950 Y157.500
M5

; --- path 31/70 (38 pts) ---
G0 X85.060 Y157.500
M3 S1000
F350
; warmup: fwd half / back to start, then cut at full power
G1 X85.450 Y157.700
G1 X85.850 Y157.700
G1 X86.250 Y157.700
G1 X86.650 Y157.700
G1 X87.050 Y157.700
G1 X87.450 Y157.700
G1 X87.850 Y157.700
G1 X87.928 Y157.700
G1 X87.850 Y157.700
G1 X87.450 Y157.700
G1 X87.050 Y157.700
G1 X86.650 Y157.700
G1 X86.250 Y157.700
G1 X85.850 Y157.700
G1 X85.450 Y157.700
G1 X85.060 Y157.500
G1 X85.450 Y157.700
G1 X85.850 Y157.700
G1 X86.250 Y157.700
G1 X86.650 Y157.700
G1 X87.050 Y157.700
G1 X87.450 Y157.700
G1 X87.850 Y157.700
G1 X88.250 Y157.700
G1 X88.650 Y157.700
G1 X89.050 Y157.300
G1 X89.450 Y156.900
G1 X89.650 Y156.500
G1 X89.650 Y156.100
G1 X89.850 Y155.700
G1 X89.650 Y155.300
G1 X89.650 Y154.900
G1 X89.450 Y154.500
G1 X89.050 Y154.100
G1 X88.650 Y153.700
G1 X88.250 Y153.500
G1 X87.860 Y153.500
G1 X87.460 Y153.500
G1 X87.060 Y153.500
G1 X86.660 Y153.500
G1 X86.260 Y153.500
G1 X85.860 Y153.500
G1 X85.460 Y153.500
G1 X85.060 Y153.700
G1 X85.060 Y154.100
G1 X85.060 Y154.500
G1 X85.060 Y154.900
G1 X85.060 Y155.300
G1 X85.060 Y155.700
G1 X85.060 Y156.100
G1 X85.060 Y156.500
G1 X85.060 Y156.900
G1 X85.060 Y157.500
M5

; --- path 32/70 (95 pts) ---
G0 X82.850 Y158.700
M3 S1000
F350
; warmup: fwd half / back to start, then cut at full power
G1 X83.050 Y159.100
G1 X83.250 Y159.500
G1 X83.650 Y159.700
G1 X84.050 Y159.700
G1 X84.450 Y159.700
G1 X84.850 Y159.700
G1 X85.225 Y159.700
G1 X84.850 Y159.700
G1 X84.450 Y159.700
G1 X84.050 Y159.700
G1 X83.650 Y159.700
G1 X83.250 Y159.500
G1 X83.050 Y159.100
G1 X82.850 Y158.700
G1 X83.050 Y159.100
G1 X83.250 Y159.500
G1 X83.650 Y159.700
G1 X84.050 Y159.700
G1 X84.450 Y159.700
G1 X84.850 Y159.700
G1 X85.250 Y159.700
G1 X85.650 Y159.700
G1 X86.050 Y159.700
G1 X86.450 Y159.700
G1 X86.850 Y159.700
G1 X87.250 Y159.700
G1 X87.650 Y159.700
G1 X88.050 Y159.700
G1 X88.450 Y159.700
G1 X88.850 Y159.700
G1 X89.250 Y159.700
G1 X89.660 Y159.500
G1 X90.060 Y159.300
G1 X90.460 Y159.100
G1 X90.860 Y158.700
G1 X91.260 Y158.300
G1 X91.460 Y157.900
G1 X91.660 Y157.500
G1 X91.860 Y157.100
G1 X91.860 Y156.700
G1 X92.060 Y156.300
G1 X92.060 Y155.900
G1 X92.060 Y155.500
G1 X92.060 Y155.100
G1 X91.860 Y154.700
G1 X91.860 Y154.300
G1 X91.660 Y153.900
G1 X91.460 Y153.500
G1 X91.260 Y153.100
G1 X90.860 Y152.700
G1 X90.460 Y152.300
G1 X90.060 Y152.100
G1 X89.660 Y151.900
G1 X89.260 Y151.700
G1 X88.860 Y151.500
G1 X88.460 Y151.500
G1 X88.060 Y151.500
G1 X87.660 Y151.500
G1 X87.260 Y151.500
G1 X86.860 Y151.500
G1 X86.460 Y151.500
G1 X86.060 Y151.500
G1 X85.660 Y151.500
G1 X85.260 Y151.500
G1 X85.060 Y151.100
G1 X85.060 Y150.700
G1 X85.060 Y150.300
G1 X85.060 Y149.900
G1 X85.060 Y149.500
G1 X85.060 Y149.100
G1 X85.060 Y148.700
G1 X85.060 Y148.300
G1 X85.060 Y147.900
G1 X85.060 Y147.500
G1 X84.860 Y147.100
G1 X84.460 Y146.900
G1 X84.060 Y146.900
G1 X83.660 Y146.900
G1 X83.250 Y147.100
G1 X83.050 Y147.500
G1 X82.850 Y147.900
G1 X82.850 Y148.300
G1 X82.850 Y148.700
G1 X82.850 Y149.100
G1 X82.850 Y149.500
G1 X82.850 Y149.900
G1 X82.850 Y150.300
G1 X82.850 Y150.700
G1 X82.850 Y151.100
G1 X82.850 Y151.500
G1 X82.850 Y151.900
G1 X82.850 Y152.300
G1 X82.850 Y152.700
G1 X82.850 Y153.100
G1 X82.850 Y153.500
G1 X82.850 Y153.900
G1 X82.850 Y154.300
G1 X82.850 Y154.700
G1 X82.850 Y155.100
G1 X82.850 Y155.500
G1 X82.850 Y155.900
G1 X82.850 Y156.300
G1 X82.850 Y156.700
G1 X82.850 Y157.100
G1 X82.850 Y157.500
G1 X82.850 Y157.900
G1 X82.850 Y158.300
G1 X82.850 Y158.700
M5

; --- path 33/70 (9 pts) ---
G0 X127.495 Y135.500
M3 S1000
F350
; warmup: fwd half / back to start, then cut at full power
G1 X127.070 Y135.500
G1 X126.670 Y135.500
G1 X126.270 Y135.500
G1 X126.270 Y135.900
G1 X126.270 Y136.300
G1 X126.470 Y136.700
G1 X126.669 Y137.098
G1 X126.470 Y136.700
G1 X126.270 Y136.300
G1 X126.270 Y135.900
G1 X126.270 Y135.500
G1 X126.670 Y135.500
G1 X127.070 Y135.500
G1 X127.495 Y135.500
G1 X127.070 Y135.500
G1 X126.670 Y135.500
G1 X126.270 Y135.500
G1 X126.270 Y135.900
G1 X126.270 Y136.300
G1 X126.470 Y136.700
G1 X126.670 Y137.100
G1 X126.870 Y137.374
M5

; --- path 34/70 (11 pts) ---
G0 X127.070 Y137.791
M3 S1000
F350
; warmup: fwd half / back to start, then cut at full power
G1 X127.270 Y138.100
G1 X127.270 Y138.500
G1 X127.470 Y138.900
G1 X127.670 Y139.300
G1 X128.020 Y139.300
G1 X128.220 Y138.900
G1 X128.420 Y138.500
G1 X128.420 Y138.490
G1 X128.420 Y138.500
G1 X128.220 Y138.900
G1 X128.020 Y139.300
G1 X127.670 Y139.300
G1 X127.470 Y138.900
G1 X127.270 Y138.500
G1 X127.270 Y138.100
G1 X127.070 Y137.791
G1 X127.270 Y138.100
G1 X127.270 Y138.500
G1 X127.470 Y138.900
G1 X127.670 Y139.300
G1 X128.020 Y139.300
G1 X128.220 Y138.900
G1 X128.420 Y138.500
G1 X128.420 Y138.100
G1 X128.620 Y137.700
G1 X128.914 Y137.206
M5

; --- path 35/70 (8 pts) ---
G0 X129.126 Y136.794
M3 S1000
F350
; warmup: fwd half / back to start, then cut at full power
G1 X129.220 Y136.500
G1 X129.420 Y136.100
G1 X129.620 Y135.700
G1 X129.270 Y135.500
G1 X128.870 Y135.500
G1 X128.470 Y135.500
G1 X127.995 Y135.500
G1 X128.470 Y135.500
G1 X128.870 Y135.500
G1 X129.270 Y135.500
G1 X129.620 Y135.700
G1 X129.420 Y136.100
G1 X129.220 Y136.500
G1 X129.126 Y136.794
G1 X129.220 Y136.500
G1 X129.420 Y136.100
G1 X129.620 Y135.700
G1 X129.270 Y135.500
G1 X128.870 Y135.500
G1 X128.470 Y135.500
G1 X127.995 Y135.500
M5

; --- path 36/70 (304 pts) ---
G0 X147.300 Y142.700
M3 S1000
F350
; warmup: fwd half / back to start, then cut at full power
G1 X147.960 Y144.600
G1 X148.295 Y145.441
G1 X147.960 Y144.600
G1 X147.300 Y142.700
G1 X147.960 Y144.600
G1 X148.700 Y146.460
G1 X149.560 Y148.260
G1 X149.740 Y148.640
G1 X149.740 Y148.300
G1 X149.740 Y147.900
G1 X149.740 Y147.500
G1 X149.940 Y147.100
G1 X150.340 Y146.900
G1 X150.740 Y146.900
G1 X151.140 Y146.900
G1 X151.540 Y146.900
G1 X151.940 Y147.100
G1 X152.140 Y147.500
G1 X152.140 Y147.900
G1 X152.140 Y148.300
G1 X152.140 Y148.700
G1 X152.140 Y149.100
G1 X152.140 Y149.500
G1 X152.140 Y149.900
G1 X152.140 Y150.300
G1 X152.140 Y150.700
G1 X152.140 Y151.100
G1 X152.140 Y151.500
G1 X152.140 Y151.900
G1 X152.140 Y152.300
G1 X152.140 Y152.670
G1 X152.140 Y153.100
G1 X152.140 Y153.500
G1 X152.140 Y153.900
G1 X152.140 Y154.300
G1 X152.140 Y154.700
G1 X152.140 Y155.100
G1 X152.140 Y155.500
G1 X152.140 Y155.900
G1 X152.140 Y156.300
G1 X152.140 Y156.700
G1 X152.140 Y157.100
G1 X152.140 Y157.500
G1 X152.140 Y157.900
G1 X152.140 Y158.300
G1 X152.140 Y158.700
G1 X152.140 Y159.100
G1 X151.940 Y159.500
G1 X151.540 Y159.700
G1 X151.140 Y159.700
G1 X150.740 Y159.700
G1 X150.340 Y159.700
G1 X149.940 Y159.500
G1 X149.740 Y159.100
G1 X149.740 Y158.700
G1 X149.740 Y158.300
G1 X149.740 Y157.900
G1 X149.740 Y157.500
G1 X149.740 Y157.100
G1 X149.740 Y156.700
G1 X149.740 Y156.300
G1 X149.740 Y155.900
G1 X149.740 Y155.500
G1 X149.740 Y155.100
G1 X149.740 Y154.700
G1 X149.740 Y154.300
G1 X149.740 Y153.900
G1 X149.740 Y153.500
G1 X149.740 Y153.100
G1 X149.740 Y152.700
G1 X149.740 Y152.300
G1 X149.740 Y151.900
G1 X149.740 Y151.500
G1 X149.740 Y151.100
G1 X149.740 Y150.700
G1 X149.740 Y150.300
G1 X149.740 Y149.900
G1 X149.740 Y149.500
G1 X149.740 Y149.100
G1 X149.740 Y148.700
G1 X149.740 Y148.300
G1 X149.740 Y147.900
G1 X149.740 Y147.500
G1 X149.940 Y147.100
G1 X150.340 Y146.900
G1 X150.740 Y146.900
G1 X151.140 Y146.900
G1 X151.540 Y146.900
G1 X151.940 Y147.100
G1 X152.140 Y147.500
G1 X152.140 Y147.900
G1 X152.140 Y148.300
G1 X152.140 Y148.700
G1 X152.140 Y149.100
G1 X152.140 Y149.500
G1 X152.140 Y149.900
G1 X152.140 Y150.300
G1 X152.140 Y150.700
G1 X152.140 Y151.100
G1 X152.140 Y151.500
G1 X152.140 Y151.900
G1 X152.140 Y152.300
G1 X152.140 Y152.670
G1 X152.660 Y153.400
G1 X153.900 Y155.000
G1 X155.220 Y156.500
G1 X156.620 Y157.920
G1 X157.400 Y158.620
G1 X157.600 Y158.900
G1 X157.600 Y159.300
G1 X158.000 Y159.700
G1 X158.400 Y159.700
G1 X158.010 Y159.700
G1 X157.600 Y159.300
G1 X157.600 Y158.900
G1 X157.400 Y158.620
G1 X157.400 Y158.300
G1 X157.400 Y157.900
G1 X157.400 Y157.500
G1 X157.400 Y157.100
G1 X157.400 Y156.700
G1 X157.400 Y156.300
G1 X157.400 Y155.900
G1 X157.400 Y155.500
G1 X157.400 Y155.100
G1 X157.400 Y154.700
G1 X157.400 Y154.300
G1 X157.400 Y153.900
G1 X157.400 Y153.500
G1 X157.400 Y153.100
G1 X157.400 Y152.700
G1 X157.400 Y152.300
G1 X157.400 Y151.900
G1 X157.400 Y151.500
G1 X157.400 Y151.100
G1 X157.400 Y150.700
G1 X157.400 Y150.300
G1 X157.400 Y149.900
G1 X157.400 Y149.500
G1 X157.400 Y149.100
G1 X157.400 Y148.700
G1 X157.400 Y148.300
G1 X157.400 Y147.900
G1 X157.600 Y147.500
G1 X157.800 Y147.100
G1 X158.200 Y146.900
G1 X158.600 Y146.900
G1 X159.000 Y146.900
G1 X159.410 Y147.100
G1 X159.610 Y147.500
G1 X159.610 Y147.900
G1 X159.610 Y148.300
G1 X159.610 Y148.700
G1 X159.610 Y149.100
G1 X159.610 Y149.500
G1 X159.610 Y149.900
G1 X159.610 Y150.300
G1 X159.610 Y150.700
G1 X159.610 Y151.100
G1 X159.810 Y151.500
G1 X160.200 Y151.500
G1 X160.600 Y151.500
G1 X161.000 Y151.500
G1 X161.400 Y151.500
G1 X161.800 Y151.500
G1 X162.200 Y151.500
G1 X162.600 Y151.500
G1 X163.000 Y151.500
G1 X163.400 Y151.500
G1 X163.800 Y151.700
G1 X164.210 Y151.900
G1 X164.610 Y152.100
G1 X165.010 Y152.300
G1 X165.410 Y152.700
G1 X165.810 Y153.100
G1 X166.010 Y153.500
G1 X166.210 Y153.900
G1 X166.410 Y154.300
G1 X166.410 Y154.700
G1 X166.610 Y155.100
G1 X166.610 Y155.500
G1 X166.610 Y155.900
G1 X166.610 Y156.300
G1 X166.410 Y156.700
G1 X166.410 Y157.100
G1 X166.210 Y157.500
G1 X166.010 Y157.900
G1 X165.810 Y158.300
G1 X165.410 Y158.700
G1 X165.010 Y159.100
G1 X164.610 Y159.300
G1 X164.210 Y159.500
G1 X163.810 Y159.700
G1 X163.410 Y159.700
G1 X163.010 Y159.700
G1 X162.610 Y159.700
G1 X162.210 Y159.700
G1 X161.810 Y159.700
G1 X161.410 Y159.700
G1 X161.010 Y159.700
G1 X160.610 Y159.700
G1 X160.210 Y159.700
G1 X159.810 Y159.700
G1 X159.410 Y159.700
G1 X159.010 Y159.700
G1 X158.680 Y159.700
G1 X159.680 Y160.500
G1 X161.320 Y161.660
G1 X163.020 Y162.740
G1 X164.760 Y163.740
G1 X166.520 Y164.680
G1 X168.340 Y165.540
G1 X170.180 Y166.340
G1 X171.040 Y167.000
G1 X174.460 Y168.080
G1 X174.780 Y168.220
G1 X175.080 Y168.420
G1 X175.320 Y168.680
G1 X175.520 Y168.960
G1 X175.660 Y169.300
G1 X175.720 Y169.640
G1 X175.720 Y170.000
G1 X175.640 Y170.340
G1 X175.460 Y170.880
G1 X175.260 Y171.300
G1 X174.940 Y171.620
G1 X174.520 Y171.820
G1 X174.060 Y171.880
G1 X173.640 Y171.900
G1 X173.220 Y171.980
G1 X172.800 Y172.100
G1 X172.420 Y172.260
G1 X172.040 Y172.460
G1 X171.700 Y172.720
G1 X171.380 Y173.020
G1 X171.120 Y173.340
G1 X170.880 Y173.700
G1 X170.680 Y174.080
G1 X170.540 Y174.480
G1 X170.460 Y174.900
G1 X170.400 Y175.340
G1 X170.420 Y175.760
G1 X170.480 Y176.180
G1 X170.580 Y176.600
G1 X170.740 Y177.000
G1 X170.940 Y177.380
G1 X171.180 Y177.720
G1 X171.460 Y178.040
G1 X171.780 Y178.320
G1 X172.140 Y178.560
G1 X172.520 Y178.760
G1 X172.920 Y178.920
G1 X179.780 Y181.100
G1 X180.200 Y181.200
G1 X180.620 Y181.260
G1 X181.040 Y181.260
G1 X181.460 Y181.220
G1 X181.880 Y181.120
G1 X182.280 Y180.980
G1 X182.660 Y180.780
G1 X183.020 Y180.540
G1 X183.360 Y180.260
G1 X183.640 Y179.960
G1 X183.900 Y179.620
G1 X184.100 Y179.240
G1 X184.260 Y178.840
G1 X184.380 Y178.440
G1 X184.460 Y178.000
G1 X184.460 Y177.580
G1 X184.440 Y177.160
G1 X184.340 Y176.740
G1 X184.220 Y176.340
G1 X184.020 Y175.940
G1 X183.800 Y175.580
G1 X183.540 Y175.240
G1 X183.220 Y174.940
G1 X182.900 Y174.680
G1 X182.560 Y174.380
G1 X182.340 Y173.960
G1 X182.260 Y173.520
G1 X182.320 Y173.060
G1 X182.500 Y172.520
G1 X182.640 Y172.200
G1 X182.840 Y171.900
G1 X183.100 Y171.660
G1 X183.380 Y171.460
G1 X183.720 Y171.340
G1 X184.060 Y171.260
G1 X184.420 Y171.280
G1 X184.760 Y171.340
G1 X188.200 Y172.440
G1 X189.200 Y172.620
G1 X191.120 Y173.200
G1 X193.040 Y173.780
G1 X194.960 Y174.380
G1 X196.860 Y175.000
G1 X198.780 Y175.620
G1 X200.660 Y176.280
G1 X202.560 Y176.940
G1 X204.440 Y177.660
G1 X206.300 Y178.380
G1 X208.160 Y179.140
G1 X210.000 Y179.920
G1 X211.840 Y180.740
G1 X213.640 Y181.600
G1 X215.440 Y182.480
G1 X217.220 Y183.400
M5

; --- path 37/70 (92 pts) ---
G0 X226.940 Y200.500
M3 S1000
F350
; warmup: fwd half / back to start, then cut at full power
G1 X227.280 Y202.320
G1 X226.625 Y203.160
G1 X227.280 Y202.320
G1 X226.940 Y200.500
G1 X227.280 Y202.320
G1 X220.880 Y210.520
G1 X224.760 Y213.660
G1 X233.940 Y221.100
G1 X235.620 Y222.470
G1 X236.100 Y222.860
G1 X236.170 Y223.550
G1 X236.280 Y224.540
G1 X235.680 Y225.300
G1 X237.080 Y226.180
G1 X236.700 Y225.440
G1 X239.580 Y227.580
G1 X239.860 Y227.820
G1 X240.060 Y228.100
G1 X240.200 Y228.420
G1 X240.300 Y228.760
G1 X240.320 Y229.120
G1 X240.260 Y229.480
G1 X240.140 Y229.800
G1 X239.960 Y230.100
G1 X239.620 Y230.560
G1 X239.280 Y230.880
G1 X238.880 Y231.080
G1 X238.420 Y231.140
G1 X237.960 Y231.060
G1 X237.560 Y230.920
G1 X237.140 Y230.860
G1 X236.700 Y230.840
G1 X236.280 Y230.860
G1 X235.860 Y230.940
G1 X235.460 Y231.060
G1 X235.060 Y231.240
G1 X234.700 Y231.460
G1 X234.360 Y231.720
G1 X234.060 Y232.020
G1 X233.780 Y232.360
G1 X233.560 Y232.720
G1 X233.380 Y233.100
G1 X233.240 Y233.520
G1 X233.160 Y233.920
G1 X233.120 Y234.360
G1 X233.140 Y234.780
G1 X233.200 Y235.200
G1 X233.320 Y235.620
G1 X233.480 Y236.020
G1 X233.700 Y236.380
G1 X233.960 Y236.720
G1 X234.240 Y237.040
G1 X234.580 Y237.320
G1 X240.340 Y241.620
G1 X240.700 Y241.860
G1 X241.080 Y242.060
G1 X241.480 Y242.200
G1 X241.900 Y242.300
G1 X242.320 Y242.340
G1 X242.760 Y242.340
G1 X243.180 Y242.280
G1 X243.580 Y242.160
G1 X243.980 Y242.020
G1 X244.360 Y241.820
G1 X244.720 Y241.580
G1 X245.040 Y241.280
G1 X245.320 Y240.960
G1 X245.560 Y240.620
G1 X245.760 Y240.240
G1 X245.920 Y239.840
G1 X246.020 Y239.420
G1 X246.080 Y239.000
G1 X246.100 Y238.580
G1 X246.040 Y238.160
G1 X245.960 Y237.740
G1 X245.800 Y237.340
G1 X245.620 Y236.940
G1 X245.380 Y236.600
G1 X245.180 Y236.180
G1 X245.100 Y235.720
G1 X245.180 Y235.280
G1 X245.380 Y234.860
G1 X245.720 Y234.420
G1 X245.960 Y234.160
G1 X246.240 Y233.940
G1 X246.560 Y233.800
G1 X246.900 Y233.700
G1 X247.260 Y233.700
G1 X247.600 Y233.740
G1 X247.940 Y233.860
G1 X248.240 Y234.040
G1 X251.120 Y236.200
G1 X251.740 Y237.540
G1 X253.220 Y238.980
G1 X254.420 Y240.140
M5

; --- path 38/70 (82 pts) ---
G0 X218.300 Y270.100
M3 S1000
F350
; warmup: fwd half / back to start, then cut at full power
G1 X217.260 Y268.700
G1 X216.840 Y267.605
G1 X217.260 Y268.700
G1 X218.300 Y270.100
G1 X217.260 Y268.700
G1 X216.600 Y266.980
G1 X214.200 Y264.300
G1 X214.000 Y264.020
G1 X213.860 Y263.700
G1 X213.760 Y263.340
G1 X213.760 Y263.000
G1 X213.800 Y262.640
G1 X213.920 Y262.320
G1 X214.120 Y262.020
G1 X214.360 Y261.760
G1 X214.780 Y261.380
G1 X215.160 Y261.120
G1 X215.600 Y261.020
G1 X216.060 Y261.040
G1 X216.500 Y261.220
G1 X216.860 Y261.420
G1 X217.260 Y261.580
G1 X217.680 Y261.680
G1 X218.100 Y261.740
G1 X218.540 Y261.760
G1 X218.960 Y261.720
G1 X219.380 Y261.620
G1 X219.780 Y261.480
G1 X220.160 Y261.280
G1 X220.520 Y261.060
G1 X220.840 Y260.780
G1 X221.140 Y260.460
G1 X221.400 Y260.120
G1 X221.600 Y259.760
G1 X221.780 Y259.360
G1 X221.900 Y258.940
G1 X221.960 Y258.520
G1 X221.980 Y258.100
G1 X221.940 Y257.680
G1 X221.860 Y257.260
G1 X221.740 Y256.840
G1 X221.560 Y256.460
G1 X221.320 Y256.100
G1 X221.060 Y255.760
G1 X216.260 Y250.400
G1 X215.960 Y250.080
G1 X215.620 Y249.820
G1 X215.260 Y249.600
G1 X214.860 Y249.420
G1 X214.460 Y249.300
G1 X214.040 Y249.220
G1 X213.620 Y249.180
G1 X213.180 Y249.220
G1 X212.760 Y249.280
G1 X212.360 Y249.400
G1 X211.960 Y249.580
G1 X211.600 Y249.780
G1 X211.260 Y250.040
G1 X210.940 Y250.340
G1 X210.680 Y250.660
G1 X210.440 Y251.020
G1 X210.260 Y251.420
G1 X210.120 Y251.820
G1 X210.020 Y252.240
G1 X209.980 Y252.660
G1 X210.000 Y253.080
G1 X210.060 Y253.520
G1 X210.160 Y253.920
G1 X210.320 Y254.320
G1 X210.440 Y254.760
G1 X210.440 Y255.220
G1 X210.260 Y255.660
G1 X209.980 Y256.000
G1 X209.560 Y256.380
G1 X209.260 Y256.600
G1 X208.940 Y256.740
G1 X208.600 Y256.820
G1 X208.260 Y256.840
G1 X207.900 Y256.780
G1 X207.580 Y256.660
G1 X207.280 Y256.480
G1 X207.020 Y256.240
G1 X204.620 Y253.560
G1 X203.000 Y252.720
G1 X201.700 Y251.540
M5

; --- path 39/70 (171 pts) ---
G0 X215.930 Y212.170
M3 S1000
F350
; warmup: fwd half / back to start, then cut at full power
G1 X215.660 Y211.560
G1 X215.590 Y210.510
G1 X216.338 Y209.575
G1 X215.590 Y210.510
G1 X215.660 Y211.560
G1 X215.930 Y212.170
G1 X215.660 Y211.560
G1 X215.590 Y210.510
G1 X224.170 Y199.790
G1 X225.680 Y199.750
G1 X226.000 Y199.740
G1 X226.940 Y200.500
G1 X227.440 Y198.880
G1 X228.080 Y196.880
G1 X228.120 Y195.940
G1 X229.220 Y193.160
G1 X229.540 Y192.660
G1 X230.020 Y192.340
G1 X230.600 Y192.220
G1 X230.900 Y192.240
G1 X231.620 Y192.500
G1 X231.940 Y192.700
G1 X232.200 Y192.980
G1 X232.340 Y193.340
G1 X232.360 Y193.720
G1 X232.360 Y194.080
G1 X232.380 Y194.420
G1 X232.460 Y194.780
G1 X232.580 Y195.120
G1 X232.720 Y195.440
G1 X232.920 Y195.740
G1 X233.140 Y196.020
G1 X233.400 Y196.260
G1 X233.680 Y196.480
G1 X233.980 Y196.660
G1 X234.320 Y196.800
G1 X234.660 Y196.900
G1 X235.000 Y196.980
G1 X235.360 Y197.000
G1 X235.720 Y196.960
G1 X236.060 Y196.900
G1 X236.400 Y196.800
G1 X236.740 Y196.660
G1 X237.040 Y196.480
G1 X237.320 Y196.260
G1 X237.580 Y196.000
G1 X237.800 Y195.740
G1 X237.980 Y195.420
G1 X238.140 Y195.100
G1 X240.360 Y189.540
G1 X240.480 Y189.200
G1 X240.560 Y188.840
G1 X240.580 Y188.500
G1 X240.580 Y188.140
G1 X240.520 Y187.780
G1 X240.420 Y187.440
G1 X240.280 Y187.120
G1 X240.100 Y186.800
G1 X239.900 Y186.520
G1 X239.660 Y186.260
G1 X239.380 Y186.020
G1 X239.080 Y185.820
G1 X238.780 Y185.660
G1 X238.440 Y185.540
G1 X238.080 Y185.460
G1 X237.740 Y185.420
G1 X237.380 Y185.420
G1 X237.020 Y185.480
G1 X236.680 Y185.560
G1 X236.340 Y185.680
G1 X236.040 Y185.860
G1 X235.740 Y186.060
G1 X235.480 Y186.300
G1 X235.240 Y186.560
G1 X234.960 Y186.820
G1 X234.600 Y186.980
G1 X234.220 Y187.000
G1 X233.840 Y186.920
G1 X233.400 Y186.740
G1 X232.920 Y186.420
G1 X232.580 Y185.940
G1 X232.460 Y185.380
G1 X232.480 Y185.080
G1 X233.680 Y182.020
G1 X234.380 Y181.340
G1 X235.360 Y179.480
G1 X236.340 Y177.640
G1 X237.360 Y175.800
G1 X238.180 Y174.320
G1 X237.900 Y174.080
G1 X237.500 Y173.750
G1 X237.090 Y172.830
G1 X238.820 Y165.370
G1 X240.160 Y159.580
G1 X240.930 Y159.180
G1 X241.800 Y158.730
G1 X242.560 Y158.910
G1 X242.980 Y159.000
G1 X243.040 Y157.300
G1 X243.100 Y155.220
G1 X243.160 Y153.120
G1 X243.480 Y152.240
G1 X243.280 Y149.240
G1 X243.300 Y148.940
G1 X243.480 Y148.380
G1 X243.880 Y147.960
G1 X244.400 Y147.700
G1 X245.160 Y147.620
G1 X245.540 Y147.660
G1 X245.900 Y147.800
G1 X246.180 Y148.060
G1 X246.360 Y148.400
G1 X246.500 Y148.720
G1 X246.680 Y149.040
G1 X246.900 Y149.320
G1 X247.160 Y149.560
G1 X247.420 Y149.800
G1 X247.720 Y149.980
G1 X248.060 Y150.140
G1 X248.380 Y150.260
G1 X248.740 Y150.320
G1 X249.100 Y150.360
G1 X249.440 Y150.340
G1 X249.800 Y150.300
G1 X250.140 Y150.200
G1 X250.480 Y150.060
G1 X250.780 Y149.900
G1 X251.080 Y149.680
G1 X251.340 Y149.440
G1 X251.560 Y149.180
G1 X251.760 Y148.880
G1 X251.920 Y148.560
G1 X252.060 Y148.220
G1 X252.140 Y147.880
G1 X252.180 Y147.520
G1 X252.180 Y147.160
G1 X251.780 Y141.180
G1 X251.740 Y140.820
G1 X251.660 Y140.480
G1 X251.540 Y140.140
G1 X251.380 Y139.840
G1 X251.160 Y139.540
G1 X250.940 Y139.260
G1 X250.680 Y139.020
G1 X250.380 Y138.820
G1 X250.060 Y138.660
G1 X249.740 Y138.520
G1 X249.400 Y138.440
G1 X249.040 Y138.380
G1 X248.680 Y138.380
G1 X248.320 Y138.400
G1 X247.980 Y138.480
G1 X247.640 Y138.600
G1 X247.320 Y138.760
G1 X247.020 Y138.940
G1 X246.740 Y139.180
G1 X246.500 Y139.440
G1 X246.300 Y139.720
G1 X246.120 Y140.020
G1 X245.980 Y140.360
G1 X245.880 Y140.700
G1 X245.720 Y141.060
G1 X245.480 Y141.340
G1 X245.160 Y141.540
G1 X244.780 Y141.620
G1 X244.300 Y141.660
G1 X243.720 Y141.580
G1 X243.220 Y141.280
G1 X242.860 Y140.820
G1 X242.720 Y140.260
G1 X242.520 Y137.260
G1 X242.080 Y136.420
G1 X241.780 Y134.340
G1 X241.440 Y132.280
G1 X241.160 Y130.620
G1 X263.780 Y126.480
M5

; --- path 40/70 (87 pts) ---
G0 X262.660 Y122.400
M3 S1000
F350
; warmup: fwd half / back to start, then cut at full power
G1 X259.787 Y122.900
G1 X262.660 Y122.400
G1 X250.420 Y124.530
G1 X240.400 Y126.280
G1 X239.420 Y127.660
G1 X239.760 Y129.640
G1 X241.160 Y130.620
G1 X239.760 Y129.640
G1 X239.420 Y127.660
G1 X240.350 Y126.340
G1 X240.140 Y124.580
G1 X239.820 Y122.480
G1 X239.480 Y120.380
G1 X239.600 Y119.340
G1 X238.860 Y116.440
G1 X238.800 Y116.140
G1 X238.820 Y115.840
G1 X239.020 Y115.300
G1 X239.400 Y114.860
G1 X239.660 Y114.700
G1 X240.400 Y114.480
G1 X240.780 Y114.460
G1 X241.140 Y114.540
G1 X241.480 Y114.740
G1 X241.720 Y115.040
G1 X241.920 Y115.320
G1 X242.160 Y115.600
G1 X242.420 Y115.840
G1 X242.720 Y116.040
G1 X243.020 Y116.200
G1 X243.360 Y116.340
G1 X243.700 Y116.420
G1 X244.060 Y116.480
G1 X244.420 Y116.480
G1 X244.760 Y116.440
G1 X245.120 Y116.380
G1 X245.460 Y116.260
G1 X245.780 Y116.100
G1 X246.060 Y115.900
G1 X246.340 Y115.680
G1 X246.580 Y115.420
G1 X246.800 Y115.140
G1 X246.980 Y114.820
G1 X247.120 Y114.500
G1 X247.220 Y114.160
G1 X247.280 Y113.800
G1 X247.300 Y113.440
G1 X247.260 Y113.080
G1 X247.200 Y112.740
G1 X245.700 Y106.920
G1 X245.600 Y106.580
G1 X245.440 Y106.260
G1 X245.260 Y105.960
G1 X245.040 Y105.680
G1 X244.780 Y105.420
G1 X244.500 Y105.200
G1 X244.200 Y105.020
G1 X243.880 Y104.880
G1 X243.540 Y104.760
G1 X243.200 Y104.700
G1 X242.840 Y104.680
G1 X242.480 Y104.700
G1 X242.120 Y104.740
G1 X241.780 Y104.860
G1 X241.460 Y105.000
G1 X241.160 Y105.160
G1 X240.860 Y105.380
G1 X240.600 Y105.620
G1 X240.380 Y105.900
G1 X240.180 Y106.200
G1 X240.020 Y106.520
G1 X239.920 Y106.860
G1 X239.840 Y107.200
G1 X239.800 Y107.560
G1 X239.720 Y107.940
G1 X239.540 Y108.260
G1 X239.260 Y108.520
G1 X238.900 Y108.680
G1 X238.440 Y108.800
G1 X237.860 Y108.820
G1 X237.300 Y108.640
G1 X237.060 Y108.460
G1 X236.720 Y108.000
G1 X235.860 Y104.800
G1 X235.260 Y103.960
G1 X234.540 Y101.960
G1 X233.820 Y99.960
G1 X233.220 Y98.350
M5

; --- path 41/70 (6 pts) ---
G0 X230.800 Y82.650
M3 S1000
F350
; warmup: fwd half / back to start, then cut at full power
G1 X232.366 Y85.111
G1 X230.800 Y82.650
G1 X234.420 Y88.340
G1 X235.300 Y87.500
G1 X238.980 Y81.200
G1 X235.900 Y81.740
G1 X230.800 Y82.650
M5

; --- path 42/70 (2 pts) ---
G0 X238.670 Y76.810
M3 S1000
F350
; warmup: fwd half / back to start, then cut at full power
G1 X235.812 Y77.390
G1 X238.670 Y76.810
G1 X220.400 Y80.520
M5

; --- path 43/70 (157 pts) ---
G0 X237.760 Y75.440
M3 S1000
F350
; warmup: fwd half / back to start, then cut at full power
G1 X236.142 Y73.013
G1 X237.760 Y75.440
G1 X235.920 Y72.680
G1 X235.780 Y72.400
G1 X235.700 Y72.100
G1 X235.680 Y71.780
G1 X235.700 Y71.460
G1 X235.960 Y70.900
G1 X236.160 Y70.660
G1 X236.420 Y70.460
G1 X236.840 Y70.200
G1 X237.220 Y70.040
G1 X237.620 Y70.000
G1 X238.020 Y70.100
G1 X238.360 Y70.300
G1 X238.660 Y70.540
G1 X239.000 Y70.740
G1 X239.340 Y70.900
G1 X239.700 Y71.000
G1 X240.080 Y71.080
G1 X240.460 Y71.100
G1 X240.840 Y71.080
G1 X241.220 Y71.000
G1 X241.580 Y70.900
G1 X241.920 Y70.740
G1 X242.240 Y70.560
G1 X242.560 Y70.320
G1 X242.820 Y70.060
G1 X243.060 Y69.760
G1 X243.260 Y69.440
G1 X243.440 Y69.100
G1 X243.560 Y68.740
G1 X243.640 Y68.360
G1 X243.660 Y67.980
G1 X243.660 Y67.600
G1 X243.600 Y67.240
G1 X243.500 Y66.860
G1 X243.360 Y66.520
G1 X243.160 Y66.180
G1 X239.640 Y60.600
G1 X239.420 Y60.300
G1 X239.160 Y60.020
G1 X238.860 Y59.780
G1 X238.540 Y59.560
G1 X238.220 Y59.380
G1 X237.860 Y59.260
G1 X237.480 Y59.180
G1 X237.100 Y59.120
G1 X236.720 Y59.120
G1 X236.340 Y59.180
G1 X235.980 Y59.260
G1 X235.620 Y59.400
G1 X235.280 Y59.580
G1 X234.980 Y59.800
G1 X234.680 Y60.040
G1 X234.440 Y60.320
G1 X234.220 Y60.640
G1 X234.040 Y60.960
G1 X233.900 Y61.320
G1 X233.800 Y61.680
G1 X233.740 Y62.060
G1 X233.740 Y62.440
G1 X233.780 Y62.820
G1 X233.860 Y63.200
G1 X233.900 Y63.600
G1 X233.820 Y64.000
G1 X233.620 Y64.360
G1 X233.300 Y64.620
G1 X232.880 Y64.900
G1 X232.600 Y65.040
G1 X232.300 Y65.120
G1 X231.980 Y65.140
G1 X231.680 Y65.100
G1 X231.380 Y65.000
G1 X231.100 Y64.860
G1 X230.860 Y64.640
G1 X230.660 Y64.400
G1 X229.000 Y61.780
G1 X227.660 Y59.940
G1 X226.460 Y58.280
G1 X225.200 Y56.660
G1 X225.000 Y56.400
G1 X225.780 Y54.880
G1 X226.780 Y53.020
G1 X227.860 Y51.200
G1 X227.500 Y49.560
G1 X229.820 Y47.660
G1 X230.320 Y47.380
G1 X230.620 Y47.320
G1 X231.200 Y47.380
G1 X231.720 Y47.660
G1 X232.220 Y48.240
G1 X232.420 Y48.560
G1 X232.500 Y48.940
G1 X232.460 Y49.320
G1 X232.300 Y49.660
G1 X232.120 Y49.980
G1 X231.960 Y50.300
G1 X231.860 Y50.640
G1 X231.800 Y51.000
G1 X231.780 Y51.340
G1 X231.800 Y51.700
G1 X231.860 Y52.060
G1 X231.960 Y52.400
G1 X232.120 Y52.720
G1 X232.300 Y53.020
G1 X232.520 Y53.320
G1 X232.760 Y53.560
G1 X233.040 Y53.780
G1 X233.340 Y53.980
G1 X233.660 Y54.140
G1 X234.000 Y54.240
G1 X234.340 Y54.320
G1 X234.700 Y54.340
G1 X235.060 Y54.340
G1 X235.420 Y54.280
G1 X235.760 Y54.180
G1 X236.080 Y54.040
G1 X236.400 Y53.880
G1 X236.680 Y53.660
G1 X241.320 Y49.860
G1 X241.580 Y49.620
G1 X241.820 Y49.340
G1 X242.000 Y49.040
G1 X242.160 Y48.720
G1 X242.300 Y48.400
G1 X242.380 Y48.040
G1 X242.420 Y47.680
G1 X242.400 Y47.340
G1 X242.360 Y46.980
G1 X242.280 Y46.640
G1 X242.140 Y46.300
G1 X241.980 Y45.980
G1 X241.780 Y45.700
G1 X241.540 Y45.420
G1 X241.280 Y45.180
G1 X240.980 Y44.980
G1 X240.680 Y44.820
G1 X240.340 Y44.680
G1 X240.000 Y44.600
G1 X239.640 Y44.540
G1 X239.280 Y44.540
G1 X238.940 Y44.580
G1 X238.580 Y44.660
G1 X238.260 Y44.780
G1 X237.880 Y44.860
G1 X237.500 Y44.820
G1 X237.140 Y44.680
G1 X236.860 Y44.420
G1 X236.560 Y44.060
G1 X236.280 Y43.540
G1 X236.220 Y42.960
G1 X236.400 Y42.400
G1 X236.760 Y41.940
G1 X239.080 Y40.040
G1 X240.540 Y40.580
G1 X242.500 Y39.760
G1 X244.080 Y39.140
M5

; --- path 44/70 (12 pts) ---
G0 X225.000 Y56.400
M3 S1000
F350
; warmup: fwd half / back to start, then cut at full power
G1 X223.900 Y55.060
G1 X223.117 Y54.173
G1 X223.900 Y55.060
G1 X225.000 Y56.400
G1 X223.900 Y55.060
G1 X222.540 Y53.520
G1 X221.120 Y52.040
G1 X219.620 Y50.640
G1 X218.080 Y49.280
G1 X216.480 Y48.000
G1 X214.800 Y46.800
G1 X213.100 Y45.660
G1 X211.340 Y44.600
G1 X209.540 Y43.600
G1 X208.080 Y42.840
M5

; --- path 45/70 (178 pts) ---
G0 X189.300 Y33.420
M3 S1000
F350
; warmup: fwd half / back to start, then cut at full power
G1 X187.840 Y32.740
G1 X186.626 Y32.257
G1 X187.840 Y32.740
G1 X189.300 Y33.420
G1 X187.840 Y32.740
G1 X185.980 Y32.000
G1 X184.080 Y31.400
G1 X182.120 Y30.960
G1 X180.140 Y30.660
G1 X179.560 Y29.900
G1 X176.600 Y30.300
G1 X176.300 Y30.320
G1 X176.000 Y30.260
G1 X175.480 Y30.000
G1 X175.100 Y29.560
G1 X174.900 Y29.020
G1 X174.840 Y28.540
G1 X174.860 Y28.160
G1 X174.980 Y27.800
G1 X175.220 Y27.500
G1 X175.540 Y27.300
G1 X175.860 Y27.120
G1 X176.140 Y26.920
G1 X176.420 Y26.680
G1 X176.660 Y26.420
G1 X176.860 Y26.140
G1 X177.020 Y25.820
G1 X177.160 Y25.480
G1 X177.240 Y25.140
G1 X177.300 Y24.780
G1 X177.300 Y24.440
G1 X177.260 Y24.080
G1 X177.200 Y23.740
G1 X177.080 Y23.400
G1 X176.920 Y23.080
G1 X176.720 Y22.780
G1 X176.500 Y22.500
G1 X176.240 Y22.260
G1 X175.940 Y22.040
G1 X175.640 Y21.860
G1 X175.320 Y21.720
G1 X174.980 Y21.640
G1 X174.620 Y21.580
G1 X174.260 Y21.560
G1 X173.900 Y21.580
G1 X167.960 Y22.380
G1 X167.620 Y22.440
G1 X167.280 Y22.560
G1 X166.940 Y22.700
G1 X166.640 Y22.900
G1 X166.360 Y23.120
G1 X166.120 Y23.360
G1 X165.900 Y23.640
G1 X165.700 Y23.960
G1 X165.560 Y24.280
G1 X165.460 Y24.620
G1 X165.380 Y24.960
G1 X165.360 Y25.320
G1 X165.380 Y25.680
G1 X165.440 Y26.020
G1 X165.540 Y26.360
G1 X165.680 Y26.700
G1 X165.860 Y27.000
G1 X166.060 Y27.300
G1 X166.320 Y27.540
G1 X166.580 Y27.780
G1 X166.880 Y27.960
G1 X167.200 Y28.120
G1 X167.540 Y28.240
G1 X167.900 Y28.320
G1 X168.260 Y28.440
G1 X168.560 Y28.660
G1 X168.780 Y28.980
G1 X168.900 Y29.340
G1 X168.960 Y29.820
G1 X168.920 Y30.400
G1 X168.660 Y30.920
G1 X168.220 Y31.320
G1 X167.680 Y31.500
G1 X164.700 Y31.900
G1 X164.220 Y32.280
G1 X162.260 Y32.620
G1 X160.260 Y32.920
G1 X158.280 Y33.160
G1 X156.280 Y33.340
G1 X154.280 Y33.440
G1 X152.670 Y33.460
G1 X152.640 Y33.080
G1 X152.540 Y32.530
G1 X152.390 Y32.080
G1 X152.180 Y31.650
G1 X151.920 Y31.260
G1 X151.600 Y30.880
G1 X151.240 Y30.560
G1 X150.850 Y30.280
G1 X150.420 Y30.040
G1 X149.980 Y29.860
G1 X149.880 Y28.200
G1 X149.740 Y26.120
G1 X149.600 Y24.060
G1 X149.880 Y22.620
G1 X149.260 Y19.060
G1 X149.220 Y18.720
G1 X149.280 Y18.360
G1 X149.380 Y18.040
G1 X149.560 Y17.720
G1 X149.780 Y17.460
G1 X150.060 Y17.240
G1 X150.380 Y17.080
G1 X150.720 Y16.980
G1 X151.280 Y16.880
G1 X151.740 Y16.880
G1 X152.180 Y17.020
G1 X152.540 Y17.280
G1 X152.820 Y17.660
G1 X153.020 Y18.040
G1 X153.280 Y18.380
G1 X153.580 Y18.680
G1 X153.900 Y18.960
G1 X154.260 Y19.180
G1 X154.660 Y19.380
G1 X155.060 Y19.520
G1 X155.480 Y19.600
G1 X155.900 Y19.640
G1 X156.320 Y19.640
G1 X156.760 Y19.580
G1 X157.160 Y19.480
G1 X157.560 Y19.320
G1 X157.940 Y19.100
G1 X158.280 Y18.860
G1 X158.600 Y18.580
G1 X158.880 Y18.260
G1 X159.120 Y17.900
G1 X159.320 Y17.520
G1 X159.480 Y17.120
G1 X159.580 Y16.700
G1 X159.620 Y16.280
G1 X159.640 Y15.860
G1 X159.580 Y15.420
G1 X158.340 Y8.340
G1 X158.240 Y7.920
G1 X158.100 Y7.520
G1 X157.900 Y7.140
G1 X157.660 Y6.780
G1 X157.380 Y6.460
G1 X157.060 Y6.160
G1 X156.720 Y5.920
G1 X156.340 Y5.720
G1 X155.940 Y5.560
G1 X155.540 Y5.440
G1 X155.120 Y5.380
G1 X154.680 Y5.360
G1 X154.260 Y5.400
G1 X153.840 Y5.480
G1 X153.440 Y5.620
G1 X153.060 Y5.800
G1 X152.700 Y6.040
G1 X152.360 Y6.300
G1 X152.060 Y6.620
G1 X151.800 Y6.960
G1 X151.580 Y7.320
G1 X151.420 Y7.720
G1 X151.280 Y8.120
G1 X151.220 Y8.540
G1 X151.080 Y8.980
G1 X150.840 Y9.360
G1 X150.460 Y9.640
G1 X150.040 Y9.800
G1 X149.480 Y9.900
G1 X149.120 Y9.920
G1 X148.780 Y9.880
G1 X148.440 Y9.760
G1 X148.120 Y9.600
G1 X147.860 Y9.360
G1 X147.640 Y9.080
G1 X147.480 Y8.780
G1 X147.380 Y8.440
G1 X146.760 Y4.880
G1 X146.040 Y3.620
G1 X145.500 Y1.620
G1 X145.060 Y0.000
M5

; --- path 46/70 (76 pts) ---
G0 X190.020 Y32.880
M3 S1000
F350
; warmup: fwd half / back to start, then cut at full power
G1 X190.820 Y31.360
G1 X191.383 Y30.301
G1 X190.820 Y31.360
G1 X190.020 Y32.880
G1 X190.820 Y31.360
G1 X191.820 Y29.480
G1 X191.980 Y28.420
G1 X193.620 Y25.980
G1 X193.840 Y25.440
G1 X193.860 Y25.140
G1 X193.740 Y24.580
G1 X193.420 Y24.080
G1 X192.800 Y23.640
G1 X192.460 Y23.480
G1 X192.080 Y23.440
G1 X191.700 Y23.520
G1 X191.360 Y23.720
G1 X191.080 Y23.920
G1 X190.780 Y24.100
G1 X190.440 Y24.240
G1 X190.100 Y24.340
G1 X189.740 Y24.400
G1 X189.400 Y24.420
G1 X189.040 Y24.380
G1 X188.680 Y24.320
G1 X188.340 Y24.200
G1 X188.020 Y24.060
G1 X187.720 Y23.860
G1 X187.440 Y23.640
G1 X187.200 Y23.400
G1 X186.980 Y23.120
G1 X186.780 Y22.800
G1 X186.640 Y22.480
G1 X186.540 Y22.140
G1 X186.480 Y21.800
G1 X186.440 Y21.440
G1 X186.460 Y21.080
G1 X186.520 Y20.720
G1 X186.620 Y20.380
G1 X186.760 Y20.060
G1 X186.940 Y19.760
G1 X190.340 Y14.660
G1 X190.540 Y14.360
G1 X190.800 Y14.120
G1 X191.060 Y13.880
G1 X191.360 Y13.700
G1 X191.680 Y13.540
G1 X192.020 Y13.420
G1 X192.380 Y13.340
G1 X192.720 Y13.320
G1 X193.080 Y13.320
G1 X193.440 Y13.380
G1 X193.780 Y13.460
G1 X194.120 Y13.600
G1 X194.420 Y13.780
G1 X194.720 Y13.980
G1 X194.980 Y14.220
G1 X195.220 Y14.480
G1 X195.420 Y14.780
G1 X195.580 Y15.100
G1 X195.700 Y15.440
G1 X195.780 Y15.780
G1 X195.820 Y16.140
G1 X195.820 Y16.480
G1 X195.780 Y16.840
G1 X195.700 Y17.180
G1 X195.640 Y17.560
G1 X195.720 Y17.940
G1 X195.900 Y18.280
G1 X196.180 Y18.540
G1 X196.580 Y18.800
G1 X197.120 Y19.020
G1 X197.420 Y19.060
G1 X197.980 Y18.940
G1 X198.480 Y18.600
G1 X200.280 Y15.940
G1 X201.200 Y15.360
G1 X202.540 Y13.720
G1 X203.620 Y12.380
M5

; --- path 47/70 (15 pts) ---
G0 X179.260 Y53.440
M3 S1000
F350
; warmup: fwd half / back to start, then cut at full power
G1 X179.290 Y53.830
G1 X179.350 Y54.610
G1 X179.530 Y54.920
G1 X179.700 Y55.240
G1 X180.614 Y55.697
G1 X179.700 Y55.240
G1 X179.530 Y54.920
G1 X179.350 Y54.610
G1 X179.290 Y53.830
G1 X179.260 Y53.440
G1 X179.290 Y53.830
G1 X179.350 Y54.610
G1 X179.530 Y54.920
G1 X179.700 Y55.240
G1 X181.500 Y56.140
G1 X182.470 Y55.920
G1 X182.850 Y55.820
G1 X201.270 Y47.050
G1 X196.320 Y57.240
G1 X194.460 Y61.060
G1 X194.900 Y62.860
G1 X196.340 Y63.580
G1 X197.320 Y63.400
G1 X198.040 Y62.860
M5

; --- path 48/70 (97 pts) ---
G0 X203.840 Y88.180
M3 S1000
F350
; warmup: fwd half / back to start, then cut at full power
G1 X202.400 Y89.600
G1 X201.785 Y90.250
G1 X202.400 Y89.600
G1 X203.840 Y88.180
G1 X202.400 Y89.600
G1 X201.000 Y91.080
G1 X199.620 Y92.560
G1 X198.260 Y94.080
G1 X196.960 Y95.640
G1 X195.680 Y97.220
G1 X194.440 Y98.820
G1 X193.240 Y100.460
G1 X192.060 Y102.100
G1 X190.900 Y103.780
G1 X189.780 Y105.480
G1 X188.680 Y107.180
G1 X187.600 Y108.900
G1 X186.540 Y110.640
G1 X186.080 Y111.720
G1 X184.180 Y114.760
G1 X183.960 Y115.040
G1 X183.700 Y115.280
G1 X183.380 Y115.460
G1 X183.060 Y115.560
G1 X182.700 Y115.600
G1 X182.360 Y115.580
G1 X182.020 Y115.500
G1 X181.700 Y115.340
G1 X181.220 Y115.040
G1 X180.860 Y114.740
G1 X180.640 Y114.340
G1 X180.540 Y113.880
G1 X180.580 Y113.420
G1 X180.680 Y113.020
G1 X180.720 Y112.580
G1 X180.700 Y112.160
G1 X180.640 Y111.740
G1 X180.520 Y111.320
G1 X180.360 Y110.920
G1 X180.160 Y110.560
G1 X179.920 Y110.200
G1 X179.620 Y109.880
G1 X179.300 Y109.620
G1 X178.940 Y109.380
G1 X178.560 Y109.180
G1 X178.160 Y109.020
G1 X177.740 Y108.920
G1 X177.320 Y108.880
G1 X176.900 Y108.880
G1 X176.480 Y108.940
G1 X176.060 Y109.040
G1 X175.660 Y109.180
G1 X175.280 Y109.380
G1 X174.920 Y109.620
G1 X174.600 Y109.900
G1 X174.320 Y110.220
G1 X174.060 Y110.560
G1 X170.240 Y116.660
G1 X170.040 Y117.040
G1 X169.880 Y117.440
G1 X169.780 Y117.860
G1 X169.720 Y118.280
G1 X169.700 Y118.700
G1 X169.740 Y119.120
G1 X169.840 Y119.540
G1 X169.980 Y119.960
G1 X170.160 Y120.340
G1 X170.380 Y120.700
G1 X170.660 Y121.020
G1 X170.960 Y121.320
G1 X171.320 Y121.580
G1 X171.680 Y121.800
G1 X172.080 Y121.960
G1 X172.480 Y122.080
G1 X172.900 Y122.160
G1 X173.340 Y122.180
G1 X173.760 Y122.140
G1 X174.180 Y122.060
G1 X174.580 Y121.940
G1 X174.980 Y121.760
G1 X175.340 Y121.540
G1 X175.680 Y121.280
G1 X176.060 Y121.040
G1 X176.520 Y120.920
G1 X176.960 Y120.960
G1 X177.400 Y121.140
G1 X177.880 Y121.440
G1 X178.160 Y121.660
G1 X178.380 Y121.920
G1 X178.560 Y122.220
G1 X178.680 Y122.560
G1 X178.720 Y122.920
G1 X178.700 Y123.260
G1 X178.600 Y123.600
G1 X178.440 Y123.920
G1 X176.540 Y126.980
G1 X175.380 Y127.580
G1 X174.000 Y129.060
G1 X172.520 Y130.440
G1 X172.220 Y130.700
M5

; --- path 49/70 (63 pts) ---
G0 X171.020 Y137.580
M3 S1000
F350
; warmup: fwd half / back to start, then cut at full power
G1 X171.140 Y137.900
G1 X171.140 Y138.220
G1 X171.340 Y138.500
G1 X171.340 Y138.820
G1 X171.540 Y139.100
G1 X171.740 Y139.500
G1 X171.940 Y139.820
G1 X172.220 Y140.100
G1 X172.239 Y140.119
G1 X172.220 Y140.100
G1 X171.940 Y139.820
G1 X171.740 Y139.500
G1 X171.540 Y139.100
G1 X171.340 Y138.820
G1 X171.340 Y138.500
G1 X171.140 Y138.220
G1 X171.140 Y137.900
G1 X171.020 Y137.580
G1 X171.140 Y137.900
G1 X171.140 Y138.220
G1 X171.340 Y138.500
G1 X171.340 Y138.820
G1 X171.540 Y139.100
G1 X171.740 Y139.500
G1 X171.940 Y139.820
G1 X172.220 Y140.100
G1 X172.620 Y140.500
G1 X173.020 Y140.900
G1 X173.420 Y141.100
G1 X173.740 Y141.100
G1 X174.010 Y141.300
G1 X174.340 Y141.300
G1 X174.740 Y141.300
G1 X175.120 Y141.300
G1 X176.900 Y140.660
G1 X177.340 Y140.300
G1 X177.740 Y139.900
G1 X178.010 Y139.500
G1 X178.210 Y139.230
G1 X178.340 Y138.900
G1 X178.410 Y138.500
G1 X178.610 Y138.230
G1 X178.610 Y137.900
G1 X178.740 Y137.570
G1 X178.740 Y137.100
G1 X178.740 Y136.700
G1 X178.740 Y136.300
G1 X178.610 Y135.900
G1 X178.610 Y135.570
G1 X178.410 Y135.300
G1 X178.410 Y134.970
G1 X178.210 Y134.700
G1 X178.010 Y134.300
G1 X177.810 Y133.970
G1 X177.540 Y133.700
G1 X177.140 Y133.300
G1 X176.740 Y132.900
G1 X176.340 Y132.700
G1 X176.020 Y132.700
G1 X175.740 Y132.500
G1 X175.420 Y132.500
G1 X175.020 Y132.500
G1 X174.620 Y132.500
G1 X174.220 Y132.500
G1 X173.740 Y132.700
G1 X173.420 Y132.700
G1 X173.140 Y132.900
G1 X172.820 Y133.100
G1 X172.420 Y133.500
G1 X172.020 Y133.900
G1 X171.740 Y134.300
G1 X171.540 Y134.580
G1 X171.420 Y134.900
G1 X171.340 Y135.300
G1 X171.140 Y135.580
G1 X171.140 Y135.900
G1 X171.020 Y136.220
G1 X171.020 Y136.700
G1 X171.020 Y137.100
G1 X171.020 Y137.580
M5

; --- path 50/70 (115 pts) ---
G0 X169.960 Y147.900
M3 S1000
F350
; warmup: fwd half / back to start, then cut at full power
G1 X170.000 Y148.300
G1 X170.200 Y148.540
G1 X170.360 Y148.860
G1 X170.400 Y149.300
G1 X170.600 Y149.700
G1 X170.800 Y149.940
G1 X170.960 Y150.260
G1 X170.986 Y150.544
G1 X170.960 Y150.260
G1 X170.800 Y149.940
G1 X170.600 Y149.700
G1 X170.400 Y149.300
G1 X170.360 Y148.860
G1 X170.200 Y148.540
G1 X170.000 Y148.300
G1 X169.960 Y147.900
G1 X170.000 Y148.300
G1 X170.200 Y148.540
G1 X170.360 Y148.860
G1 X170.400 Y149.300
G1 X170.600 Y149.700
G1 X170.800 Y149.940
G1 X170.960 Y150.260
G1 X171.000 Y150.700
G1 X171.200 Y150.940
G1 X171.360 Y151.260
G1 X171.560 Y151.660
G1 X171.600 Y152.100
G1 X171.800 Y152.340
G1 X171.960 Y152.660
G1 X172.000 Y153.100
G1 X172.200 Y153.500
G1 X172.400 Y153.740
G1 X172.560 Y154.060
G1 X172.600 Y154.500
G1 X172.800 Y154.740
G1 X172.960 Y155.060
G1 X173.160 Y155.460
G1 X173.200 Y155.900
G1 X173.400 Y156.140
G1 X173.560 Y156.460
G1 X173.760 Y156.860
G1 X173.800 Y157.300
G1 X174.000 Y157.540
G1 X174.160 Y157.860
G1 X174.360 Y158.260
G1 X174.400 Y158.700
G1 X174.600 Y158.940
G1 X174.760 Y159.260
G1 X174.960 Y159.500
G1 X175.200 Y159.700
G1 X175.560 Y159.700
G1 X175.800 Y159.900
G1 X176.160 Y159.700
G1 X176.600 Y159.500
G1 X176.800 Y159.260
G1 X176.960 Y158.940
G1 X177.160 Y158.700
G1 X177.160 Y158.340
G1 X177.360 Y158.100
G1 X177.560 Y157.700
G1 X177.760 Y157.300
G1 X177.760 Y156.940
G1 X177.960 Y156.700
G1 X178.160 Y156.300
G1 X178.360 Y155.900
G1 X178.360 Y155.540
G1 X178.560 Y155.300
G1 X178.760 Y154.900
G1 X178.960 Y154.500
G1 X178.960 Y154.140
G1 X179.160 Y153.900
G1 X179.360 Y153.500
G1 X179.560 Y153.100
G1 X179.560 Y152.740
G1 X179.760 Y152.500
G1 X179.960 Y152.100
G1 X179.960 Y151.740
G1 X180.160 Y151.500
G1 X180.360 Y151.100
G1 X180.560 Y150.700
G1 X180.560 Y150.340
G1 X180.760 Y150.100
G1 X180.960 Y149.700
G1 X181.160 Y149.300
G1 X181.160 Y148.940
G1 X181.360 Y148.700
G1 X181.560 Y148.300
G1 X181.560 Y147.940
G1 X181.560 Y147.500
G1 X181.400 Y147.100
G1 X181.160 Y146.900
G1 X180.800 Y146.900
G1 X180.400 Y146.900
G1 X180.000 Y146.900
G1 X179.760 Y147.100
G1 X179.560 Y147.500
G1 X179.360 Y147.900
G1 X179.160 Y148.300
G1 X178.960 Y148.700
G1 X178.760 Y149.100
G1 X178.760 Y149.500
G1 X178.360 Y149.900
G1 X178.000 Y149.900
G1 X177.600 Y149.900
G1 X177.200 Y149.900
G1 X176.800 Y149.900
G1 X176.400 Y149.900
G1 X176.000 Y149.900
G1 X175.600 Y149.900
G1 X175.200 Y149.900
G1 X174.800 Y149.900
G1 X174.400 Y149.900
G1 X174.000 Y149.900
G1 X173.600 Y149.900
G1 X173.200 Y149.900
G1 X172.800 Y149.500
G1 X172.800 Y149.100
G1 X172.600 Y148.700
G1 X172.400 Y148.300
G1 X172.200 Y147.900
G1 X172.000 Y147.500
G1 X171.800 Y147.100
G1 X171.560 Y146.900
G1 X171.200 Y146.900
G1 X170.800 Y146.900
G1 X170.400 Y146.900
G1 X170.160 Y147.100
G1 X170.000 Y147.500
G1 X169.960 Y147.900
M5

; --- path 51/70 (10 pts) ---
G0 X175.530 Y151.900
M3 S1000
F350
; warmup: fwd half / back to start, then cut at full power
G1 X175.200 Y151.900
G1 X174.800 Y151.900
G1 X174.400 Y151.900
G1 X174.000 Y152.100
G1 X174.200 Y152.500
G1 X174.400 Y152.900
G1 X174.599 Y153.298
G1 X174.400 Y152.900
G1 X174.200 Y152.500
G1 X174.000 Y152.100
G1 X174.400 Y151.900
G1 X174.800 Y151.900
G1 X175.200 Y151.900
G1 X175.530 Y151.900
G1 X175.200 Y151.900
G1 X174.800 Y151.900
G1 X174.400 Y151.900
G1 X174.000 Y152.100
G1 X174.200 Y152.500
G1 X174.400 Y152.900
G1 X174.600 Y153.300
G1 X174.800 Y153.700
G1 X174.958 Y154.058
M5

; --- path 52/70 (9 pts) ---
G0 X175.170 Y154.470
M3 S1000
F350
; warmup: fwd half / back to start, then cut at full power
G1 X175.200 Y154.900
G1 X175.400 Y155.300
G1 X175.600 Y155.700
G1 X175.960 Y155.700
G1 X176.160 Y155.300
G1 X176.360 Y154.900
G1 X176.360 Y154.564
G1 X176.360 Y154.900
G1 X176.160 Y155.300
G1 X175.960 Y155.700
G1 X175.600 Y155.700
G1 X175.400 Y155.300
G1 X175.200 Y154.900
G1 X175.170 Y154.470
G1 X175.200 Y154.900
G1 X175.400 Y155.300
G1 X175.600 Y155.700
G1 X175.960 Y155.700
G1 X176.160 Y155.300
G1 X176.360 Y154.900
G1 X176.360 Y154.500
G1 X176.560 Y154.194
M5

; --- path 53/70 (9 pts) ---
G0 X176.760 Y153.777
M3 S1000
F350
; warmup: fwd half / back to start, then cut at full power
G1 X176.960 Y153.500
G1 X177.160 Y153.100
G1 X177.360 Y152.700
G1 X177.360 Y152.300
G1 X177.360 Y151.900
G1 X177.000 Y151.900
G1 X176.600 Y151.900
G1 X176.480 Y151.900
G1 X176.600 Y151.900
G1 X177.000 Y151.900
G1 X177.360 Y151.900
G1 X177.360 Y152.300
G1 X177.360 Y152.700
G1 X177.160 Y153.100
G1 X176.960 Y153.500
G1 X176.760 Y153.777
G1 X176.960 Y153.500
G1 X177.160 Y153.100
G1 X177.360 Y152.700
G1 X177.360 Y152.300
G1 X177.360 Y151.900
G1 X177.000 Y151.900
G1 X176.600 Y151.900
G1 X176.030 Y151.900
M5

; --- path 54/70 (100 pts) ---
G0 X185.520 Y158.700
M3 S1000
F350
; warmup: fwd half / back to start, then cut at full power
G1 X185.720 Y159.100
G1 X185.920 Y159.500
G1 X186.320 Y159.700
G1 X186.720 Y159.700
G1 X187.120 Y159.700
G1 X187.520 Y159.700
G1 X187.694 Y159.368
G1 X187.520 Y159.700
G1 X187.120 Y159.700
G1 X186.720 Y159.700
G1 X186.320 Y159.700
G1 X185.920 Y159.500
G1 X185.720 Y159.100
G1 X185.520 Y158.700
G1 X185.720 Y159.100
G1 X185.920 Y159.500
G1 X186.320 Y159.700
G1 X186.720 Y159.700
G1 X187.120 Y159.700
G1 X187.520 Y159.700
G1 X187.730 Y159.300
G1 X187.930 Y158.900
G1 X187.930 Y158.500
G1 X187.930 Y158.100
G1 X187.930 Y157.700
G1 X187.930 Y157.300
G1 X187.930 Y156.900
G1 X187.930 Y156.500
G1 X187.930 Y156.100
G1 X187.930 Y155.700
G1 X187.930 Y155.300
G1 X187.930 Y154.900
G1 X187.930 Y154.500
G1 X187.930 Y154.100
G1 X187.930 Y153.700
G1 X187.930 Y153.300
G1 X187.930 Y152.900
G1 X187.930 Y152.500
G1 X187.930 Y152.100
G1 X187.930 Y151.700
G1 X187.930 Y151.300
G1 X187.930 Y150.900
G1 X187.930 Y150.500
G1 X187.930 Y150.100
G1 X187.930 Y149.700
G1 X187.930 Y149.300
G1 X188.130 Y148.900
G1 X188.520 Y148.900
G1 X188.920 Y148.900
G1 X189.320 Y148.900
G1 X189.720 Y148.900
G1 X190.120 Y148.900
G1 X190.520 Y148.900
G1 X190.920 Y148.900
G1 X191.320 Y148.900
G1 X191.720 Y148.900
G1 X192.120 Y148.900
G1 X192.520 Y148.900
G1 X192.920 Y148.900
G1 X193.320 Y148.900
G1 X193.730 Y148.700
G1 X193.930 Y148.300
G1 X193.930 Y147.900
G1 X193.930 Y147.500
G1 X193.730 Y147.100
G1 X193.330 Y146.900
G1 X192.930 Y146.900
G1 X192.530 Y146.900
G1 X192.130 Y146.900
G1 X191.730 Y146.900
G1 X191.330 Y146.900
G1 X190.930 Y146.900
G1 X190.530 Y146.900
G1 X190.130 Y146.900
G1 X189.730 Y146.900
G1 X189.330 Y146.900
G1 X188.930 Y146.900
G1 X188.530 Y146.900
G1 X188.130 Y146.900
G1 X187.730 Y146.900
G1 X187.330 Y146.900
G1 X186.930 Y146.900
G1 X186.530 Y146.900
G1 X186.130 Y146.900
G1 X185.720 Y147.300
G1 X185.720 Y147.700
G1 X185.520 Y148.100
G1 X185.520 Y148.500
G1 X185.520 Y148.900
G1 X185.520 Y149.300
G1 X185.520 Y149.700
G1 X185.520 Y150.100
G1 X185.520 Y150.500
G1 X185.520 Y150.900
G1 X185.520 Y151.300
G1 X185.520 Y151.700
G1 X185.520 Y152.100
G1 X185.520 Y152.500
G1 X185.520 Y152.900
G1 X185.520 Y153.300
G1 X185.520 Y153.700
G1 X185.520 Y154.100
G1 X185.520 Y154.500
G1 X185.520 Y154.900
G1 X185.520 Y155.300
G1 X185.520 Y155.700
G1 X185.520 Y156.100
G1 X185.520 Y156.500
G1 X185.520 Y156.900
G1 X185.520 Y157.300
G1 X185.520 Y157.700
G1 X185.520 Y158.100
G1 X185.520 Y158.700
M5

; --- path 55/70 (148 pts) ---
G0 X197.800 Y149.300
M3 S1000
F350
; warmup: fwd half / back to start, then cut at full power
G1 X198.000 Y149.700
G1 X198.400 Y149.900
G1 X198.800 Y150.100
G1 X199.200 Y150.100
G1 X199.600 Y149.900
G1 X200.000 Y149.700
G1 X200.201 Y149.504
G1 X200.000 Y149.700
G1 X199.600 Y149.900
G1 X199.200 Y150.100
G1 X198.800 Y150.100
G1 X198.400 Y149.900
G1 X198.000 Y149.700
G1 X197.800 Y149.300
G1 X198.000 Y149.700
G1 X198.400 Y149.900
G1 X198.800 Y150.100
G1 X199.200 Y150.100
G1 X199.600 Y149.900
G1 X200.000 Y149.700
G1 X200.410 Y149.300
G1 X200.810 Y149.100
G1 X201.200 Y149.100
G1 X201.600 Y148.900
G1 X202.010 Y148.700
G1 X202.400 Y148.700
G1 X202.800 Y148.700
G1 X203.200 Y148.700
G1 X203.600 Y148.700
G1 X204.000 Y148.900
G1 X204.400 Y149.100
G1 X204.800 Y149.500
G1 X205.000 Y149.900
G1 X205.200 Y150.300
G1 X205.000 Y150.700
G1 X204.800 Y151.100
G1 X204.400 Y151.500
G1 X204.000 Y151.700
G1 X203.600 Y151.900
G1 X203.210 Y151.900
G1 X202.810 Y152.100
G1 X202.410 Y152.100
G1 X202.000 Y152.300
G1 X201.610 Y152.300
G1 X201.210 Y152.300
G1 X200.810 Y152.500
G1 X200.400 Y152.700
G1 X200.010 Y152.700
G1 X199.610 Y152.900
G1 X199.200 Y153.300
G1 X198.800 Y153.500
G1 X198.400 Y153.900
G1 X198.200 Y154.300
G1 X198.200 Y154.700
G1 X198.000 Y155.100
G1 X198.000 Y155.500
G1 X198.000 Y155.900
G1 X198.000 Y156.300
G1 X198.000 Y156.700
G1 X198.000 Y157.100
G1 X198.200 Y157.500
G1 X198.400 Y157.900
G1 X198.600 Y158.300
G1 X199.000 Y158.700
G1 X199.400 Y159.100
G1 X199.800 Y159.300
G1 X200.200 Y159.500
G1 X200.600 Y159.700
G1 X201.000 Y159.700
G1 X201.400 Y159.900
G1 X201.800 Y159.900
G1 X202.200 Y159.900
G1 X202.600 Y159.900
G1 X203.000 Y159.900
G1 X203.400 Y159.900
G1 X203.800 Y159.900
G1 X204.200 Y159.900
G1 X204.600 Y159.900
G1 X205.000 Y159.700
G1 X205.410 Y159.500
G1 X205.800 Y159.500
G1 X206.200 Y159.300
G1 X206.610 Y158.900
G1 X207.010 Y158.700
G1 X207.410 Y158.300
G1 X207.610 Y157.900
G1 X207.610 Y157.500
G1 X207.410 Y157.100
G1 X207.210 Y156.700
G1 X206.810 Y156.500
G1 X206.410 Y156.500
G1 X206.000 Y156.700
G1 X205.600 Y156.900
G1 X205.200 Y157.100
G1 X204.810 Y157.300
G1 X204.410 Y157.500
G1 X204.000 Y157.700
G1 X203.610 Y157.700
G1 X203.210 Y157.900
G1 X202.810 Y157.900
G1 X202.410 Y157.900
G1 X202.010 Y157.900
G1 X201.610 Y157.700
G1 X201.210 Y157.500
G1 X200.810 Y157.300
G1 X200.410 Y156.900
G1 X200.210 Y156.500
G1 X200.210 Y156.100
G1 X200.410 Y155.700
G1 X200.810 Y155.300
G1 X201.200 Y155.100
G1 X201.600 Y154.900
G1 X202.000 Y154.700
G1 X202.410 Y154.500
G1 X202.800 Y154.500
G1 X203.200 Y154.500
G1 X203.600 Y154.300
G1 X204.000 Y154.300
G1 X204.410 Y154.100
G1 X204.800 Y154.100
G1 X205.200 Y153.900
G1 X205.610 Y153.700
G1 X206.010 Y153.500
G1 X206.400 Y153.300
G1 X206.810 Y152.900
G1 X207.010 Y152.500
G1 X207.210 Y152.100
G1 X207.410 Y151.700
G1 X207.410 Y151.300
G1 X207.410 Y150.900
G1 X207.410 Y150.500
G1 X207.410 Y150.100
G1 X207.410 Y149.700
G1 X207.210 Y149.300
G1 X207.210 Y148.900
G1 X206.810 Y148.500
G1 X206.610 Y148.100
G1 X206.210 Y147.700
G1 X205.810 Y147.500
G1 X205.410 Y147.100
G1 X205.010 Y147.100
G1 X204.610 Y146.900
G1 X204.210 Y146.700
G1 X203.810 Y146.700
G1 X203.410 Y146.700
G1 X203.010 Y146.700
G1 X202.610 Y146.700
G1 X202.210 Y146.700
G1 X201.810 Y146.700
G1 X201.410 Y146.700
G1 X201.010 Y146.700
G1 X200.600 Y146.900
G1 X200.210 Y146.900
G1 X199.810 Y147.100
G1 X199.400 Y147.300
G1 X199.000 Y147.500
G1 X198.610 Y147.700
G1 X198.200 Y148.100
G1 X198.000 Y148.500
G1 X197.800 Y148.900
G1 X197.800 Y149.300
M5

; --- path 56/70 (106 pts) ---
G0 X198.120 Y137.700
M3 S1000
F350
; warmup: fwd half / back to start, then cut at full power
G1 X198.180 Y138.100
G1 X198.180 Y138.500
G1 X198.320 Y138.900
G1 X198.380 Y139.300
G1 X198.580 Y139.580
G1 X198.720 Y139.900
G1 X198.920 Y140.230
G1 X198.988 Y140.423
G1 X198.920 Y140.230
G1 X198.720 Y139.900
G1 X198.580 Y139.580
G1 X198.380 Y139.300
G1 X198.320 Y138.900
G1 X198.180 Y138.500
G1 X198.180 Y138.100
G1 X198.120 Y137.700
G1 X198.180 Y138.100
G1 X198.180 Y138.500
G1 X198.320 Y138.900
G1 X198.380 Y139.300
G1 X198.580 Y139.580
G1 X198.720 Y139.900
G1 X198.920 Y140.230
G1 X199.030 Y140.540
G1 X199.180 Y140.900
G1 X199.430 Y141.140
G1 X199.720 Y141.500
G1 X199.980 Y141.900
G1 X200.320 Y142.100
G1 X200.720 Y142.500
G1 X200.980 Y142.700
G1 X201.320 Y142.900
G1 X201.720 Y143.100
G1 X202.180 Y143.300
G1 X202.520 Y143.300
G1 X202.780 Y143.500
G1 X203.120 Y143.500
G1 X203.520 Y143.500
G1 X203.920 Y143.500
G1 X204.320 Y143.500
G1 X204.720 Y143.500
G1 X205.120 Y143.500
G1 X205.520 Y143.500
G1 X205.920 Y143.500
G1 X206.320 Y143.300
G1 X206.720 Y143.300
G1 X206.980 Y143.100
G1 X207.390 Y142.900
G1 X207.790 Y142.700
G1 X208.120 Y142.500
G1 X208.390 Y142.300
G1 X208.790 Y141.900
G1 X209.120 Y141.700
G1 X209.390 Y141.300
G1 X209.720 Y140.900
G1 X209.890 Y140.530
G1 X209.990 Y140.230
G1 X210.160 Y139.930
G1 X210.320 Y139.580
G1 X210.490 Y139.330
G1 X210.520 Y138.980
G1 X210.590 Y138.630
G1 X210.720 Y138.300
G1 X210.720 Y137.900
G1 X210.790 Y137.500
G1 X210.790 Y137.100
G1 X210.790 Y136.700
G1 X210.790 Y136.300
G1 X210.720 Y135.900
G1 X210.720 Y135.500
G1 X210.590 Y135.170
G1 X210.560 Y134.870
G1 X210.520 Y134.500
G1 X210.320 Y134.220
G1 X210.190 Y133.900
G1 X209.990 Y133.570
G1 X209.890 Y133.270
G1 X209.720 Y133.020
G1 X209.520 Y132.700
G1 X209.190 Y132.300
G1 X208.920 Y131.900
G1 X208.590 Y131.700
G1 X208.190 Y131.300
G1 X207.920 Y131.100
G1 X207.590 Y130.900
G1 X207.190 Y130.700
G1 X206.720 Y130.500
G1 X206.390 Y130.500
G1 X206.120 Y130.300
G1 X205.790 Y130.300
G1 X205.390 Y130.300
G1 X204.990 Y130.300
G1 X204.590 Y130.300
G1 X204.190 Y130.300
G1 X203.790 Y130.300
G1 X203.390 Y130.300
G1 X202.990 Y130.300
G1 X202.580 Y130.500
G1 X202.190 Y130.500
G1 X201.920 Y130.700
G1 X201.520 Y130.900
G1 X201.120 Y131.100
G1 X200.780 Y131.300
G1 X200.520 Y131.500
G1 X200.120 Y131.900
G1 X199.780 Y132.100
G1 X199.520 Y132.500
G1 X199.180 Y132.900
G1 X199.030 Y133.260
G1 X198.920 Y133.570
G1 X198.730 Y133.880
G1 X198.580 Y134.220
G1 X198.380 Y134.500
G1 X198.380 Y134.820
G1 X198.320 Y135.170
G1 X198.180 Y135.500
G1 X198.180 Y135.900
G1 X198.120 Y136.300
G1 X198.120 Y136.700
G1 X198.120 Y137.100
G1 X198.120 Y137.700
M5

; --- path 57/70 (67 pts) ---
G0 X200.590 Y137.570
M3 S1000
F350
; warmup: fwd half / back to start, then cut at full power
G1 X200.720 Y137.900
G1 X200.720 Y138.220
G1 X200.890 Y138.470
G1 X200.920 Y138.820
G1 X201.090 Y139.070
G1 X201.190 Y139.370
G1 X201.520 Y139.700
G1 X201.790 Y140.100
G1 X201.805 Y140.115
G1 X201.790 Y140.100
G1 X201.520 Y139.700
G1 X201.190 Y139.370
G1 X201.090 Y139.070
G1 X200.920 Y138.820
G1 X200.890 Y138.470
G1 X200.720 Y138.220
G1 X200.720 Y137.900
G1 X200.590 Y137.570
G1 X200.720 Y137.900
G1 X200.720 Y138.220
G1 X200.890 Y138.470
G1 X200.920 Y138.820
G1 X201.090 Y139.070
G1 X201.190 Y139.370
G1 X201.520 Y139.700
G1 X201.790 Y140.100
G1 X202.190 Y140.500
G1 X202.590 Y140.900
G1 X202.990 Y141.100
G1 X203.320 Y141.100
G1 X203.580 Y141.300
G1 X203.920 Y141.300
G1 X204.320 Y141.300
G1 X204.720 Y141.300
G1 X205.120 Y141.300
G1 X205.580 Y141.100
G1 X205.920 Y141.100
G1 X206.180 Y140.900
G1 X206.520 Y140.700
G1 X206.920 Y140.300
G1 X207.320 Y139.900
G1 X207.580 Y139.500
G1 X207.780 Y139.220
G1 X207.920 Y138.900
G1 X207.980 Y138.500
G1 X208.180 Y138.220
G1 X208.180 Y137.900
G1 X208.320 Y137.570
G1 X208.320 Y137.100
G1 X208.320 Y136.700
G1 X208.320 Y136.300
G1 X208.180 Y135.900
G1 X208.180 Y135.580
G1 X207.980 Y135.300
G1 X207.980 Y134.980
G1 X207.780 Y134.700
G1 X207.630 Y134.340
G1 X207.380 Y134.100
G1 X207.120 Y133.700
G1 X206.720 Y133.300
G1 X206.320 Y132.900
G1 X205.920 Y132.700
G1 X205.590 Y132.700
G1 X205.320 Y132.500
G1 X204.990 Y132.500
G1 X204.590 Y132.500
G1 X204.190 Y132.500
G1 X203.790 Y132.500
G1 X203.320 Y132.700
G1 X202.990 Y132.700
G1 X202.720 Y132.900
G1 X202.390 Y133.100
G1 X201.990 Y133.500
G1 X201.590 Y133.900
G1 X201.320 Y134.300
G1 X201.120 Y134.580
G1 X200.990 Y134.900
G1 X200.920 Y135.300
G1 X200.720 Y135.580
G1 X200.720 Y135.900
G1 X200.590 Y136.230
G1 X200.590 Y136.700
G1 X200.590 Y137.100
G1 X200.590 Y137.570
M5

; --- path 58/70 (80 pts) ---
G0 X194.030 Y130.710
M3 S1000
F350
; warmup: fwd half / back to start, then cut at full power
G1 X194.520 Y130.380
G1 X196.240 Y129.260
G1 X196.467 Y129.108
G1 X196.240 Y129.260
G1 X194.520 Y130.380
G1 X194.030 Y130.710
G1 X194.520 Y130.380
G1 X196.240 Y129.260
G1 X197.940 Y128.120
G1 X198.420 Y127.600
G1 X201.000 Y126.080
G1 X201.420 Y125.680
G1 X201.580 Y125.420
G1 X201.720 Y124.860
G1 X201.640 Y124.280
G1 X201.280 Y123.600
G1 X201.040 Y123.320
G1 X200.700 Y123.120
G1 X200.340 Y123.020
G1 X199.960 Y123.060
G1 X199.600 Y123.120
G1 X199.240 Y123.140
G1 X198.900 Y123.120
G1 X198.540 Y123.060
G1 X198.200 Y122.960
G1 X197.880 Y122.820
G1 X197.560 Y122.640
G1 X197.280 Y122.420
G1 X197.020 Y122.180
G1 X196.800 Y121.900
G1 X196.600 Y121.600
G1 X196.460 Y121.280
G1 X196.340 Y120.940
G1 X196.260 Y120.600
G1 X196.220 Y120.240
G1 X196.240 Y119.880
G1 X196.280 Y119.540
G1 X196.380 Y119.200
G1 X196.520 Y118.860
G1 X196.680 Y118.540
G1 X196.900 Y118.260
G1 X197.140 Y118.000
G1 X197.400 Y117.760
G1 X197.700 Y117.560
G1 X202.860 Y114.500
G1 X203.180 Y114.340
G1 X203.520 Y114.220
G1 X203.860 Y114.140
G1 X204.220 Y114.100
G1 X204.560 Y114.100
G1 X204.920 Y114.140
G1 X205.260 Y114.220
G1 X205.600 Y114.340
G1 X205.920 Y114.500
G1 X206.220 Y114.700
G1 X206.480 Y114.940
G1 X206.720 Y115.200
G1 X206.920 Y115.500
G1 X207.100 Y115.800
G1 X207.240 Y116.140
G1 X207.320 Y116.480
G1 X207.380 Y116.840
G1 X207.380 Y117.180
G1 X207.360 Y117.540
G1 X207.280 Y117.880
G1 X207.160 Y118.220
G1 X207.000 Y118.540
G1 X206.820 Y118.840
G1 X206.600 Y119.120
G1 X206.380 Y119.440
G1 X206.280 Y119.820
G1 X206.300 Y120.200
G1 X206.440 Y120.540
G1 X206.680 Y120.960
G1 X207.080 Y121.400
G1 X207.600 Y121.640
G1 X207.900 Y121.700
G1 X208.480 Y121.600
G1 X211.320 Y119.960
G1 X212.020 Y119.840
G1 X213.860 Y118.920
G1 X215.720 Y118.060
G1 X217.580 Y117.240
G1 X219.480 Y116.440
G1 X221.360 Y115.680
M5

; --- path 59/70 (78 pts) ---
G0 X263.380 Y122.900
M3 S1000
F350
; warmup: fwd half / back to start, then cut at full power
G1 X264.060 Y123.380
G1 X265.820 Y123.520
G1 X266.139 Y123.523
G1 X265.820 Y123.520
G1 X264.060 Y123.380
G1 X263.380 Y122.900
G1 X264.060 Y123.380
G1 X265.820 Y123.520
G1 X267.960 Y123.540
G1 X270.100 Y123.600
G1 X271.220 Y123.280
G1 X274.180 Y123.700
G1 X274.480 Y123.760
G1 X274.980 Y124.060
G1 X275.340 Y124.520
G1 X275.480 Y125.100
G1 X275.400 Y125.860
G1 X275.280 Y126.220
G1 X275.060 Y126.540
G1 X274.760 Y126.760
G1 X274.400 Y126.880
G1 X274.040 Y126.960
G1 X273.700 Y127.060
G1 X273.380 Y127.220
G1 X273.080 Y127.420
G1 X272.820 Y127.640
G1 X272.560 Y127.900
G1 X272.360 Y128.180
G1 X272.180 Y128.480
G1 X272.020 Y128.820
G1 X271.920 Y129.160
G1 X271.860 Y129.500
G1 X271.840 Y129.860
G1 X271.880 Y130.220
G1 X271.940 Y130.560
G1 X272.040 Y130.900
G1 X272.180 Y131.240
G1 X272.380 Y131.540
G1 X272.600 Y131.820
G1 X272.840 Y132.080
G1 X273.120 Y132.300
G1 X273.420 Y132.480
G1 X273.740 Y132.640
G1 X274.080 Y132.740
G1 X274.440 Y132.820
G1 X280.380 Y133.640
G1 X280.740 Y133.660
G1 X281.080 Y133.660
G1 X281.440 Y133.600
G1 X281.780 Y133.500
G1 X282.120 Y133.360
G1 X282.420 Y133.180
G1 X282.700 Y132.980
G1 X282.960 Y132.740
G1 X283.200 Y132.460
G1 X283.400 Y132.160
G1 X283.560 Y131.840
G1 X283.680 Y131.500
G1 X283.760 Y131.160
G1 X283.780 Y130.800
G1 X283.780 Y130.440
G1 X283.740 Y130.100
G1 X283.640 Y129.740
G1 X283.520 Y129.420
G1 X283.360 Y129.100
G1 X283.140 Y128.820
G1 X282.900 Y128.540
G1 X282.640 Y128.300
G1 X282.360 Y128.100
G1 X282.040 Y127.940
G1 X281.720 Y127.720
G1 X281.480 Y127.420
G1 X281.360 Y127.060
G1 X281.340 Y126.680
G1 X281.420 Y126.220
G1 X281.480 Y125.920
G1 X281.780 Y125.420
G1 X282.240 Y125.060
G1 X282.800 Y124.920
G1 X283.100 Y124.940
G1 X286.080 Y125.340
G1 X287.080 Y125.860
G1 X288.780 Y126.240
M5

; --- path 60/70 (86 pts) ---
G0 X288.540 Y165.440
M3 S1000
F350
; warmup: fwd half / back to start, then cut at full power
G1 X287.100 Y164.580
G1 X286.025 Y163.964
G1 X287.100 Y164.580
G1 X288.540 Y165.440
G1 X287.100 Y164.580
G1 X285.320 Y163.560
G1 X283.480 Y162.560
G1 X281.620 Y161.660
G1 X281.620 Y160.220
G1 X278.540 Y159.940
G1 X278.240 Y159.880
G1 X277.940 Y159.760
G1 X277.680 Y159.580
G1 X277.460 Y159.360
G1 X277.280 Y159.100
G1 X277.160 Y158.820
G1 X277.100 Y158.520
G1 X277.080 Y158.200
G1 X277.140 Y157.700
G1 X277.240 Y157.300
G1 X277.460 Y156.960
G1 X277.780 Y156.700
G1 X278.160 Y156.560
G1 X278.520 Y156.460
G1 X278.880 Y156.320
G1 X279.200 Y156.140
G1 X279.520 Y155.920
G1 X279.800 Y155.660
G1 X280.060 Y155.380
G1 X280.260 Y155.060
G1 X280.440 Y154.720
G1 X280.580 Y154.360
G1 X280.660 Y154.000
G1 X280.720 Y153.620
G1 X280.720 Y153.240
G1 X280.680 Y152.860
G1 X280.580 Y152.500
G1 X280.460 Y152.140
G1 X280.280 Y151.800
G1 X280.060 Y151.480
G1 X279.820 Y151.200
G1 X279.540 Y150.940
G1 X279.240 Y150.720
G1 X278.900 Y150.540
G1 X278.540 Y150.380
G1 X278.180 Y150.280
G1 X277.800 Y150.220
G1 X271.240 Y149.640
G1 X270.860 Y149.620
G1 X270.480 Y149.660
G1 X270.100 Y149.740
G1 X269.740 Y149.860
G1 X269.400 Y150.020
G1 X269.080 Y150.220
G1 X268.780 Y150.460
G1 X268.520 Y150.740
G1 X268.280 Y151.040
G1 X268.100 Y151.360
G1 X267.940 Y151.720
G1 X267.840 Y152.080
G1 X267.760 Y152.460
G1 X267.740 Y152.840
G1 X267.760 Y153.220
G1 X267.840 Y153.580
G1 X267.960 Y153.960
G1 X268.100 Y154.300
G1 X268.300 Y154.620
G1 X268.540 Y154.920
G1 X268.800 Y155.200
G1 X269.100 Y155.440
G1 X269.420 Y155.640
G1 X269.760 Y155.800
G1 X270.120 Y156.000
G1 X270.380 Y156.320
G1 X270.540 Y156.700
G1 X270.560 Y157.100
G1 X270.520 Y157.600
G1 X270.460 Y157.920
G1 X270.340 Y158.200
G1 X270.160 Y158.460
G1 X269.940 Y158.700
G1 X269.680 Y158.860
G1 X269.400 Y159.000
G1 X269.100 Y159.060
G1 X268.780 Y159.060
G1 X265.700 Y158.780
G1 X265.400 Y159.900
G1 X263.360 Y160.240
G1 X261.700 Y160.540
M5

; --- path 61/70 (5 pts) ---
G0 X258.240 Y174.450
M3 S1000
F350
; warmup: fwd half / back to start, then cut at full power
G1 X255.398 Y173.792
G1 X258.240 Y174.450
G1 X246.140 Y171.650
G1 X241.910 Y170.660
G1 X244.060 Y160.490
G1 X242.980 Y159.000
M5

; --- path 62/70 (2 pts) ---
G0 X238.180 Y174.320
M3 S1000
F350
; warmup: fwd half / back to start, then cut at full power
G1 X241.021 Y174.979
G1 X238.180 Y174.320
G1 X259.820 Y179.340
M5

; --- path 63/70 (84 pts) ---
G0 X261.540 Y178.100
M3 S1000
F350
; warmup: fwd half / back to start, then cut at full power
G1 X263.060 Y178.960
G1 X264.075 Y179.543
G1 X263.060 Y178.960
G1 X261.540 Y178.100
G1 X263.060 Y178.960
G1 X264.940 Y180.040
G1 X265.700 Y180.040
G1 X268.240 Y181.820
G1 X268.460 Y182.040
G1 X268.660 Y182.280
G1 X268.800 Y182.560
G1 X268.880 Y182.860
G1 X268.900 Y183.180
G1 X268.860 Y183.480
G1 X268.760 Y183.780
G1 X268.620 Y184.060
G1 X268.320 Y184.480
G1 X268.040 Y184.760
G1 X267.660 Y184.940
G1 X267.260 Y185.020
G1 X266.860 Y184.940
G1 X266.500 Y184.840
G1 X266.120 Y184.780
G1 X265.740 Y184.780
G1 X265.360 Y184.800
G1 X265.000 Y184.880
G1 X264.640 Y185.000
G1 X264.280 Y185.180
G1 X263.960 Y185.380
G1 X263.680 Y185.620
G1 X263.400 Y185.880
G1 X263.180 Y186.200
G1 X262.980 Y186.520
G1 X262.840 Y186.860
G1 X262.720 Y187.240
G1 X262.660 Y187.600
G1 X262.640 Y187.980
G1 X262.660 Y188.360
G1 X262.720 Y188.740
G1 X262.840 Y189.100
G1 X263.000 Y189.440
G1 X263.180 Y189.780
G1 X263.420 Y190.080
G1 X263.680 Y190.340
G1 X263.980 Y190.580
G1 X269.360 Y194.400
G1 X269.680 Y194.600
G1 X270.040 Y194.760
G1 X270.400 Y194.880
G1 X270.760 Y194.960
G1 X271.140 Y195.000
G1 X271.520 Y194.980
G1 X271.900 Y194.920
G1 X272.260 Y194.820
G1 X272.620 Y194.680
G1 X272.940 Y194.480
G1 X273.260 Y194.260
G1 X273.540 Y194.000
G1 X273.780 Y193.720
G1 X273.980 Y193.400
G1 X274.160 Y193.060
G1 X274.280 Y192.700
G1 X274.380 Y192.320
G1 X274.420 Y191.940
G1 X274.420 Y191.560
G1 X274.360 Y191.200
G1 X274.260 Y190.820
G1 X274.140 Y190.460
G1 X273.960 Y190.140
G1 X273.740 Y189.820
G1 X273.540 Y189.460
G1 X273.460 Y189.060
G1 X273.520 Y188.660
G1 X273.700 Y188.300
G1 X274.000 Y187.880
G1 X274.200 Y187.640
G1 X274.440 Y187.440
G1 X274.720 Y187.300
G1 X275.040 Y187.220
G1 X275.340 Y187.200
G1 X275.660 Y187.240
G1 X275.960 Y187.340
G1 X276.220 Y187.500
G1 X278.760 Y189.300
G1 X279.000 Y190.000
G1 X280.640 Y191.420
G1 X281.960 Y192.580
M5

; --- path 64/70 (11 pts) ---
G0 X244.640 Y76.340
M3 S1000
F350
; warmup: fwd half / back to start, then cut at full power
G1 X244.080 Y76.190
G1 X243.160 Y75.940
G1 X241.803 Y76.208
G1 X243.160 Y75.940
G1 X244.080 Y76.190
G1 X244.640 Y76.340
G1 X244.080 Y76.190
G1 X243.160 Y75.940
G1 X241.440 Y76.280
G1 X238.670 Y76.810
G1 X238.310 Y76.270
G1 X237.760 Y75.440
G1 X238.317 Y76.270
G1 X238.680 Y76.810
G1 X238.320 Y76.270
G1 X238.680 Y76.810
M5

; --- path 65/70 (84 pts) ---
G0 X244.640 Y76.340
M3 S1000
F350
; warmup: fwd half / back to start, then cut at full power
G1 X246.080 Y75.440
G1 X247.122 Y74.808
G1 X246.080 Y75.440
G1 X244.640 Y76.340
G1 X246.080 Y75.440
G1 X247.860 Y74.360
G1 X249.660 Y73.300
G1 X249.800 Y72.720
G1 X252.620 Y71.460
G1 X252.920 Y71.360
G1 X253.240 Y71.320
G1 X253.540 Y71.340
G1 X253.840 Y71.420
G1 X254.120 Y71.560
G1 X254.380 Y71.760
G1 X254.580 Y72.000
G1 X254.740 Y72.280
G1 X254.940 Y72.740
G1 X255.040 Y73.120
G1 X255.020 Y73.540
G1 X254.860 Y73.920
G1 X254.600 Y74.220
G1 X254.340 Y74.500
G1 X254.100 Y74.780
G1 X253.900 Y75.100
G1 X253.720 Y75.440
G1 X253.600 Y75.800
G1 X253.520 Y76.180
G1 X253.500 Y76.560
G1 X253.500 Y76.940
G1 X253.560 Y77.320
G1 X253.660 Y77.680
G1 X253.800 Y78.040
G1 X253.980 Y78.360
G1 X254.200 Y78.680
G1 X254.460 Y78.960
G1 X254.760 Y79.200
G1 X255.060 Y79.420
G1 X255.400 Y79.580
G1 X255.760 Y79.720
G1 X256.140 Y79.800
G1 X256.520 Y79.840
G1 X256.900 Y79.840
G1 X257.260 Y79.800
G1 X257.640 Y79.720
G1 X258.000 Y79.580
G1 X264.020 Y76.880
G1 X264.360 Y76.720
G1 X264.680 Y76.500
G1 X264.960 Y76.260
G1 X265.220 Y75.960
G1 X265.440 Y75.660
G1 X265.620 Y75.320
G1 X265.760 Y74.980
G1 X265.860 Y74.600
G1 X265.900 Y74.220
G1 X265.920 Y73.840
G1 X265.880 Y73.480
G1 X265.800 Y73.100
G1 X265.680 Y72.740
G1 X265.500 Y72.400
G1 X265.300 Y72.080
G1 X265.060 Y71.780
G1 X264.780 Y71.520
G1 X264.480 Y71.300
G1 X264.160 Y71.100
G1 X263.800 Y70.960
G1 X263.440 Y70.840
G1 X263.060 Y70.780
G1 X262.680 Y70.760
G1 X262.300 Y70.800
G1 X261.900 Y70.780
G1 X261.520 Y70.640
G1 X261.200 Y70.380
G1 X260.960 Y70.040
G1 X260.760 Y69.580
G1 X260.660 Y69.280
G1 X260.620 Y68.980
G1 X260.640 Y68.660
G1 X260.740 Y68.360
G1 X260.880 Y68.080
G1 X261.060 Y67.840
G1 X261.300 Y67.620
G1 X261.580 Y67.460
G1 X264.400 Y66.200
G1 X264.880 Y66.400
G1 X266.480 Y65.840
M5

; --- path 66/70 (38 pts) ---
G0 X159.610 Y157.500
M3 S1000
F350
; warmup: fwd half / back to start, then cut at full power
G1 X160.000 Y157.700
G1 X160.400 Y157.700
G1 X160.800 Y157.700
G1 X161.200 Y157.700
G1 X161.600 Y157.700
G1 X162.000 Y157.700
G1 X162.400 Y157.700
G1 X162.478 Y157.700
G1 X162.400 Y157.700
G1 X162.000 Y157.700
G1 X161.600 Y157.700
G1 X161.200 Y157.700
G1 X160.800 Y157.700
G1 X160.400 Y157.700
G1 X160.000 Y157.700
G1 X159.610 Y157.500
G1 X160.000 Y157.700
G1 X160.400 Y157.700
G1 X160.800 Y157.700
G1 X161.200 Y157.700
G1 X161.600 Y157.700
G1 X162.000 Y157.700
G1 X162.400 Y157.700
G1 X162.800 Y157.700
G1 X163.200 Y157.700
G1 X163.600 Y157.300
G1 X164.000 Y156.900
G1 X164.200 Y156.500
G1 X164.200 Y156.100
G1 X164.400 Y155.700
G1 X164.200 Y155.300
G1 X164.200 Y154.900
G1 X164.000 Y154.500
G1 X163.600 Y154.100
G1 X163.200 Y153.700
G1 X162.800 Y153.500
G1 X162.410 Y153.500
G1 X162.010 Y153.500
G1 X161.610 Y153.500
G1 X161.210 Y153.500
G1 X160.810 Y153.500
G1 X160.410 Y153.500
G1 X160.010 Y153.500
G1 X159.610 Y153.700
G1 X159.610 Y154.100
G1 X159.610 Y154.500
G1 X159.610 Y154.900
G1 X159.610 Y155.300
G1 X159.610 Y155.700
G1 X159.610 Y156.100
G1 X159.610 Y156.500
G1 X159.610 Y156.900
G1 X159.610 Y157.500
M5

; --- path 67/70 (254 pts) ---
G0 X159.200 Y225.560
M3 S1000
F350
; warmup: fwd half / back to start, then cut at full power
G1 X161.180 Y225.180
G1 X162.061 Y224.991
G1 X161.180 Y225.180
G1 X159.200 Y225.560
G1 X161.180 Y225.180
G1 X163.140 Y224.760
G1 X165.080 Y224.300
G1 X167.020 Y223.780
G1 X168.960 Y223.220
G1 X170.860 Y222.600
G1 X172.760 Y221.940
G1 X174.640 Y221.240
G1 X176.500 Y220.500
G1 X178.340 Y219.700
G1 X180.160 Y218.860
G1 X181.960 Y217.980
G1 X183.740 Y217.040
G1 X185.500 Y216.080
G1 X187.240 Y215.060
G1 X188.940 Y214.000
G1 X190.620 Y212.900
G1 X192.260 Y211.760
G1 X193.900 Y210.580
G1 X195.480 Y209.360
G1 X197.040 Y208.100
G1 X198.580 Y206.820
G1 X200.080 Y205.480
G1 X201.540 Y204.120
G1 X202.980 Y202.700
G1 X204.380 Y201.260
G1 X205.740 Y199.800
G1 X207.060 Y198.280
G1 X208.360 Y196.740
G1 X209.600 Y195.180
G1 X210.820 Y193.580
G1 X211.980 Y191.960
G1 X213.120 Y190.300
G1 X214.200 Y188.600
G1 X215.260 Y186.900
G1 X216.260 Y185.160
G1 X217.220 Y183.400
G1 X218.180 Y181.580
G1 X219.060 Y179.720
G1 X219.920 Y177.840
G1 X220.720 Y175.960
G1 X221.480 Y174.040
G1 X222.180 Y172.100
G1 X222.840 Y170.160
G1 X223.440 Y168.200
G1 X224.000 Y166.220
G1 X224.520 Y164.220
G1 X224.980 Y162.220
G1 X225.380 Y160.200
G1 X225.740 Y158.160
G1 X226.040 Y156.140
G1 X226.300 Y154.100
G1 X226.500 Y152.040
G1 X226.640 Y150.000
G1 X226.740 Y147.940
G1 X226.800 Y145.880
G1 X226.800 Y143.820
G1 X226.740 Y141.760
G1 X226.640 Y139.720
G1 X226.480 Y137.660
G1 X226.260 Y135.620
G1 X226.000 Y133.580
G1 X225.680 Y131.540
G1 X225.320 Y129.520
G1 X224.900 Y127.500
G1 X224.440 Y125.500
G1 X223.920 Y123.500
G1 X223.360 Y121.520
G1 X222.740 Y119.560
G1 X222.080 Y117.620
G1 X221.360 Y115.680
G1 X220.600 Y113.780
G1 X219.800 Y111.900
G1 X218.940 Y110.020
G1 X218.040 Y108.180
G1 X217.100 Y106.360
G1 X216.100 Y104.560
G1 X215.080 Y102.800
G1 X214.000 Y101.040
G1 X212.860 Y99.340
G1 X211.700 Y97.640
G1 X210.500 Y95.980
G1 X209.240 Y94.360
G1 X207.940 Y92.760
G1 X206.620 Y91.200
G1 X205.260 Y89.660
G1 X203.840 Y88.180
G1 X202.400 Y86.720
G1 X200.900 Y85.280
G1 X199.380 Y83.900
G1 X197.820 Y82.540
G1 X196.240 Y81.220
G1 X194.600 Y79.960
G1 X192.960 Y78.720
G1 X191.260 Y77.540
G1 X189.560 Y76.400
G1 X187.800 Y75.300
G1 X186.040 Y74.240
G1 X184.240 Y73.220
G1 X182.420 Y72.260
G1 X180.580 Y71.340
G1 X178.700 Y70.460
G1 X176.820 Y69.640
G1 X174.900 Y68.860
G1 X172.980 Y68.140
G1 X171.040 Y67.460
G1 X169.060 Y66.820
G1 X167.080 Y66.240
G1 X165.100 Y65.700
G1 X163.100 Y65.220
G1 X161.080 Y64.800
G1 X159.040 Y64.420
G1 X157.020 Y64.080
G1 X154.960 Y63.800
G1 X152.940 Y63.580
G1 X150.920 Y63.420
G1 X148.900 Y63.300
G1 X146.860 Y63.220
G1 X144.820 Y63.200
G1 X142.800 Y63.220
G1 X140.760 Y63.300
G1 X138.740 Y63.440
G1 X136.700 Y63.620
G1 X134.680 Y63.860
G1 X132.680 Y64.140
G1 X130.660 Y64.460
G1 X128.680 Y64.840
G1 X126.680 Y65.280
G1 X124.700 Y65.760
G1 X122.740 Y66.280
G1 X120.800 Y66.860
G1 X118.860 Y67.480
G1 X116.940 Y68.160
G1 X115.040 Y68.880
G1 X113.160 Y69.660
G1 X111.300 Y70.460
G1 X109.460 Y71.320
G1 X107.640 Y72.240
G1 X105.840 Y73.180
G1 X104.060 Y74.180
G1 X102.320 Y75.220
G1 X100.600 Y76.300
G1 X98.900 Y77.420
G1 X97.240 Y78.600
G1 X95.600 Y79.800
G1 X94.000 Y81.040
G1 X92.420 Y82.340
G1 X90.860 Y83.680
G1 X89.340 Y85.060
G1 X87.840 Y86.480
G1 X86.400 Y87.920
G1 X84.980 Y89.420
G1 X83.600 Y90.940
G1 X82.260 Y92.500
G1 X80.960 Y94.100
G1 X79.700 Y95.720
G1 X78.480 Y97.380
G1 X77.320 Y99.060
G1 X76.180 Y100.780
G1 X75.080 Y102.520
G1 X74.040 Y104.300
G1 X73.040 Y106.100
G1 X72.080 Y107.920
G1 X71.180 Y109.760
G1 X70.320 Y111.620
G1 X69.500 Y113.520
G1 X68.740 Y115.420
G1 X68.020 Y117.340
G1 X67.340 Y119.280
G1 X66.720 Y121.240
G1 X66.160 Y123.220
G1 X65.620 Y125.220
G1 X65.160 Y127.200
G1 X64.740 Y129.220
G1 X64.360 Y131.240
G1 X64.040 Y133.260
G1 X63.780 Y135.300
G1 X63.560 Y137.340
G1 X63.400 Y139.380
G1 X63.280 Y141.440
G1 X63.220 Y143.480
G1 X63.200 Y145.540
G1 X63.240 Y147.580
G1 X63.320 Y149.640
G1 X63.480 Y151.680
G1 X63.660 Y153.720
G1 X63.900 Y155.760
G1 X64.200 Y157.800
G1 X64.560 Y159.820
G1 X64.940 Y161.840
G1 X65.400 Y163.840
G1 X65.900 Y165.820
G1 X66.440 Y167.800
G1 X67.040 Y169.760
G1 X67.680 Y171.720
G1 X68.380 Y173.640
G1 X69.120 Y175.560
G1 X69.920 Y177.460
G1 X70.740 Y179.320
G1 X71.640 Y181.180
G1 X72.560 Y183.000
G1 X73.540 Y184.820
G1 X74.560 Y186.600
G1 X75.620 Y188.340
G1 X76.720 Y190.040
G1 X77.840 Y191.700
G1 X79.000 Y193.340
G1 X80.220 Y194.940
G1 X81.460 Y196.520
G1 X82.740 Y198.060
G1 X84.060 Y199.580
G1 X85.420 Y201.040
G1 X86.820 Y202.500
G1 X88.240 Y203.900
G1 X89.700 Y205.280
G1 X91.200 Y206.620
G1 X92.720 Y207.920
G1 X94.280 Y209.180
G1 X95.880 Y210.420
G1 X97.500 Y211.600
G1 X99.140 Y212.740
G1 X100.820 Y213.840
G1 X102.520 Y214.920
G1 X104.260 Y215.940
G1 X106.000 Y216.920
G1 X107.780 Y217.840
G1 X109.580 Y218.740
G1 X111.400 Y219.580
G1 X113.240 Y220.380
G1 X115.100 Y221.140
G1 X116.980 Y221.860
G1 X118.880 Y222.520
G1 X120.780 Y223.140
G1 X121.360 Y223.300
G1 X122.700 Y223.700
G1 X124.640 Y224.220
G1 X126.600 Y224.700
G1 X128.600 Y225.140
G1 X130.620 Y225.520
G1 X132.640 Y225.860
G1 X134.680 Y226.140
G1 X136.720 Y226.380
G1 X138.760 Y226.560
G1 X140.800 Y226.700
G1 X142.860 Y226.780
G1 X144.920 Y226.800
G1 X146.960 Y226.780
G1 X149.020 Y226.700
G1 X151.060 Y226.580
G1 X153.100 Y226.400
G1 X155.140 Y226.180
G1 X157.180 Y225.900
G1 X159.200 Y225.560
M5

; --- path 68/70 (83 pts) ---
G0 X44.900 Y76.900
M3 S1000
F350
; warmup: fwd half / back to start, then cut at full power
G1 X43.520 Y75.940
G1 X42.496 Y75.249
G1 X43.520 Y75.940
G1 X44.900 Y76.900
G1 X43.520 Y75.940
G1 X41.800 Y74.780
G1 X40.080 Y73.640
G1 X40.040 Y73.080
G1 X37.260 Y71.680
G1 X36.660 Y71.520
G1 X36.360 Y71.520
G1 X36.040 Y71.600
G1 X35.760 Y71.720
G1 X35.500 Y71.900
G1 X35.280 Y72.120
G1 X35.120 Y72.400
G1 X34.900 Y72.840
G1 X34.760 Y73.240
G1 X34.780 Y73.640
G1 X34.900 Y74.020
G1 X35.160 Y74.360
G1 X35.420 Y74.640
G1 X35.640 Y74.940
G1 X35.820 Y75.260
G1 X35.980 Y75.620
G1 X36.080 Y75.980
G1 X36.140 Y76.360
G1 X36.160 Y76.740
G1 X36.120 Y77.120
G1 X36.040 Y77.500
G1 X35.920 Y77.860
G1 X35.760 Y78.200
G1 X35.560 Y78.520
G1 X35.340 Y78.820
G1 X35.060 Y79.080
G1 X34.760 Y79.320
G1 X34.440 Y79.520
G1 X34.080 Y79.660
G1 X33.720 Y79.780
G1 X33.360 Y79.860
G1 X32.980 Y79.880
G1 X32.600 Y79.860
G1 X32.220 Y79.800
G1 X31.860 Y79.680
G1 X31.500 Y79.540
G1 X25.620 Y76.560
G1 X25.300 Y76.360
G1 X24.980 Y76.140
G1 X24.720 Y75.880
G1 X24.480 Y75.580
G1 X24.260 Y75.260
G1 X24.100 Y74.920
G1 X23.980 Y74.560
G1 X23.900 Y74.180
G1 X23.860 Y73.800
G1 X23.880 Y73.420
G1 X23.920 Y73.040
G1 X24.020 Y72.680
G1 X24.180 Y72.320
G1 X24.360 Y72.000
G1 X24.580 Y71.680
G1 X24.840 Y71.400
G1 X25.120 Y71.160
G1 X25.440 Y70.940
G1 X25.780 Y70.780
G1 X26.120 Y70.640
G1 X26.500 Y70.540
G1 X26.880 Y70.500
G1 X27.260 Y70.500
G1 X27.640 Y70.540
G1 X28.040 Y70.560
G1 X28.420 Y70.440
G1 X28.760 Y70.200
G1 X29.000 Y69.860
G1 X29.220 Y69.420
G1 X29.340 Y69.120
G1 X29.400 Y68.820
G1 X29.400 Y68.500
G1 X29.320 Y68.200
G1 X29.200 Y67.900
G1 X29.020 Y67.660
G1 X28.780 Y67.440
G1 X28.520 Y67.260
G1 X25.760 Y65.860
G1 X25.340 Y66.080
G1 X23.780 Y65.440
M5

; --- path 69/70 (13 pts) ---
G0 X48.880 Y78.560
M3 S1000
F350
; warmup: fwd half / back to start, then cut at full power
G1 X49.180 Y80.520
G1 X49.690 Y81.302
G1 X49.180 Y80.520
G1 X48.880 Y78.560
G1 X49.180 Y80.520
G1 X50.120 Y81.960
G1 X50.730 Y82.330
G1 X52.000 Y83.100
G1 X53.770 Y83.400
G1 X55.800 Y82.660
G1 X60.080 Y76.810
G1 X60.290 Y76.530
G1 X55.900 Y73.130
G1 X53.960 Y71.640
G1 X51.250 Y75.330
G1 X48.880 Y78.560
M5

; --- path 70/70 (402 pts) ---
G0 X40.880 Y245.900
M3 S1000
F350
; warmup: fwd half / back to start, then cut at full power
G1 X42.460 Y247.540
G1 X42.917 Y247.987
G1 X42.460 Y247.540
G1 X40.880 Y245.900
G1 X42.460 Y247.540
G1 X44.160 Y249.200
G1 X45.880 Y250.840
G1 X47.620 Y252.440
G1 X49.400 Y254.020
G1 X51.200 Y255.560
G1 X53.020 Y257.080
G1 X54.860 Y258.580
G1 X56.720 Y260.040
G1 X58.620 Y261.460
G1 X60.540 Y262.860
G1 X62.480 Y264.220
G1 X64.440 Y265.560
G1 X66.420 Y266.860
G1 X68.440 Y268.140
G1 X70.460 Y269.380
G1 X72.500 Y270.580
G1 X74.560 Y271.740
G1 X76.640 Y272.880
G1 X78.740 Y273.980
G1 X80.860 Y275.040
G1 X83.000 Y276.080
G1 X85.160 Y277.080
G1 X87.320 Y278.040
G1 X89.520 Y278.960
G1 X91.720 Y279.860
G1 X92.180 Y280.040
G1 X93.920 Y280.700
G1 X96.160 Y281.520
G1 X98.400 Y282.300
G1 X100.640 Y283.040
G1 X102.900 Y283.760
G1 X105.180 Y284.420
G1 X107.480 Y285.060
G1 X109.760 Y285.660
G1 X112.080 Y286.220
G1 X114.380 Y286.740
G1 X116.720 Y287.220
G1 X119.040 Y287.660
G1 X121.380 Y288.060
G1 X123.720 Y288.440
G1 X126.080 Y288.760
G1 X128.420 Y289.040
G1 X130.780 Y289.300
G1 X133.160 Y289.520
G1 X135.520 Y289.680
G1 X137.880 Y289.820
G1 X140.260 Y289.920
G1 X142.620 Y289.980
G1 X145.000 Y290.000
G1 X147.380 Y289.980
G1 X147.760 Y289.980
G1 X149.740 Y289.920
G1 X152.120 Y289.820
G1 X154.480 Y289.680
G1 X156.840 Y289.520
G1 X159.220 Y289.300
G1 X161.580 Y289.040
G1 X163.920 Y288.760
G1 X166.280 Y288.440
G1 X168.620 Y288.060
G1 X170.960 Y287.660
G1 X173.280 Y287.220
G1 X175.620 Y286.740
G1 X177.920 Y286.220
G1 X180.240 Y285.660
G1 X182.520 Y285.060
G1 X183.240 Y284.860
G1 X184.820 Y284.420
G1 X187.100 Y283.760
G1 X189.360 Y283.040
G1 X191.600 Y282.300
G1 X193.840 Y281.520
G1 X196.080 Y280.700
G1 X198.280 Y279.860
G1 X200.480 Y278.960
G1 X202.680 Y278.040
G1 X204.840 Y277.080
G1 X207.000 Y276.080
G1 X209.140 Y275.040
G1 X211.260 Y273.980
G1 X213.360 Y272.880
G1 X215.440 Y271.740
G1 X217.500 Y270.580
G1 X218.300 Y270.100
G1 X219.540 Y269.380
G1 X221.560 Y268.140
G1 X223.580 Y266.860
G1 X225.560 Y265.560
G1 X227.520 Y264.220
G1 X229.460 Y262.860
G1 X231.380 Y261.460
G1 X233.280 Y260.040
G1 X235.140 Y258.580
G1 X236.980 Y257.080
G1 X238.800 Y255.560
G1 X240.600 Y254.020
G1 X242.380 Y252.440
G1 X244.120 Y250.840
G1 X245.840 Y249.200
G1 X247.540 Y247.540
G1 X249.200 Y245.840
G1 X250.840 Y244.120
G1 X252.440 Y242.380
G1 X254.020 Y240.600
G1 X254.420 Y240.140
G1 X255.560 Y238.800
G1 X257.080 Y236.980
G1 X258.580 Y235.140
G1 X260.040 Y233.280
G1 X261.460 Y231.380
G1 X262.860 Y229.460
G1 X264.220 Y227.520
G1 X265.560 Y225.560
G1 X266.860 Y223.580
G1 X268.140 Y221.560
G1 X269.380 Y219.540
G1 X270.580 Y217.500
G1 X271.740 Y215.440
G1 X272.880 Y213.360
G1 X273.980 Y211.260
G1 X275.040 Y209.140
G1 X276.080 Y207.000
G1 X277.080 Y204.840
G1 X278.040 Y202.680
G1 X278.960 Y200.480
G1 X279.860 Y198.280
G1 X280.700 Y196.080
G1 X281.520 Y193.840
G1 X281.960 Y192.580
G1 X282.300 Y191.600
G1 X283.040 Y189.360
G1 X283.760 Y187.100
G1 X284.420 Y184.820
G1 X285.060 Y182.520
G1 X285.660 Y180.240
G1 X286.220 Y177.920
G1 X286.740 Y175.620
G1 X287.220 Y173.280
G1 X287.660 Y170.960
G1 X288.060 Y168.620
G1 X288.440 Y166.280
G1 X288.540 Y165.440
G1 X288.760 Y163.920
G1 X289.040 Y161.580
G1 X289.300 Y159.220
G1 X289.520 Y156.840
G1 X289.680 Y154.480
G1 X289.820 Y152.120
G1 X289.920 Y149.740
G1 X289.980 Y147.380
G1 X290.000 Y145.000
G1 X289.980 Y142.620
G1 X289.920 Y140.260
G1 X289.820 Y137.880
G1 X289.680 Y135.520
G1 X289.520 Y133.160
G1 X289.300 Y130.780
G1 X289.040 Y128.420
G1 X288.780 Y126.240
G1 X288.440 Y123.720
G1 X288.060 Y121.380
G1 X287.660 Y119.040
G1 X287.220 Y116.720
G1 X286.740 Y114.380
G1 X286.220 Y112.080
G1 X285.660 Y109.760
G1 X285.060 Y107.480
G1 X284.420 Y105.180
G1 X283.760 Y102.900
G1 X283.040 Y100.640
G1 X282.300 Y98.400
G1 X281.520 Y96.160
G1 X280.700 Y93.920
G1 X279.860 Y91.720
G1 X278.960 Y89.520
G1 X278.040 Y87.320
G1 X277.080 Y85.160
G1 X276.080 Y83.000
G1 X275.040 Y80.860
G1 X273.980 Y78.740
G1 X272.880 Y76.640
G1 X271.740 Y74.560
G1 X270.580 Y72.500
G1 X269.380 Y70.460
G1 X268.140 Y68.440
G1 X266.860 Y66.420
G1 X266.480 Y65.840
G1 X265.560 Y64.440
G1 X264.220 Y62.480
G1 X262.860 Y60.540
G1 X261.460 Y58.620
G1 X260.040 Y56.720
G1 X258.580 Y54.860
G1 X257.080 Y53.020
G1 X255.560 Y51.200
G1 X254.020 Y49.400
G1 X252.440 Y47.620
G1 X250.840 Y45.880
G1 X249.200 Y44.160
G1 X247.540 Y42.460
G1 X245.840 Y40.800
G1 X244.120 Y39.160
G1 X242.380 Y37.560
G1 X240.600 Y35.980
G1 X238.800 Y34.440
G1 X236.980 Y32.920
G1 X235.140 Y31.420
G1 X233.280 Y29.960
G1 X231.380 Y28.540
G1 X229.460 Y27.140
G1 X227.520 Y25.780
G1 X225.560 Y24.440
G1 X223.580 Y23.140
G1 X222.800 Y22.640
G1 X221.560 Y21.860
G1 X219.540 Y20.620
G1 X217.500 Y19.420
G1 X215.440 Y18.260
G1 X213.360 Y17.120
G1 X211.260 Y16.020
G1 X209.140 Y14.960
G1 X207.000 Y13.920
G1 X204.840 Y12.920
G1 X203.620 Y12.380
G1 X202.680 Y11.960
G1 X200.480 Y11.040
G1 X198.280 Y10.140
G1 X196.080 Y9.300
G1 X193.840 Y8.480
G1 X191.600 Y7.700
G1 X189.360 Y6.960
G1 X187.100 Y6.240
G1 X184.820 Y5.580
G1 X182.520 Y4.940
G1 X180.240 Y4.340
G1 X177.920 Y3.780
G1 X175.620 Y3.260
G1 X173.280 Y2.780
G1 X170.960 Y2.340
G1 X168.620 Y1.940
G1 X166.280 Y1.560
G1 X163.920 Y1.240
G1 X161.580 Y0.960
G1 X159.220 Y0.700
G1 X156.840 Y0.480
G1 X154.480 Y0.320
G1 X152.120 Y0.180
G1 X149.740 Y0.080
G1 X147.380 Y0.020
G1 X145.060 Y0.000
G1 X142.620 Y0.020
G1 X140.260 Y0.080
G1 X137.880 Y0.180
G1 X135.520 Y0.320
G1 X133.160 Y0.480
G1 X130.780 Y0.700
G1 X128.420 Y0.960
G1 X126.080 Y1.240
G1 X123.720 Y1.560
G1 X121.380 Y1.940
G1 X119.040 Y2.340
G1 X116.720 Y2.780
G1 X114.380 Y3.260
G1 X112.080 Y3.780
G1 X109.760 Y4.340
G1 X107.480 Y4.940
G1 X105.180 Y5.580
G1 X102.900 Y6.240
G1 X100.640 Y6.960
G1 X98.400 Y7.700
G1 X96.160 Y8.480
G1 X93.920 Y9.300
G1 X91.720 Y10.140
G1 X89.520 Y11.040
G1 X87.320 Y11.960
G1 X85.160 Y12.920
G1 X83.920 Y13.500
G1 X83.000 Y13.920
G1 X80.860 Y14.960
G1 X78.740 Y16.020
G1 X76.640 Y17.120
G1 X74.560 Y18.260
G1 X72.500 Y19.420
G1 X70.460 Y20.620
G1 X68.440 Y21.860
G1 X66.420 Y23.140
G1 X64.440 Y24.440
G1 X62.480 Y25.780
G1 X60.540 Y27.140
G1 X58.620 Y28.540
G1 X56.720 Y29.960
G1 X54.860 Y31.420
G1 X53.040 Y32.900
G1 X51.200 Y34.440
G1 X49.400 Y35.980
G1 X47.620 Y37.560
G1 X45.880 Y39.160
G1 X44.160 Y40.800
G1 X42.460 Y42.460
G1 X40.800 Y44.160
G1 X39.160 Y45.880
G1 X37.560 Y47.620
G1 X35.980 Y49.400
G1 X34.440 Y51.200
G1 X32.920 Y53.020
G1 X31.420 Y54.860
G1 X29.960 Y56.720
G1 X28.540 Y58.620
G1 X27.140 Y60.540
G1 X25.780 Y62.480
G1 X24.440 Y64.440
G1 X23.780 Y65.440
G1 X23.140 Y66.420
G1 X21.860 Y68.440
G1 X20.620 Y70.460
G1 X19.420 Y72.500
G1 X18.260 Y74.560
G1 X17.120 Y76.640
G1 X16.020 Y78.740
G1 X14.960 Y80.860
G1 X13.920 Y83.000
G1 X12.920 Y85.160
G1 X11.960 Y87.320
G1 X11.040 Y89.520
G1 X10.140 Y91.720
G1 X9.300 Y93.920
G1 X8.480 Y96.160
G1 X7.700 Y98.400
G1 X6.960 Y100.640
G1 X6.240 Y102.900
G1 X5.580 Y105.180
G1 X4.940 Y107.480
G1 X4.820 Y107.960
G1 X4.340 Y109.760
G1 X3.780 Y112.080
G1 X3.260 Y114.380
G1 X2.780 Y116.720
G1 X2.340 Y119.040
G1 X1.940 Y121.380
G1 X1.560 Y123.720
G1 X1.240 Y126.080
G1 X0.960 Y128.420
G1 X0.700 Y130.780
G1 X0.480 Y133.160
G1 X0.320 Y135.520
G1 X0.180 Y137.880
G1 X0.080 Y140.260
G1 X0.020 Y142.620
G1 X0.000 Y145.000
G1 X0.020 Y147.380
G1 X0.080 Y149.740
G1 X0.180 Y152.120
G1 X0.240 Y153.280
G1 X0.320 Y154.480
G1 X0.480 Y156.840
G1 X0.700 Y159.220
G1 X0.960 Y161.580
G1 X1.240 Y163.920
G1 X1.560 Y166.280
G1 X1.940 Y168.620
G1 X2.340 Y170.960
G1 X2.780 Y173.280
G1 X3.260 Y175.620
G1 X3.780 Y177.920
G1 X4.340 Y180.240
G1 X4.600 Y181.200
G1 X4.940 Y182.520
G1 X5.580 Y184.820
G1 X6.240 Y187.100
G1 X6.960 Y189.360
G1 X7.700 Y191.600
G1 X8.480 Y193.840
G1 X9.300 Y196.080
G1 X10.140 Y198.280
G1 X11.040 Y200.480
G1 X11.960 Y202.680
G1 X12.920 Y204.840
G1 X13.920 Y207.000
G1 X14.960 Y209.140
G1 X16.020 Y211.260
G1 X17.120 Y213.360
G1 X18.260 Y215.440
G1 X18.960 Y216.680
G1 X19.420 Y217.500
G1 X20.620 Y219.540
G1 X21.860 Y221.560
G1 X23.140 Y223.580
G1 X24.440 Y225.560
G1 X25.780 Y227.520
G1 X26.400 Y228.400
G1 X27.140 Y229.460
G1 X28.540 Y231.380
G1 X29.960 Y233.280
G1 X31.420 Y235.140
G1 X32.920 Y236.980
G1 X34.440 Y238.800
G1 X35.980 Y240.600
G1 X37.560 Y242.380
G1 X39.160 Y244.120
G1 X40.880 Y245.900
M5

G0 X0 Y0
